case_id,scenario,step,expected_action,observation_sha256,stage,tool_status,attempts_on_stage,calls_remaining,completed_stages_count
case_001,nominal,0,decompose,b69944b21a8c1b708189999e20b913ca565ca737172db1b2cc6cc985936df9f8,decompose,,0,12,0
case_001,nominal,1,queries,3d25bcabac8fa471feb79783f13686b771b143735b8cccf0820cb02c808929c6,queries,ok,0,11,1
case_001,nominal,2,retrieve,beea96f74592c12fe1fd6e104d0a05391108368a31b1d064a2bf808ebdbe961f,retrieve,ok,0,10,2
case_001,nominal,3,qa,147cba9148049cd1cc1945fbd76a0e193a6d57b8f2378d47bcd710f8cc33a912,qa,ok,0,9,3
case_001,nominal,4,coverage,ab6812a1b684eb0eac94383c27cc5ad594aa9cda3ea5ab71f69bb010e8a9f0c5,coverage,ok,0,8,4
case_001,nominal,5,select,b2a48107192fd72629e34a17687f03b03f372c6e7b110bd537c07b8a671f4af8,select,ok,0,7,5
case_001,nominal,6,verdict,cdaf82b6de0a01a865098aacbf78120cc7c3832c75bafabd25079f3c5af253f7,verdict,ok,0,6,6
case_001,nominal,7,finish,47f1a819360100e2f04f2d462ce4b8e145faec532ff9f136c1078bb5f8859e4e,terminal,ok,0,5,7
case_001,retrieval_timeout_once,0,decompose,b69944b21a8c1b708189999e20b913ca565ca737172db1b2cc6cc985936df9f8,decompose,,0,12,0
case_001,retrieval_timeout_once,1,queries,3d25bcabac8fa471feb79783f13686b771b143735b8cccf0820cb02c808929c6,queries,ok,0,11,1
case_001,retrieval_timeout_once,2,retrieve,beea96f74592c12fe1fd6e104d0a05391108368a31b1d064a2bf808ebdbe961f,retrieve,ok,0,10,2
case_001,retrieval_timeout_once,3,retrieve,f846564ca64d0e9b7caccfaf6d48c6d8f311e4e38eba2c047c85605ce3ffffa9,retrieve,timeout,1,9,2
case_001,retrieval_timeout_once,4,qa,e534e2e612de2c1377da62c73e67afbf034ba565d66f438fbfe43544f261757f,qa,ok,0,8,3
case_001,retrieval_timeout_once,5,coverage,3df5ed2175bde678f70d30fec7842fa35db2ff8551334d98f5f5ac21c04cae3b,coverage,ok,0,7,4
case_001,retrieval_timeout_once,6,select,aebc5148ae429a7b65ab85f22a7a93945cca0cd00993185cbd0ef9e5308dca50,select,ok,0,6,5
case_001,retrieval_timeout_once,7,verdict,d920161ac2b9a01b73a5e747cf85b3a4aae69dfb22517463194c0322b9c46ebb,verdict,ok,0,5,6
case_001,retrieval_timeout_once,8,finish,e33c36d5be0f37003139532e650bada991a2d7ea9153f3cdff99f0e1414171e5,terminal,ok,0,4,7
case_001,retrieval_timeout_persistent,0,decompose,b69944b21a8c1b708189999e20b913ca565ca737172db1b2cc6cc985936df9f8,decompose,,0,12,0
case_001,retrieval_timeout_persistent,1,queries,3d25bcabac8fa471feb79783f13686b771b143735b8cccf0820cb02c808929c6,queries,ok,0,11,1
case_001,retrieval_timeout_persistent,2,retrieve,beea96f74592c12fe1fd6e104d0a05391108368a31b1d064a2bf808ebdbe961f,retrieve,ok,0,10,2
case_001,retrieval_timeout_persistent,3,retrieve,f846564ca64d0e9b7caccfaf6d48c6d8f311e4e38eba2c047c85605ce3ffffa9,retrieve,timeout,1,9,2
case_001,retrieval_timeout_persistent,4,abort,036dfb94c78d5722bd3b83089bcad7224900ce636decea28ee0df649ff923e7c,retrieve,timeout,2,8,2
case_002,nominal,0,decompose,b69944b21a8c1b708189999e20b913ca565ca737172db1b2cc6cc985936df9f8,decompose,,0,12,0
case_002,nominal,1,queries,3d25bcabac8fa471feb79783f13686b771b143735b8cccf0820cb02c808929c6,queries,ok,0,11,1
case_002,nominal,2,retrieve,d303e766583493d9dff273d091b4320ee571533ea20b220485a08d46bd64524b,retrieve,ok,0,10,2
case_002,nominal,3,qa,c7a14451ebbe3dd1f156bc5e6cd69d71d4eeb938ea4bf3a44b6de44d67a5aef2,qa,ok,0,9,3
case_002,nominal,4,coverage,2a9ddff4a2a04bf924a30842c1d1415cd76ea4b09054acea6e6087b58b918a8f,coverage,empty,0,8,4
case_002,nominal,5,select,6c43d0c64c7e36cb287f700ae98c151a60774eeaf24674239671c9dd9ad3cfde,select,ok,0,7,5
case_002,nominal,6,verdict,7ce4bebf5c45c48f30267ff27835ec00e0980de06cd657297c8c501a609f5936,verdict,empty,0,6,6
case_002,nominal,7,verdict,dc4f86fdc4d2150802adcc089696e20ad3b515d449c986789045835e7d14e0a3,verdict,invalid,1,5,6
case_002,nominal,8,abort,268239695ac62d3bb5ca70d6e47619af050e41566ddb729f31eb1a366a91fb35,verdict,invalid,2,4,6
case_002,retrieval_timeout_once,0,decompose,b69944b21a8c1b708189999e20b913ca565ca737172db1b2cc6cc985936df9f8,decompose,,0,12,0
case_002,retrieval_timeout_once,1,queries,3d25bcabac8fa471feb79783f13686b771b143735b8cccf0820cb02c808929c6,queries,ok,0,11,1
case_002,retrieval_timeout_once,2,retrieve,d303e766583493d9dff273d091b4320ee571533ea20b220485a08d46bd64524b,retrieve,ok,0,10,2
case_002,retrieval_timeout_once,3,retrieve,11d75ad8a3dd78bd10712aaab60f9df6f4fc3aa74d65bd9181e1a4ec5aaaeda0,retrieve,timeout,1,9,2
case_002,retrieval_timeout_once,4,qa,a3f510c1cb72e69bce23da4bbb5598cf3b46c4d5edd2e9919d62135ed4e2824d,qa,ok,0,8,3
case_002,retrieval_timeout_once,5,coverage,422774047a148e358124e54828c9d93a6428a70f7de1c8091a66743cea1cffdf,coverage,empty,0,7,4
case_002,retrieval_timeout_once,6,select,a853d8f4fc441fbda9db9b402b65d7c26f09a93d85302fb39ee14e3c741f67d5,select,ok,0,6,5
case_002,retrieval_timeout_once,7,verdict,eb8b93ce097b9f8b734c828964d6612b62b58a908884ee9715b709f279f41af4,verdict,empty,0,5,6
case_002,retrieval_timeout_once,8,verdict,4c8a9d6480bb2987818cc87f9741dc56679d4198fd5a6b5a2dc5c1ad688b809f,verdict,invalid,1,4,6
case_002,retrieval_timeout_once,9,abort,260dd13b2f0f55bb80e5fee6e92ccf7c37895545a4003b2ca6a65bbdfbd2eda3,verdict,invalid,2,3,6
case_002,retrieval_timeout_persistent,0,decompose,b69944b21a8c1b708189999e20b913ca565ca737172db1b2cc6cc985936df9f8,decompose,,0,12,0
case_002,retrieval_timeout_persistent,1,queries,3d25bcabac8fa471feb79783f13686b771b143735b8cccf0820cb02c808929c6,queries,ok,0,11,1
case_002,retrieval_timeout_persistent,2,retrieve,d303e766583493d9dff273d091b4320ee571533ea20b220485a08d46bd64524b,retrieve,ok,0,10,2
case_002,retrieval_timeout_persistent,3,retrieve,11d75ad8a3dd78bd10712aaab60f9df6f4fc3aa74d65bd9181e1a4ec5aaaeda0,retrieve,timeout,1,9,2
case_002,retrieval_timeout_persistent,4,abort,bb97fd2737bd39f117130eeb20203c568bd1f229291d7a190762fe156a043c83,retrieve,timeout,2,8,2
case_003,nominal,0,decompose,b69944b21a8c1b708189999e20b913ca565ca737172db1b2cc6cc985936df9f8,decompose,,0,12,0
case_003,nominal,1,queries,3d25bcabac8fa471feb79783f13686b771b143735b8cccf0820cb02c808929c6,queries,ok,0,11,1
case_003,nominal,2,retrieve,d303e766583493d9dff273d091b4320ee571533ea20b220485a08d46bd64524b,retrieve,ok,0,10,2
case_003,nominal,3,qa,474b080098ec9abc7d1456aaa190ec2b0fd6fcc9c7100b30d3b0e08a0019e688,qa,ok,0,9,3
case_003,nominal,4,coverage,21a84ef13038020a55fee3374166d381cf13a1fb3af4963a5def022d9226739b,coverage,empty,0,8,4
case_003,nominal,5,select,c1dff02d1e2c40c939e88f52702c3592da0797b36ff6365d0c12453820165c10,select,ok,0,7,5
case_003,nominal,6,verdict,174d53afe5fe347dd619a293e272cc1deb6ae15f95482eebd2d911888c90b32c,verdict,empty,0,6,6
case_003,nominal,7,verdict,a8ec2b06b3e52be497e2257639f763ee0956949de466a9b4d53e339ede78eb2b,verdict,invalid,1,5,6
case_003,nominal,8,abort,9dca4992cc5e89084711111dafb74da6f5f76dd7eaed695748d87fa27f25e934,verdict,invalid,2,4,6
case_003,retrieval_timeout_once,0,decompose,b69944b21a8c1b708189999e20b913ca565ca737172db1b2cc6cc985936df9f8,decompose,,0,12,0
case_003,retrieval_timeout_once,1,queries,3d25bcabac8fa471feb79783f13686b771b143735b8cccf0820cb02c808929c6,queries,ok,0,11,1
case_003,retrieval_timeout_once,2,retrieve,d303e766583493d9dff273d091b4320ee571533ea20b220485a08d46bd64524b,retrieve,ok,0,10,2
case_003,retrieval_timeout_once,3,retrieve,11d75ad8a3dd78bd10712aaab60f9df6f4fc3aa74d65bd9181e1a4ec5aaaeda0,retrieve,timeout,1,9,2
case_003,retrieval_timeout_once,4,qa,eb8935a83436751fe0b900770d263baf74a01d4d314c7491778b6410c0feb7b9,qa,ok,0,8,3
case_003,retrieval_timeout_once,5,coverage,aa44106993c11c7c6f8a0d5cd80420e668b55784f99e993d3296ed28f63e0ad2,coverage,empty,0,7,4
case_003,retrieval_timeout_once,6,select,72055a1b611d849674fb8256dfd8c1924cee549c491ce0e769fa9b3b4dc1d0d9,select,ok,0,6,5
case_003,retrieval_timeout_once,7,verdict,15b15336fccabd35ead4979504a44104bd7421f84875cc6701828dfbd489df42,verdict,empty,0,5,6
case_003,retrieval_timeout_once,8,verdict,de59a7c3d30a8114c43a19f3d74066b95464eb566217db77460b9b18c15c2699,verdict,invalid,1,4,6
case_003,retrieval_timeout_once,9,abort,b9d958e60eba497de743216af4866e065c0d9c5f9de55a79cc941633efe3918e,verdict,invalid,2,3,6
case_003,retrieval_timeout_persistent,0,decompose,b69944b21a8c1b708189999e20b913ca565ca737172db1b2cc6cc985936df9f8,decompose,,0,12,0
case_003,retrieval_timeout_persistent,1,queries,3d25bcabac8fa471feb79783f13686b771b143735b8cccf0820cb02c808929c6,queries,ok,0,11,1
case_003,retrieval_timeout_persistent,2,retrieve,d303e766583493d9dff273d091b4320ee571533ea20b220485a08d46bd64524b,retrieve,ok,0,10,2
case_003,retrieval_timeout_persistent,3,retrieve,11d75ad8a3dd78bd10712aaab60f9df6f4fc3aa74d65bd9181e1a4ec5aaaeda0,retrieve,timeout,1,9,2
case_003,retrieval_timeout_persistent,4,abort,bb97fd2737bd39f117130eeb20203c568bd1f229291d7a190762fe156a043c83,retrieve,timeout,2,8,2
case_004,nominal,0,decompose,b69944b21a8c1b708189999e20b913ca565ca737172db1b2cc6cc985936df9f8,decompose,,0,12,0
case_004,nominal,1,queries,3d25bcabac8fa471feb79783f13686b771b143735b8cccf0820cb02c808929c6,queries,ok,0,11,1
case_004,nominal,2,retrieve,afe2fd4ee6de5373d715e48eb11b01ede63ba2a30d73f32059c55114f074703d,retrieve,ok,0,10,2
case_004,nominal,3,qa,5785573b90d7b96c4ded54e3f3defa997ec5fe26e5be9a0fbc2b05aacffaf1db,qa,ok,0,9,3
case_004,nominal,4,coverage,a8042a505f8501466a7fa477a5ed9614e357d8ff60f7d90f0d28b711bb7220c4,coverage,ok,0,8,4
case_004,nominal,5,select,d16a5326550ca92ba99d97bdeef083fef8fc4deef2ad617c9c8b81e5feb76b91,select,ok,0,7,5
case_004,nominal,6,verdict,f2e859f1b29678e12f94e665dca20ec889d863750acf6b06ab0b0308dcf17da9,verdict,ok,0,6,6
case_004,nominal,7,verdict,a3d04ce43261d1ae5eaa31b85e427309fc084e00849b707529d9ff9ece4f1a53,verdict,invalid,1,5,6
case_004,nominal,8,abort,495223999a77c9372dca8a5ce4651f0796ea85c59ff877b7e339b2d862e99618,verdict,invalid,2,4,6
case_004,retrieval_timeout_once,0,decompose,b69944b21a8c1b708189999e20b913ca565ca737172db1b2cc6cc985936df9f8,decompose,,0,12,0
case_004,retrieval_timeout_once,1,queries,3d25bcabac8fa471feb79783f13686b771b143735b8cccf0820cb02c808929c6,queries,ok,0,11,1
case_004,retrieval_timeout_once,2,retrieve,afe2fd4ee6de5373d715e48eb11b01ede63ba2a30d73f32059c55114f074703d,retrieve,ok,0,10,2
case_004,retrieval_timeout_once,3,retrieve,05f59d5f452124196ab625e644ebc07bf2952d7f33a488a0c8acdb86f49a631c,retrieve,timeout,1,9,2
case_004,retrieval_timeout_once,4,qa,87b85b0ebee88043fd6b63a662e3b46c9501745f3455ba4f9633f676406f5ad1,qa,ok,0,8,3
case_004,retrieval_timeout_once,5,coverage,5fdd7de44577b2ac50d774653f8ce3f61c44ae93e72b5d47190de5a558783eda,coverage,ok,0,7,4
case_004,retrieval_timeout_once,6,select,6eb564e760b9e518b78f3f7771eb6adc3c1279c5d19025fd8035762dc1577cda,select,ok,0,6,5
case_004,retrieval_timeout_once,7,verdict,71b8dfb5e7b065179a233cfa29b2e64b4a3c867580cccd6414dcdcc3487a45a0,verdict,ok,0,5,6
case_004,retrieval_timeout_once,8,verdict,2df2ae565de965a535419a66dce17c79fde23be350f52d192d8bff08379b0bfa,verdict,invalid,1,4,6
case_004,retrieval_timeout_once,9,abort,96a9ef155d83fd4c83575abf41a09d61b48bfd79e23010d4d73a017852ec2a41,verdict,invalid,2,3,6
case_004,retrieval_timeout_persistent,0,decompose,b69944b21a8c1b708189999e20b913ca565ca737172db1b2cc6cc985936df9f8,decompose,,0,12,0
case_004,retrieval_timeout_persistent,1,queries,3d25bcabac8fa471feb79783f13686b771b143735b8cccf0820cb02c808929c6,queries,ok,0,11,1
case_004,retrieval_timeout_persistent,2,retrieve,afe2fd4ee6de5373d715e48eb11b01ede63ba2a30d73f32059c55114f074703d,retrieve,ok,0,10,2
case_004,retrieval_timeout_persistent,3,retrieve,05f59d5f452124196ab625e644ebc07bf2952d7f33a488a0c8acdb86f49a631c,retrieve,timeout,1,9,2
case_004,retrieval_timeout_persistent,4,abort,7accd533623f133d41be9d6737a68effee557531be60fa88c52c0144b8071b71,retrieve,timeout,2,8,2
case_005,nominal,0,decompose,b69944b21a8c1b708189999e20b913ca565ca737172db1b2cc6cc985936df9f8,decompose,,0,12,0
case_005,nominal,1,queries,3d25bcabac8fa471feb79783f13686b771b143735b8cccf0820cb02c808929c6,queries,ok,0,11,1
case_005,nominal,2,retrieve,0d25a696b10679a7fcbe3375468ec50ca6d6c7621ad2ad1bf91747cba19284c7,retrieve,ok,0,10,2
case_005,nominal,3,qa,d910b695dbf64bbb7a0b296c2ee31be8b6d3f8c5ced7aa47f49ebd2a19ea0ef7,qa,ok,0,9,3
case_005,nominal,4,coverage,352e6f0109045532231e6410430571eed5161f397db76cf6579df1a4a66ffc70,coverage,empty,0,8,4
case_005,nominal,5,select,24c0fe9175fdd60eac943502d9081555e0a618545f7282474dd0527c689aedd7,select,ok,0,7,5
case_005,nominal,6,verdict,d366f70fa3a993f20f4a324548eb1cfa359bd6c988b6ad751a459f08e87d2b6f,verdict,empty,0,6,6
case_005,nominal,7,verdict,880650d253fe79d7255a0c95ec08cd0cb5356278090440fbe7e5be3c8cb217db,verdict,invalid,1,5,6
case_005,nominal,8,abort,9289efa1d439e677441d0a457a0c4dc47629d9bd079b2bbf62a53175189425e3,verdict,invalid,2,4,6
case_005,retrieval_timeout_once,0,decompose,b69944b21a8c1b708189999e20b913ca565ca737172db1b2cc6cc985936df9f8,decompose,,0,12,0
case_005,retrieval_timeout_once,1,queries,3d25bcabac8fa471feb79783f13686b771b143735b8cccf0820cb02c808929c6,queries,ok,0,11,1
case_005,retrieval_timeout_once,2,retrieve,0d25a696b10679a7fcbe3375468ec50ca6d6c7621ad2ad1bf91747cba19284c7,retrieve,ok,0,10,2
case_005,retrieval_timeout_once,3,retrieve,190755ba8e74e12d932f5483e843b535b9648a20488e17d38942ce58107fff3a,retrieve,timeout,1,9,2
case_005,retrieval_timeout_once,4,qa,aaa00b29dd4fe39e5030753c8582b4e3d10beaf216881fe35aed0ddf52603883,qa,ok,0,8,3
case_005,retrieval_timeout_once,5,coverage,79601e0ac016fcab365bd14a6789a9d0de50cd76d239abc6e5e9798344491e09,coverage,empty,0,7,4
case_005,retrieval_timeout_once,6,select,eb0a879865c9aa345001df8fcd2a050c0a013bfef4a0f06d77fef8736027d199,select,ok,0,6,5
case_005,retrieval_timeout_once,7,verdict,d18ddbf52d13e5d6c9a58376d4d80fefdc55e0b63e5c037454124dc23b00324f,verdict,empty,0,5,6
case_005,retrieval_timeout_once,8,verdict,595e3c03d99eaed8f3600ca5f198af7f2b03d4d88d79c8becbef36c3e91ffe7b,verdict,invalid,1,4,6
case_005,retrieval_timeout_once,9,abort,00e6053cc3a0dacb482b47b1f9b39293ee1fd1fbe6c1cfeb9e77484c799b2640,verdict,invalid,2,3,6
case_005,retrieval_timeout_persistent,0,decompose,b69944b21a8c1b708189999e20b913ca565ca737172db1b2cc6cc985936df9f8,decompose,,0,12,0
case_005,retrieval_timeout_persistent,1,queries,3d25bcabac8fa471feb79783f13686b771b143735b8cccf0820cb02c808929c6,queries,ok,0,11,1
case_005,retrieval_timeout_persistent,2,retrieve,0d25a696b10679a7fcbe3375468ec50ca6d6c7621ad2ad1bf91747cba19284c7,retrieve,ok,0,10,2
case_005,retrieval_timeout_persistent,3,retrieve,190755ba8e74e12d932f5483e843b535b9648a20488e17d38942ce58107fff3a,retrieve,timeout,1,9,2
case_005,retrieval_timeout_persistent,4,abort,064f4e4d0aeb4742b1e45b7043c59ce31ac289a1092af8a5340255f54c6057f2,retrieve,timeout,2,8,2
case_006,nominal,0,decompose,b69944b21a8c1b708189999e20b913ca565ca737172db1b2cc6cc985936df9f8,decompose,,0,12,0
case_006,nominal,1,queries,3d25bcabac8fa471feb79783f13686b771b143735b8cccf0820cb02c808929c6,queries,ok,0,11,1
case_006,nominal,2,retrieve,beea96f74592c12fe1fd6e104d0a05391108368a31b1d064a2bf808ebdbe961f,retrieve,ok,0,10,2
case_006,nominal,3,qa,a20b809970217424265ff8ff7ff3e90f02ef924fb6e97869846b16ebee8388c4,qa,ok,0,9,3
case_006,nominal,4,coverage,4ccce0788d153913af52deec0dd531d4e89322256fa2b6d3b365b9717b2d17a2,coverage,empty,0,8,4
case_006,nominal,5,select,2c89c0682b22db771462436acc401b762082c2d6bfadaedc47074360a29ce079,select,ok,0,7,5
case_006,nominal,6,verdict,0e4db6af9469dbfbdfa0403da9dccb7bee577162ce1d3bed66a8deb80239b6f6,verdict,empty,0,6,6
case_006,nominal,7,finish,c4777e67c0e38fc709e93613375ec4dc1e9bb1f309b7df5fba069c47d2556bc8,terminal,ok,0,5,7
case_006,retrieval_timeout_once,0,decompose,b69944b21a8c1b708189999e20b913ca565ca737172db1b2cc6cc985936df9f8,decompose,,0,12,0
case_006,retrieval_timeout_once,1,queries,3d25bcabac8fa471feb79783f13686b771b143735b8cccf0820cb02c808929c6,queries,ok,0,11,1
case_006,retrieval_timeout_once,2,retrieve,beea96f74592c12fe1fd6e104d0a05391108368a31b1d064a2bf808ebdbe961f,retrieve,ok,0,10,2
case_006,retrieval_timeout_once,3,retrieve,f846564ca64d0e9b7caccfaf6d48c6d8f311e4e38eba2c047c85605ce3ffffa9,retrieve,timeout,1,9,2
case_006,retrieval_timeout_once,4,qa,3d548cc94db175a699878a2c40da662ba1284a37490da60e6f3574f57d749adc,qa,ok,0,8,3
case_006,retrieval_timeout_once,5,coverage,cdf391494643ca7164ab8740c368ac9907a200f1f7e30688d87ab1c25b06f842,coverage,empty,0,7,4
case_006,retrieval_timeout_once,6,select,a2f247a600120378027e28125b114961942818f7e8feaabc91721ee8a927cb1a,select,ok,0,6,5
case_006,retrieval_timeout_once,7,verdict,9b703d7648b608984752e93cdec271fb18c198244abdf7a4da9a63a77be54fab,verdict,empty,0,5,6
case_006,retrieval_timeout_once,8,finish,baddaeafe64903bc49698daabf28a69275ef7f78d023098b293ba8b7d3cbe8a9,terminal,ok,0,4,7
case_006,retrieval_timeout_persistent,0,decompose,b69944b21a8c1b708189999e20b913ca565ca737172db1b2cc6cc985936df9f8,decompose,,0,12,0
case_006,retrieval_timeout_persistent,1,queries,3d25bcabac8fa471feb79783f13686b771b143735b8cccf0820cb02c808929c6,queries,ok,0,11,1
case_006,retrieval_timeout_persistent,2,retrieve,beea96f74592c12fe1fd6e104d0a05391108368a31b1d064a2bf808ebdbe961f,retrieve,ok,0,10,2
case_006,retrieval_timeout_persistent,3,retrieve,f846564ca64d0e9b7caccfaf6d48c6d8f311e4e38eba2c047c85605ce3ffffa9,retrieve,timeout,1,9,2
case_006,retrieval_timeout_persistent,4,abort,036dfb94c78d5722bd3b83089bcad7224900ce636decea28ee0df649ff923e7c,retrieve,timeout,2,8,2
case_007,nominal,0,decompose,b69944b21a8c1b708189999e20b913ca565ca737172db1b2cc6cc985936df9f8,decompose,,0,12,0
case_007,nominal,1,queries,3d25bcabac8fa471feb79783f13686b771b143735b8cccf0820cb02c808929c6,queries,ok,0,11,1
case_007,nominal,2,retrieve,0d25a696b10679a7fcbe3375468ec50ca6d6c7621ad2ad1bf91747cba19284c7,retrieve,ok,0,10,2
case_007,nominal,3,qa,7cc9341aa84a46d10806fc9e431fb2f1df2a26cc0342b15103b9490284a899af,qa,ok,0,9,3
case_007,nominal,4,coverage,ee44707fd66d6fef12d9a449fd56c8f3ce4fd32511f02291e1bc5135e040ba8e,coverage,empty,0,8,4
case_007,nominal,5,select,d3286769fdb9183018cedbf8f8600e90dd0d2e252fac28b807eafc816d7dc1f6,select,ok,0,7,5
case_007,nominal,6,verdict,ca7d01ad05ea42a0eab197f4ec50dc28d74d77e1059a4186690c6c0fce0550d1,verdict,empty,0,6,6
case_007,nominal,7,finish,37a034c04b97769f1e5093f3990eab8960cbd99b97b866c6e5b3362ac5129cb5,terminal,ok,0,5,7
case_007,retrieval_timeout_once,0,decompose,b69944b21a8c1b708189999e20b913ca565ca737172db1b2cc6cc985936df9f8,decompose,,0,12,0
case_007,retrieval_timeout_once,1,queries,3d25bcabac8fa471feb79783f13686b771b143735b8cccf0820cb02c808929c6,queries,ok,0,11,1
case_007,retrieval_timeout_once,2,retrieve,0d25a696b10679a7fcbe3375468ec50ca6d6c7621ad2ad1bf91747cba19284c7,retrieve,ok,0,10,2
case_007,retrieval_timeout_once,3,retrieve,190755ba8e74e12d932f5483e843b535b9648a20488e17d38942ce58107fff3a,retrieve,timeout,1,9,2
case_007,retrieval_timeout_once,4,qa,befb1e40a324c89c52a2c54ac215daa84cd9ec76a7c277c1e8ed3c9e1c37b624,qa,ok,0,8,3
case_007,retrieval_timeout_once,5,coverage,2aad53ca9bfc8d0183bd312f17710c23a4db955659e2f211ebeadc15d15700b8,coverage,empty,0,7,4
case_007,retrieval_timeout_once,6,select,c36361d5315e4304cf34056c2cf24380adb14953c308a46573d9868907ce395a,select,ok,0,6,5
case_007,retrieval_timeout_once,7,verdict,34bb5bca99ae623f2d77dc7163cdaa295bb84a9d4b4b20e08f00b4871dac4503,verdict,empty,0,5,6
case_007,retrieval_timeout_once,8,finish,7429ed5b11b46c7f7dc390fc8a652b05555e6dc243109427db58366344133f71,terminal,ok,0,4,7
case_007,retrieval_timeout_persistent,0,decompose,b69944b21a8c1b708189999e20b913ca565ca737172db1b2cc6cc985936df9f8,decompose,,0,12,0
case_007,retrieval_timeout_persistent,1,queries,3d25bcabac8fa471feb79783f13686b771b143735b8cccf0820cb02c808929c6,queries,ok,0,11,1
case_007,retrieval_timeout_persistent,2,retrieve,0d25a696b10679a7fcbe3375468ec50ca6d6c7621ad2ad1bf91747cba19284c7,retrieve,ok,0,10,2
case_007,retrieval_timeout_persistent,3,retrieve,190755ba8e74e12d932f5483e843b535b9648a20488e17d38942ce58107fff3a,retrieve,timeout,1,9,2
case_007,retrieval_timeout_persistent,4,abort,064f4e4d0aeb4742b1e45b7043c59ce31ac289a1092af8a5340255f54c6057f2,retrieve,timeout,2,8,2
case_008,nominal,0,decompose,b69944b21a8c1b708189999e20b913ca565ca737172db1b2cc6cc985936df9f8,decompose,,0,12,0
case_008,nominal,1,queries,3d25bcabac8fa471feb79783f13686b771b143735b8cccf0820cb02c808929c6,queries,ok,0,11,1
case_008,nominal,2,retrieve,beea96f74592c12fe1fd6e104d0a05391108368a31b1d064a2bf808ebdbe961f,retrieve,ok,0,10,2
case_008,nominal,3,qa,84e0219c4a392cc1830502ea5b5c56833263df02e4bba112bc3bec3710f10bf3,qa,ok,0,9,3
case_008,nominal,4,coverage,48b35211c1aec57c4e5887946d475e0a5377ee37282e96825697d00aff7157ba,coverage,empty,0,8,4
case_008,nominal,5,select,8c35b406882dd1248652fe4b01ee381fb7e4081cc9a153f76bd442d2d1f668ce,select,ok,0,7,5
case_008,nominal,6,verdict,3b0cf6b65cbe98a7b28110bffdb56419f4936b7a92e796ad490dff4108303094,verdict,empty,0,6,6
case_008,nominal,7,finish,98fa8b62dee0180599bedaf07f3aae4935b629e04fe9f87a8b542411232321f0,terminal,ok,0,5,7
case_008,retrieval_timeout_once,0,decompose,b69944b21a8c1b708189999e20b913ca565ca737172db1b2cc6cc985936df9f8,decompose,,0,12,0
case_008,retrieval_timeout_once,1,queries,3d25bcabac8fa471feb79783f13686b771b143735b8cccf0820cb02c808929c6,queries,ok,0,11,1
case_008,retrieval_timeout_once,2,retrieve,beea96f74592c12fe1fd6e104d0a05391108368a31b1d064a2bf808ebdbe961f,retrieve,ok,0,10,2
case_008,retrieval_timeout_once,3,retrieve,f846564ca64d0e9b7caccfaf6d48c6d8f311e4e38eba2c047c85605ce3ffffa9,retrieve,timeout,1,9,2
case_008,retrieval_timeout_once,4,qa,35f39c1ba2e826f9087b183634697cd760cb71d919aae3e909f94213c991fefa,qa,ok,0,8,3
case_008,retrieval_timeout_once,5,coverage,4e6bdca7063f6b1b3e15965244e34f0e429ae5299844b9de34d1f57294b395d0,coverage,empty,0,7,4
case_008,retrieval_timeout_once,6,select,229f7ff3a597ee3dec623c6022200e2a8aa5474dc84faaa981790137cf90cf35,select,ok,0,6,5
case_008,retrieval_timeout_once,7,verdict,79f085029ebb68855759b66b87cc91db03eb561382a754a67b72f8908785b1e1,verdict,empty,0,5,6
case_008,retrieval_timeout_once,8,finish,153262aa9e050b7e7f87713e91ba0c117751c67893941be89206a568ce0403aa,terminal,ok,0,4,7
case_008,retrieval_timeout_persistent,0,decompose,b69944b21a8c1b708189999e20b913ca565ca737172db1b2cc6cc985936df9f8,decompose,,0,12,0
case_008,retrieval_timeout_persistent,1,queries,3d25bcabac8fa471feb79783f13686b771b143735b8cccf0820cb02c808929c6,queries,ok,0,11,1
case_008,retrieval_timeout_persistent,2,retrieve,beea96f74592c12fe1fd6e104d0a05391108368a31b1d064a2bf808ebdbe961f,retrieve,ok,0,10,2
case_008,retrieval_timeout_persistent,3,retrieve,f846564ca64d0e9b7caccfaf6d48c6d8f311e4e38eba2c047c85605ce3ffffa9,retrieve,timeout,1,9,2
case_008,retrieval_timeout_persistent,4,abort,036dfb94c78d5722bd3b83089bcad7224900ce636decea28ee0df649ff923e7c,retrieve,timeout,2,8,2
case_009,nominal,0,decompose,b69944b21a8c1b708189999e20b913ca565ca737172db1b2cc6cc985936df9f8,decompose,,0,12,0
case_009,nominal,1,queries,1a398756b87e9664afcae612bfb7beeaae02391647b0179f26f392ed59c2f9bb,queries,ok,0,11,1
case_009,nominal,2,retrieve,da6d2b54830af347b7a3d4ff03c7f2c891731aab9349652894893bd0cca1b4b6,retrieve,ok,0,10,2
case_009,nominal,3,qa,ba326e9059fed1367ee11c8dc64f902fca6404ba5d5c2482a543d86f0256c7f6,qa,ok,0,9,3
case_009,nominal,4,coverage,e45abcc2b3c9aa0c4c149507a71719a0872d3ec72cb0bff5b2d8347ca9ecdef9,coverage,ok,0,8,4
case_009,nominal,5,select,d187622a047f1fc60c5bc5c9ac0973663da925c2d24a157b58c206a211b4c180,select,ok,0,7,5
case_009,nominal,6,verdict,686cb09abd8a210602e0ca41b9a50c6723bcaafc67c5ae487d75e7dbe76eb786,verdict,ok,0,6,6
case_009,nominal,7,verdict,15d17410d674b94e4af7dbf31dacd4d7083396f95f9d10ca4d057c8e0b6fe29a,verdict,invalid,1,5,6
case_009,nominal,8,abort,68e7ac9557149b9ae371c1e6dbfab73fedcf314e04cd3759257e684df8cd03bd,verdict,invalid,2,4,6
case_009,retrieval_timeout_once,0,decompose,b69944b21a8c1b708189999e20b913ca565ca737172db1b2cc6cc985936df9f8,decompose,,0,12,0
case_009,retrieval_timeout_once,1,queries,1a398756b87e9664afcae612bfb7beeaae02391647b0179f26f392ed59c2f9bb,queries,ok,0,11,1
case_009,retrieval_timeout_once,2,retrieve,da6d2b54830af347b7a3d4ff03c7f2c891731aab9349652894893bd0cca1b4b6,retrieve,ok,0,10,2
case_009,retrieval_timeout_once,3,retrieve,067cbbbc2a6c952670537c2d8c7373b0fd298fa5a1add388f3f25d2f5b93f1c6,retrieve,timeout,1,9,2
case_009,retrieval_timeout_once,4,qa,61dd3f25fd253861c5b82d0ec2b2e89ffec8c978ebcaa004048f306e6c5fc2ae,qa,ok,0,8,3
case_009,retrieval_timeout_once,5,coverage,355bf3e88a3c596dc3e237a405c578706a7d2c3c28fd0c53bc14d8a4caf776bb,coverage,ok,0,7,4
case_009,retrieval_timeout_once,6,select,133e35616b28abb2b4048596b761cefd586212319fc9d4c4573a21fdc23d6a2e,select,ok,0,6,5
case_009,retrieval_timeout_once,7,verdict,28e0b8e11e281e7a647048874f9dc7b7d6b9e67163a6fe5ea6fe65be81878ae4,verdict,ok,0,5,6
case_009,retrieval_timeout_once,8,verdict,3b8d377e0529284ae15d1bd36ecabb49f9821c400086d21281c7d1e6431a3944,verdict,invalid,1,4,6
case_009,retrieval_timeout_once,9,abort,93414bafa307ef80aa946da81397ccb2d6cc3307d550e8b4bd08caf0bd3a3230,verdict,invalid,2,3,6
case_009,retrieval_timeout_persistent,0,decompose,b69944b21a8c1b708189999e20b913ca565ca737172db1b2cc6cc985936df9f8,decompose,,0,12,0
case_009,retrieval_timeout_persistent,1,queries,1a398756b87e9664afcae612bfb7beeaae02391647b0179f26f392ed59c2f9bb,queries,ok,0,11,1
case_009,retrieval_timeout_persistent,2,retrieve,da6d2b54830af347b7a3d4ff03c7f2c891731aab9349652894893bd0cca1b4b6,retrieve,ok,0,10,2
case_009,retrieval_timeout_persistent,3,retrieve,067cbbbc2a6c952670537c2d8c7373b0fd298fa5a1add388f3f25d2f5b93f1c6,retrieve,timeout,1,9,2
case_009,retrieval_timeout_persistent,4,abort,8b56b9f851fe360be9a7efab3ec7332dcac94f8825e53506a2a6169f1c462cc7,retrieve,timeout,2,8,2
case_010,nominal,0,decompose,b69944b21a8c1b708189999e20b913ca565ca737172db1b2cc6cc985936df9f8,decompose,,0,12,0
case_010,nominal,1,queries,3d25bcabac8fa471feb79783f13686b771b143735b8cccf0820cb02c808929c6,queries,ok,0,11,1
case_010,nominal,2,retrieve,0d25a696b10679a7fcbe3375468ec50ca6d6c7621ad2ad1bf91747cba19284c7,retrieve,ok,0,10,2
case_010,nominal,3,qa,c5d09402752a4c7f91f86407a5d4b470da30d1a73c394ebda1069013ffd38c0f,qa,ok,0,9,3
case_010,nominal,4,coverage,04f6a8d9d54e5cb2306c054f62ab581353938db273d491b66886d0395098c558,coverage,empty,0,8,4
case_010,nominal,5,select,fcdbae23ba226aed89690dee2a4bce40aa37d155846ae8c52854e741ec1b0086,select,ok,0,7,5
case_010,nominal,6,verdict,0984db61c2ef6d45be42edb2fe306dbdc232aa142c724c30416adfd860a5fd62,verdict,empty,0,6,6
case_010,nominal,7,verdict,daca60bebb8ab4e388eb2fc13fa80b34aeea997d4877005d502cfec20546cfd1,verdict,invalid,1,5,6
case_010,nominal,8,abort,70e1cd45e97b07f5aea9b94d91d24b11df154f530e66dff3b89a7979dd0e180f,verdict,invalid,2,4,6
case_010,retrieval_timeout_once,0,decompose,b69944b21a8c1b708189999e20b913ca565ca737172db1b2cc6cc985936df9f8,decompose,,0,12,0
case_010,retrieval_timeout_once,1,queries,3d25bcabac8fa471feb79783f13686b771b143735b8cccf0820cb02c808929c6,queries,ok,0,11,1
case_010,retrieval_timeout_once,2,retrieve,0d25a696b10679a7fcbe3375468ec50ca6d6c7621ad2ad1bf91747cba19284c7,retrieve,ok,0,10,2
case_010,retrieval_timeout_once,3,retrieve,190755ba8e74e12d932f5483e843b535b9648a20488e17d38942ce58107fff3a,retrieve,timeout,1,9,2
case_010,retrieval_timeout_once,4,qa,44629891329913a637922bea335152b5580e5c536dfac207f5e56db8d874b54a,qa,ok,0,8,3
case_010,retrieval_timeout_once,5,coverage,84e04be0dfb537618782bed5b5c53851df66caa4cdc0e705e80c6c77173e9ac2,coverage,empty,0,7,4
case_010,retrieval_timeout_once,6,select,c6f1ba5c3b8b40c35ac2ca54387c186d8a9fbffe29a883a69f5b678d99623d7f,select,ok,0,6,5
case_010,retrieval_timeout_once,7,verdict,bd302bebf6826d2029cedae25ebe99446d8d948b0dae75c26b5adb0b7805f06a,verdict,empty,0,5,6
case_010,retrieval_timeout_once,8,verdict,c39d617156d0eaf01b67bc64f2be0334fbb205b564ce2d1755a1e62b11898a80,verdict,invalid,1,4,6
case_010,retrieval_timeout_once,9,abort,98a75ae0679567aacd21e92db689e3c5f053dac4e663f310f16371cb0e1bb047,verdict,invalid,2,3,6
case_010,retrieval_timeout_persistent,0,decompose,b69944b21a8c1b708189999e20b913ca565ca737172db1b2cc6cc985936df9f8,decompose,,0,12,0
case_010,retrieval_timeout_persistent,1,queries,3d25bcabac8fa471feb79783f13686b771b143735b8cccf0820cb02c808929c6,queries,ok,0,11,1
case_010,retrieval_timeout_persistent,2,retrieve,0d25a696b10679a7fcbe3375468ec50ca6d6c7621ad2ad1bf91747cba19284c7,retrieve,ok,0,10,2
case_010,retrieval_timeout_persistent,3,retrieve,190755ba8e74e12d932f5483e843b535b9648a20488e17d38942ce58107fff3a,retrieve,timeout,1,9,2
case_010,retrieval_timeout_persistent,4,abort,064f4e4d0aeb4742b1e45b7043c59ce31ac289a1092af8a5340255f54c6057f2,retrieve,timeout,2,8,2
case_011,nominal,0,decompose,b69944b21a8c1b708189999e20b913ca565ca737172db1b2cc6cc985936df9f8,decompose,,0,12,0
case_011,nominal,1,queries,3d25bcabac8fa471feb79783f13686b771b143735b8cccf0820cb02c808929c6,queries,ok,0,11,1
case_011,nominal,2,retrieve,0d25a696b10679a7fcbe3375468ec50ca6d6c7621ad2ad1bf91747cba19284c7,retrieve,ok,0,10,2
case_011,nominal,3,qa,3de73baebec3d8845c7270cb0d55fc0fa9d5c74d1bf95b00d1b37170b6460ee2,qa,ok,0,9,3
case_011,nominal,4,coverage,9246b81c1d9bc32b12bc3bc6ce29115c3d9f37a230efed8c29c9e82ba52fbfb4,coverage,ok,0,8,4
case_011,nominal,5,select,6d386aa8ac57c9989b965b0ed5c401fd3ef37a18f5065977b1c7cb16639eb8a7,select,ok,0,7,5
case_011,nominal,6,verdict,6c58db027818e3445dc167804cf336c1308be30207ffa1dea7bbd636e13b9a74,verdict,ok,0,6,6
case_011,nominal,7,verdict,c661cf75fad42570bb4e9c13fa3e104167036e6d363b8e2bee9dc6b820a88222,verdict,invalid,1,5,6
case_011,nominal,8,abort,76095f357e2f08e1c0088313b0aba6affd9797de727f910aa3a680181b61d8a5,verdict,invalid,2,4,6
case_011,retrieval_timeout_once,0,decompose,b69944b21a8c1b708189999e20b913ca565ca737172db1b2cc6cc985936df9f8,decompose,,0,12,0
case_011,retrieval_timeout_once,1,queries,3d25bcabac8fa471feb79783f13686b771b143735b8cccf0820cb02c808929c6,queries,ok,0,11,1
case_011,retrieval_timeout_once,2,retrieve,0d25a696b10679a7fcbe3375468ec50ca6d6c7621ad2ad1bf91747cba19284c7,retrieve,ok,0,10,2
case_011,retrieval_timeout_once,3,retrieve,190755ba8e74e12d932f5483e843b535b9648a20488e17d38942ce58107fff3a,retrieve,timeout,1,9,2
case_011,retrieval_timeout_once,4,qa,156981de59237b1c67d9d223387a15821fb3ee79a369d5873c1b1a40904f17ca,qa,ok,0,8,3
case_011,retrieval_timeout_once,5,coverage,5bd7f572556741e0098e871ea1419f32981cfbae9ec5d6b54ed44151c5be25f8,coverage,ok,0,7,4
case_011,retrieval_timeout_once,6,select,df25aa143ada12d7a17f4d70555158dcfdaed3be02b5d29eafe76cdc0f947ab3,select,ok,0,6,5
case_011,retrieval_timeout_once,7,verdict,aac9cf54af7014d4cccf9db1c559d966bca8fad0f6669e4cac642a60a36d7f6d,verdict,ok,0,5,6
case_011,retrieval_timeout_once,8,verdict,7640db96d0f4b41b48485a2ec98510d102e2a8dab096067f9a9ad378775cef7c,verdict,invalid,1,4,6
case_011,retrieval_timeout_once,9,abort,00666ce55def5884d714f990fb527c505c2af2ad6478bd285024b012f62539f3,verdict,invalid,2,3,6
case_011,retrieval_timeout_persistent,0,decompose,b69944b21a8c1b708189999e20b913ca565ca737172db1b2cc6cc985936df9f8,decompose,,0,12,0
case_011,retrieval_timeout_persistent,1,queries,3d25bcabac8fa471feb79783f13686b771b143735b8cccf0820cb02c808929c6,queries,ok,0,11,1
case_011,retrieval_timeout_persistent,2,retrieve,0d25a696b10679a7fcbe3375468ec50ca6d6c7621ad2ad1bf91747cba19284c7,retrieve,ok,0,10,2
case_011,retrieval_timeout_persistent,3,retrieve,190755ba8e74e12d932f5483e843b535b9648a20488e17d38942ce58107fff3a,retrieve,timeout,1,9,2
case_011,retrieval_timeout_persistent,4,abort,064f4e4d0aeb4742b1e45b7043c59ce31ac289a1092af8a5340255f54c6057f2,retrieve,timeout,2,8,2
case_012,nominal,0,decompose,b69944b21a8c1b708189999e20b913ca565ca737172db1b2cc6cc985936df9f8,decompose,,0,12,0
case_012,nominal,1,queries,3d25bcabac8fa471feb79783f13686b771b143735b8cccf0820cb02c808929c6,queries,ok,0,11,1
case_012,nominal,2,retrieve,0d25a696b10679a7fcbe3375468ec50ca6d6c7621ad2ad1bf91747cba19284c7,retrieve,ok,0,10,2
case_012,nominal,3,qa,2888703ad1c78cb9ee67854cfd02b44f9f9f9edacf1ced4252ddcf5065c6bef1,qa,ok,0,9,3
case_012,nominal,4,coverage,fecb54364dfff23f3d9ac02cee8a1c440558b50bc298dfe4af698d5cfe63b4ee,coverage,empty,0,8,4
case_012,nominal,5,select,a3a0e38f73a33d4e15740d9db3d5bcf91119e6c6c2e41b8532c1bc1ef209156f,select,ok,0,7,5
case_012,nominal,6,verdict,ed5d752f960a55c9cda3fdabed99528debfc23efb13fb7c9823fcb6a367a0477,verdict,empty,0,6,6
case_012,nominal,7,finish,97a0e824f5f7a721765e06614a71f87ea7ccd493b79f94046aacfd799e3908a2,terminal,ok,0,5,7
case_012,retrieval_timeout_once,0,decompose,b69944b21a8c1b708189999e20b913ca565ca737172db1b2cc6cc985936df9f8,decompose,,0,12,0
case_012,retrieval_timeout_once,1,queries,3d25bcabac8fa471feb79783f13686b771b143735b8cccf0820cb02c808929c6,queries,ok,0,11,1
case_012,retrieval_timeout_once,2,retrieve,0d25a696b10679a7fcbe3375468ec50ca6d6c7621ad2ad1bf91747cba19284c7,retrieve,ok,0,10,2
case_012,retrieval_timeout_once,3,retrieve,190755ba8e74e12d932f5483e843b535b9648a20488e17d38942ce58107fff3a,retrieve,timeout,1,9,2
case_012,retrieval_timeout_once,4,qa,b57315a408a8d9a7bb12affa8860cb7257e346e48d9d8930c284110d66c51111,qa,ok,0,8,3
case_012,retrieval_timeout_once,5,coverage,1bd2a1b45f34d35ec5f6a40b9c29e7cf38b4e80ed3c4670755829c9a14a9dacc,coverage,empty,0,7,4
case_012,retrieval_timeout_once,6,select,568cda6529a1626fc79d1a9653d39356de1f738bbfca7157ff46d7208e5c1dc2,select,ok,0,6,5
case_012,retrieval_timeout_once,7,verdict,c613be1aecdee6cfb71813b917d9965d02179606cd9edb4414a57968e652f29e,verdict,empty,0,5,6
case_012,retrieval_timeout_once,8,finish,4e34173af7ed4e98e21739d388b7ed1a1eef3e5641f0aa6e8b5a6b412484647f,terminal,ok,0,4,7
case_012,retrieval_timeout_persistent,0,decompose,b69944b21a8c1b708189999e20b913ca565ca737172db1b2cc6cc985936df9f8,decompose,,0,12,0
case_012,retrieval_timeout_persistent,1,queries,3d25bcabac8fa471feb79783f13686b771b143735b8cccf0820cb02c808929c6,queries,ok,0,11,1
case_012,retrieval_timeout_persistent,2,retrieve,0d25a696b10679a7fcbe3375468ec50ca6d6c7621ad2ad1bf91747cba19284c7,retrieve,ok,0,10,2
case_012,retrieval_timeout_persistent,3,retrieve,190755ba8e74e12d932f5483e843b535b9648a20488e17d38942ce58107fff3a,retrieve,timeout,1,9,2
case_012,retrieval_timeout_persistent,4,abort,064f4e4d0aeb4742b1e45b7043c59ce31ac289a1092af8a5340255f54c6057f2,retrieve,timeout,2,8,2
case_013,nominal,0,decompose,b69944b21a8c1b708189999e20b913ca565ca737172db1b2cc6cc985936df9f8,decompose,,0,12,0
case_013,nominal,1,queries,3d25bcabac8fa471feb79783f13686b771b143735b8cccf0820cb02c808929c6,queries,ok,0,11,1
case_013,nominal,2,retrieve,afe2fd4ee6de5373d715e48eb11b01ede63ba2a30d73f32059c55114f074703d,retrieve,ok,0,10,2
case_013,nominal,3,qa,6ddc04aa37ba9dfd5219ddd144527d5b33669198cd069b0dcd00911297fb9a9a,qa,ok,0,9,3
case_013,nominal,4,coverage,71d80968c6e5589516d6eb54e4599d3206279c40d256336d97ba41c3f7c2816b,coverage,empty,0,8,4
case_013,nominal,5,select,5f4271bfbe5ac921919527ace157889280b11a64702868f1cb43aa449d410d13,select,ok,0,7,5
case_013,nominal,6,verdict,e5918fb469d9e48539519a2cf92e7d3a8fa2433ce0b968909f3253ec2a87da1d,verdict,empty,0,6,6
case_013,nominal,7,finish,ed7aaff2aac6ac85bccfcc01924e39b3f4225d213d3ef5a950f126ef330e758f,terminal,ok,0,5,7
case_013,retrieval_timeout_once,0,decompose,b69944b21a8c1b708189999e20b913ca565ca737172db1b2cc6cc985936df9f8,decompose,,0,12,0
case_013,retrieval_timeout_once,1,queries,3d25bcabac8fa471feb79783f13686b771b143735b8cccf0820cb02c808929c6,queries,ok,0,11,1
case_013,retrieval_timeout_once,2,retrieve,afe2fd4ee6de5373d715e48eb11b01ede63ba2a30d73f32059c55114f074703d,retrieve,ok,0,10,2
case_013,retrieval_timeout_once,3,retrieve,05f59d5f452124196ab625e644ebc07bf2952d7f33a488a0c8acdb86f49a631c,retrieve,timeout,1,9,2
case_013,retrieval_timeout_once,4,qa,d228f9350c7116086fb35baa570bec3d6cd31db1781ebc404d1b0b02e34c5122,qa,ok,0,8,3
case_013,retrieval_timeout_once,5,coverage,ca2ef70f1d704424cc57de7e476924526c6a5d4bd2c009d1d528c56300e41add,coverage,empty,0,7,4
case_013,retrieval_timeout_once,6,select,8cc2ac7b4c5db2644b66cf2785e7e33ed20fe755badf883eb804604eff5959dd,select,ok,0,6,5
case_013,retrieval_timeout_once,7,verdict,a59226f04df4dc4db5c9ecc645e7f255ca8ef8b969f011884540f32e682a54e5,verdict,empty,0,5,6
case_013,retrieval_timeout_once,8,finish,965308cc23829cf271f788fd083e9e5de82a7d8d615ae8bf2e52b3caf4b0d342,terminal,ok,0,4,7
case_013,retrieval_timeout_persistent,0,decompose,b69944b21a8c1b708189999e20b913ca565ca737172db1b2cc6cc985936df9f8,decompose,,0,12,0
case_013,retrieval_timeout_persistent,1,queries,3d25bcabac8fa471feb79783f13686b771b143735b8cccf0820cb02c808929c6,queries,ok,0,11,1
case_013,retrieval_timeout_persistent,2,retrieve,afe2fd4ee6de5373d715e48eb11b01ede63ba2a30d73f32059c55114f074703d,retrieve,ok,0,10,2
case_013,retrieval_timeout_persistent,3,retrieve,05f59d5f452124196ab625e644ebc07bf2952d7f33a488a0c8acdb86f49a631c,retrieve,timeout,1,9,2
case_013,retrieval_timeout_persistent,4,abort,7accd533623f133d41be9d6737a68effee557531be60fa88c52c0144b8071b71,retrieve,timeout,2,8,2
case_014,nominal,0,decompose,b69944b21a8c1b708189999e20b913ca565ca737172db1b2cc6cc985936df9f8,decompose,,0,12,0
case_014,nominal,1,queries,3d25bcabac8fa471feb79783f13686b771b143735b8cccf0820cb02c808929c6,queries,ok,0,11,1
case_014,nominal,2,retrieve,beea96f74592c12fe1fd6e104d0a05391108368a31b1d064a2bf808ebdbe961f,retrieve,ok,0,10,2
case_014,nominal,3,qa,e5388f030eed1011fd199d67e309533036f76d7146c3e5b898e5566af0895bd2,qa,ok,0,9,3
case_014,nominal,4,coverage,21b4223342e19048891b04a9ecdeb00f9286c11351bbe5d6c6c441bfe5d288ab,coverage,ok,0,8,4
case_014,nominal,5,select,598b3db075e7e4e8597929e0adbe1ce6f5ab36ca85b720a2e0a4941eb34f8a81,select,ok,0,7,5
case_014,nominal,6,verdict,77a401860d73107ad5b003d6f8df7250139926ebe943c70e1f77e057725ab8b6,verdict,ok,0,6,6
case_014,nominal,7,finish,59645d2a13edf3ae4d0a1aa2b04fa66f8942fc22b0e90a679f1813c13a753c81,terminal,ok,0,5,7
case_014,retrieval_timeout_once,0,decompose,b69944b21a8c1b708189999e20b913ca565ca737172db1b2cc6cc985936df9f8,decompose,,0,12,0
case_014,retrieval_timeout_once,1,queries,3d25bcabac8fa471feb79783f13686b771b143735b8cccf0820cb02c808929c6,queries,ok,0,11,1
case_014,retrieval_timeout_once,2,retrieve,beea96f74592c12fe1fd6e104d0a05391108368a31b1d064a2bf808ebdbe961f,retrieve,ok,0,10,2
case_014,retrieval_timeout_once,3,retrieve,f846564ca64d0e9b7caccfaf6d48c6d8f311e4e38eba2c047c85605ce3ffffa9,retrieve,timeout,1,9,2
case_014,retrieval_timeout_once,4,qa,711e9cc69d6d19d69e0b3b69875deb9548346cd682d2ca9b91488cc8d5359276,qa,ok,0,8,3
case_014,retrieval_timeout_once,5,coverage,30e27c3920c7d9f6eaf1948b281e87a69eb5d12ecd61bfbc6b105ca59b7499d8,coverage,ok,0,7,4
case_014,retrieval_timeout_once,6,select,a6a8a2d3163b53d54a0acf290dc6dee0d506846b62ff79b2c448b065ab538a8f,select,ok,0,6,5
case_014,retrieval_timeout_once,7,verdict,f60a768e532273cb33873c4d1f9167b0934ab2ddcbfe8dd2ca65d365232fd37d,verdict,ok,0,5,6
case_014,retrieval_timeout_once,8,finish,019c5a8a1dcfa9fce90ae5b2781b2d1fa0a92bf4fdd8a2e375718c49dc52964c,terminal,ok,0,4,7
case_014,retrieval_timeout_persistent,0,decompose,b69944b21a8c1b708189999e20b913ca565ca737172db1b2cc6cc985936df9f8,decompose,,0,12,0
case_014,retrieval_timeout_persistent,1,queries,3d25bcabac8fa471feb79783f13686b771b143735b8cccf0820cb02c808929c6,queries,ok,0,11,1
case_014,retrieval_timeout_persistent,2,retrieve,beea96f74592c12fe1fd6e104d0a05391108368a31b1d064a2bf808ebdbe961f,retrieve,ok,0,10,2
case_014,retrieval_timeout_persistent,3,retrieve,f846564ca64d0e9b7caccfaf6d48c6d8f311e4e38eba2c047c85605ce3ffffa9,retrieve,timeout,1,9,2
case_014,retrieval_timeout_persistent,4,abort,036dfb94c78d5722bd3b83089bcad7224900ce636decea28ee0df649ff923e7c,retrieve,timeout,2,8,2
case_015,nominal,0,decompose,b69944b21a8c1b708189999e20b913ca565ca737172db1b2cc6cc985936df9f8,decompose,,0,12,0
case_015,nominal,1,queries,4e928a4b7b95ba24dce4d2d8980272053cad1d4a0048343520ee39d6ef79f868,queries,ok,0,11,1
case_015,nominal,2,retrieve,d1abc4749109f84fd307a19bc8446a0c839139ea6cdd2a32ff2c8d53f5cd8cc5,retrieve,ok,0,10,2
case_015,nominal,3,qa,fd8be0956078508528a1da7cc737775b255b55ca6724c75c6d8aac681a88f94e,qa,ok,0,9,3
case_015,nominal,4,coverage,7760d0bbc417fed803d082b67564c1ecf62a37ab0b014e098baea78141e29a02,coverage,empty,0,8,4
case_015,nominal,5,select,44f5812ad22e6d7f543ccbf031d8e307ec4a97a9bc586ae5b1dd8a6091ba65ec,select,ok,0,7,5
case_015,nominal,6,verdict,504f43e22d1fbf084ff094d85195f8ac877f8b43857596ab7299b67cb2ab8776,verdict,empty,0,6,6
case_015,nominal,7,verdict,6f9b7606644743db60b3b774cbaad969c7800799161f960d6279f147eb9e46fc,verdict,invalid,1,5,6
case_015,nominal,8,abort,7a46c827caaf57d479a597bea0b982acb91e80be5a258def9c0ba0f3efbf8786,verdict,invalid,2,4,6
case_015,retrieval_timeout_once,0,decompose,b69944b21a8c1b708189999e20b913ca565ca737172db1b2cc6cc985936df9f8,decompose,,0,12,0
case_015,retrieval_timeout_once,1,queries,4e928a4b7b95ba24dce4d2d8980272053cad1d4a0048343520ee39d6ef79f868,queries,ok,0,11,1
case_015,retrieval_timeout_once,2,retrieve,d1abc4749109f84fd307a19bc8446a0c839139ea6cdd2a32ff2c8d53f5cd8cc5,retrieve,ok,0,10,2
case_015,retrieval_timeout_once,3,retrieve,f16a92e7fb89853ae0a2d99febc9fa98e25efa22e68bef27ca141a6b564427ec,retrieve,timeout,1,9,2
case_015,retrieval_timeout_once,4,qa,725c43ce1a67ad71cf75e3b6ea904cff5aeb8391c601b5c79860e048c3955f14,qa,ok,0,8,3
case_015,retrieval_timeout_once,5,coverage,1595fdc1ea5ae18f9a9a93bed6dc008d4ac743f3956702ca986e0918d433c8a0,coverage,empty,0,7,4
case_015,retrieval_timeout_once,6,select,441fcacc6644700fef5a6262ebc5ced42d9664ffb9c02812d98f057f54be14c2,select,ok,0,6,5
case_015,retrieval_timeout_once,7,verdict,27c252c7cccbd634fd35837a37719eeeecb324a0ea809bb0fb2ec9a3c5281467,verdict,empty,0,5,6
case_015,retrieval_timeout_once,8,verdict,b11509e424a7b3d40182719080292802581659d2864aec3481fbab6a35f7ce9e,verdict,invalid,1,4,6
case_015,retrieval_timeout_once,9,abort,6236ad2cf95d4cbaefbbfe7a28ea2ba7552f8477722c74de6bea9071d947c898,verdict,invalid,2,3,6
case_015,retrieval_timeout_persistent,0,decompose,b69944b21a8c1b708189999e20b913ca565ca737172db1b2cc6cc985936df9f8,decompose,,0,12,0
case_015,retrieval_timeout_persistent,1,queries,4e928a4b7b95ba24dce4d2d8980272053cad1d4a0048343520ee39d6ef79f868,queries,ok,0,11,1
case_015,retrieval_timeout_persistent,2,retrieve,d1abc4749109f84fd307a19bc8446a0c839139ea6cdd2a32ff2c8d53f5cd8cc5,retrieve,ok,0,10,2
case_015,retrieval_timeout_persistent,3,retrieve,f16a92e7fb89853ae0a2d99febc9fa98e25efa22e68bef27ca141a6b564427ec,retrieve,timeout,1,9,2
case_015,retrieval_timeout_persistent,4,abort,2d89ebd4efb2e632891bdfe07288ae29bc9f4cd5a2af771cc25737d2043df507,retrieve,timeout,2,8,2
case_016,nominal,0,decompose,b69944b21a8c1b708189999e20b913ca565ca737172db1b2cc6cc985936df9f8,decompose,,0,12,0
case_016,nominal,1,queries,3d25bcabac8fa471feb79783f13686b771b143735b8cccf0820cb02c808929c6,queries,ok,0,11,1
case_016,nominal,2,retrieve,d303e766583493d9dff273d091b4320ee571533ea20b220485a08d46bd64524b,retrieve,ok,0,10,2
case_016,nominal,3,qa,73558d719a27ecd2af39c518bd4cc421e86d5407d1f7a0fb389b87cda7a786b5,qa,ok,0,9,3
case_016,nominal,4,coverage,f7a051e2c0a9ecac0212d6437c8ff52e6d31b31e21fa521cc61fab2b3c8bcbc8,coverage,empty,0,8,4
case_016,nominal,5,select,4d2c3d6e0e3021f03a328a11ddab31a9e29e9e932eddfc2b33fa9c00938936bd,select,ok,0,7,5
case_016,nominal,6,verdict,c62bca30800b5b53d34de809de4a0a2ec4a447d8904f3cd8726ac2a30c4e18e1,verdict,empty,0,6,6
case_016,nominal,7,finish,2cb46c0c405f3dc89f235f014385b1a10c71746408a0cbf77a1c0c4c8bf3fe37,terminal,ok,0,5,7
case_016,retrieval_timeout_once,0,decompose,b69944b21a8c1b708189999e20b913ca565ca737172db1b2cc6cc985936df9f8,decompose,,0,12,0
case_016,retrieval_timeout_once,1,queries,3d25bcabac8fa471feb79783f13686b771b143735b8cccf0820cb02c808929c6,queries,ok,0,11,1
case_016,retrieval_timeout_once,2,retrieve,d303e766583493d9dff273d091b4320ee571533ea20b220485a08d46bd64524b,retrieve,ok,0,10,2
case_016,retrieval_timeout_once,3,retrieve,11d75ad8a3dd78bd10712aaab60f9df6f4fc3aa74d65bd9181e1a4ec5aaaeda0,retrieve,timeout,1,9,2
case_016,retrieval_timeout_once,4,qa,341436f9e7d5786be2d94ec51860874f435c3de781535dc0cbbd71e823e72d93,qa,ok,0,8,3
case_016,retrieval_timeout_once,5,coverage,5e54117d1931dac4e7b158021a3c8d56452b4ce5fa582bbce5683997ebea8932,coverage,empty,0,7,4
case_016,retrieval_timeout_once,6,select,be6706e703a489b8197bf994fb9e5e9d99a40952ecd4ad3fe089a78451384396,select,ok,0,6,5
case_016,retrieval_timeout_once,7,verdict,be80c0ac1eadad83e6cdeaac6bfbb405c8fd86827a5d02bb4ce6d26177df2a3e,verdict,empty,0,5,6
case_016,retrieval_timeout_once,8,finish,cb583d15e393ff0b7a296a56dbb7c35974f8dde1cc4bac3e153f2a21793e086b,terminal,ok,0,4,7
case_016,retrieval_timeout_persistent,0,decompose,b69944b21a8c1b708189999e20b913ca565ca737172db1b2cc6cc985936df9f8,decompose,,0,12,0
case_016,retrieval_timeout_persistent,1,queries,3d25bcabac8fa471feb79783f13686b771b143735b8cccf0820cb02c808929c6,queries,ok,0,11,1
case_016,retrieval_timeout_persistent,2,retrieve,d303e766583493d9dff273d091b4320ee571533ea20b220485a08d46bd64524b,retrieve,ok,0,10,2
case_016,retrieval_timeout_persistent,3,retrieve,11d75ad8a3dd78bd10712aaab60f9df6f4fc3aa74d65bd9181e1a4ec5aaaeda0,retrieve,timeout,1,9,2
case_016,retrieval_timeout_persistent,4,abort,bb97fd2737bd39f117130eeb20203c568bd1f229291d7a190762fe156a043c83,retrieve,timeout,2,8,2
case_017,nominal,0,decompose,b69944b21a8c1b708189999e20b913ca565ca737172db1b2cc6cc985936df9f8,decompose,,0,12,0
case_017,nominal,1,queries,3d25bcabac8fa471feb79783f13686b771b143735b8cccf0820cb02c808929c6,queries,ok,0,11,1
case_017,nominal,2,retrieve,beea96f74592c12fe1fd6e104d0a05391108368a31b1d064a2bf808ebdbe961f,retrieve,ok,0,10,2
case_017,nominal,3,qa,d8770fdca38e0160cb8ed56122d9a599e75d67e6311b9d0e5c23fe6d7239bbe9,qa,ok,0,9,3
case_017,nominal,4,coverage,3fa3ceede88770bc790d10f17eb5475c750ab9268fbe3bdcc8959272f50a9244,coverage,empty,0,8,4
case_017,nominal,5,select,aa559489873b7c9bc92750c8f549ce0555dca139d4087135149122a49e6ca9d1,select,ok,0,7,5
case_017,nominal,6,verdict,77574d93e04d21ab33385a4d894d0d0da36262790263c7eacab86a0f8d882ddc,verdict,empty,0,6,6
case_017,nominal,7,verdict,cc1bd21961b8f8d216d00d251ac38c5a39769f657eec819bdbb585537c0c9b55,verdict,invalid,1,5,6
case_017,nominal,8,abort,057d1484b2fdadfcb8dff267550364a4c7b3e4b8b049eec226799d6ac7f67c65,verdict,invalid,2,4,6
case_017,retrieval_timeout_once,0,decompose,b69944b21a8c1b708189999e20b913ca565ca737172db1b2cc6cc985936df9f8,decompose,,0,12,0
case_017,retrieval_timeout_once,1,queries,3d25bcabac8fa471feb79783f13686b771b143735b8cccf0820cb02c808929c6,queries,ok,0,11,1
case_017,retrieval_timeout_once,2,retrieve,beea96f74592c12fe1fd6e104d0a05391108368a31b1d064a2bf808ebdbe961f,retrieve,ok,0,10,2
case_017,retrieval_timeout_once,3,retrieve,f846564ca64d0e9b7caccfaf6d48c6d8f311e4e38eba2c047c85605ce3ffffa9,retrieve,timeout,1,9,2
case_017,retrieval_timeout_once,4,qa,5b17df0f821a3575e4359347067c907e1f8d0b550c59986059dab258f47ef75d,qa,ok,0,8,3
case_017,retrieval_timeout_once,5,coverage,6c1bcb6bab9b4e5e65bbef4d99b95db62a1933a09b95ab5f5b73bbd5f1a8dd56,coverage,empty,0,7,4
case_017,retrieval_timeout_once,6,select,1c17bb664c4f8090113eb32d72fa05c08e3b3778fafef9018f7241741aa58879,select,ok,0,6,5
case_017,retrieval_timeout_once,7,verdict,7ad392fee0a5ef4e5a43fc4172d06e75519f3e05a225c4201b965176cf11effc,verdict,empty,0,5,6
case_017,retrieval_timeout_once,8,verdict,425eb93f26cb4597a4316269237b056e3718be1e23b676e11fcb80f4c60ad1fa,verdict,invalid,1,4,6
case_017,retrieval_timeout_once,9,abort,1a9c820c086b2e0ee2a36613628f10740661bd09f8a3301ca98c5609d499eba0,verdict,invalid,2,3,6
case_017,retrieval_timeout_persistent,0,decompose,b69944b21a8c1b708189999e20b913ca565ca737172db1b2cc6cc985936df9f8,decompose,,0,12,0
case_017,retrieval_timeout_persistent,1,queries,3d25bcabac8fa471feb79783f13686b771b143735b8cccf0820cb02c808929c6,queries,ok,0,11,1
case_017,retrieval_timeout_persistent,2,retrieve,beea96f74592c12fe1fd6e104d0a05391108368a31b1d064a2bf808ebdbe961f,retrieve,ok,0,10,2
case_017,retrieval_timeout_persistent,3,retrieve,f846564ca64d0e9b7caccfaf6d48c6d8f311e4e38eba2c047c85605ce3ffffa9,retrieve,timeout,1,9,2
case_017,retrieval_timeout_persistent,4,abort,036dfb94c78d5722bd3b83089bcad7224900ce636decea28ee0df649ff923e7c,retrieve,timeout,2,8,2
case_018,nominal,0,decompose,b69944b21a8c1b708189999e20b913ca565ca737172db1b2cc6cc985936df9f8,decompose,,0,12,0
case_018,nominal,1,queries,3d25bcabac8fa471feb79783f13686b771b143735b8cccf0820cb02c808929c6,queries,ok,0,11,1
case_018,nominal,2,retrieve,beea96f74592c12fe1fd6e104d0a05391108368a31b1d064a2bf808ebdbe961f,retrieve,ok,0,10,2
case_018,nominal,3,qa,b64fb819ab9d5bbac2f0070a11c9e05f6cf6c5255aa4e96dc29a40ab3fa9c723,qa,ok,0,9,3
case_018,nominal,4,coverage,b46296fc8c531029943b0f41ffb33d853de8344f7100afc34a1b8c3d4ca1728d,coverage,empty,0,8,4
case_018,nominal,5,select,c37033611778fe963a610e94fdd282f5b6a8e2da9400143ed41651699c59668f,select,ok,0,7,5
case_018,nominal,6,verdict,e25a1a490d238398948ee26c10969306ddf9040bc407e7071b282ece4fc51894,verdict,empty,0,6,6
case_018,nominal,7,verdict,50ddcdec5471c80e9431ded5dc9dc0e4e4a20f53ec33b67b6ec02bde150a5ff1,verdict,invalid,1,5,6
case_018,nominal,8,abort,4ff27217bd94d24308610c05dae29c74a167386469b70eea15dcba77e0b2294a,verdict,invalid,2,4,6
case_018,retrieval_timeout_once,0,decompose,b69944b21a8c1b708189999e20b913ca565ca737172db1b2cc6cc985936df9f8,decompose,,0,12,0
case_018,retrieval_timeout_once,1,queries,3d25bcabac8fa471feb79783f13686b771b143735b8cccf0820cb02c808929c6,queries,ok,0,11,1
case_018,retrieval_timeout_once,2,retrieve,beea96f74592c12fe1fd6e104d0a05391108368a31b1d064a2bf808ebdbe961f,retrieve,ok,0,10,2
case_018,retrieval_timeout_once,3,retrieve,f846564ca64d0e9b7caccfaf6d48c6d8f311e4e38eba2c047c85605ce3ffffa9,retrieve,timeout,1,9,2
case_018,retrieval_timeout_once,4,qa,2eb22fd664e265fe8a1cdf741e2e35703a8d1ccaad64c875a312a3c48f067963,qa,ok,0,8,3
case_018,retrieval_timeout_once,5,coverage,be903c8202eea414f0a8ba9765189c404489ff27ea4e39efc2829ec8d1b30ce5,coverage,empty,0,7,4
case_018,retrieval_timeout_once,6,select,3b087bf14a316b1016080015d4f3179eff1c0ce60ef21260fc5b04b5991adba1,select,ok,0,6,5
case_018,retrieval_timeout_once,7,verdict,615db1ba8b821a188862ef84c88aa3002ea1b7812ec8485f817b8d7353db03cc,verdict,empty,0,5,6
case_018,retrieval_timeout_once,8,verdict,7bccbe04e36e6fefecf7f2e62a18f6b216526a61b9b1199e0e377d2946dced15,verdict,invalid,1,4,6
case_018,retrieval_timeout_once,9,abort,02ca76f692dc69e26abcb7b04fd762967ada2e77302166f23d25864280314985,verdict,invalid,2,3,6
case_018,retrieval_timeout_persistent,0,decompose,b69944b21a8c1b708189999e20b913ca565ca737172db1b2cc6cc985936df9f8,decompose,,0,12,0
case_018,retrieval_timeout_persistent,1,queries,3d25bcabac8fa471feb79783f13686b771b143735b8cccf0820cb02c808929c6,queries,ok,0,11,1
case_018,retrieval_timeout_persistent,2,retrieve,beea96f74592c12fe1fd6e104d0a05391108368a31b1d064a2bf808ebdbe961f,retrieve,ok,0,10,2
case_018,retrieval_timeout_persistent,3,retrieve,f846564ca64d0e9b7caccfaf6d48c6d8f311e4e38eba2c047c85605ce3ffffa9,retrieve,timeout,1,9,2
case_018,retrieval_timeout_persistent,4,abort,036dfb94c78d5722bd3b83089bcad7224900ce636decea28ee0df649ff923e7c,retrieve,timeout,2,8,2
case_019,nominal,0,decompose,b69944b21a8c1b708189999e20b913ca565ca737172db1b2cc6cc985936df9f8,decompose,,0,12,0
case_019,nominal,1,queries,3d25bcabac8fa471feb79783f13686b771b143735b8cccf0820cb02c808929c6,queries,ok,0,11,1
case_019,nominal,2,retrieve,0d25a696b10679a7fcbe3375468ec50ca6d6c7621ad2ad1bf91747cba19284c7,retrieve,ok,0,10,2
case_019,nominal,3,qa,f2be29834a48d429ad10d3c6e170d8fa4af4bc5e51e70256786fa8e6f6f3c6da,qa,ok,0,9,3
case_019,nominal,4,coverage,e258e5913477ab7d1833e70975c2d3f043e36ab6aa607fb6652c65509950da1f,coverage,ok,0,8,4
case_019,nominal,5,select,7e8fcd0b1ad0cebd677dfd3437860a2e1275b71ee37f7d66212a0d34c2c913c6,select,ok,0,7,5
case_019,nominal,6,verdict,c0e52ea1488aec6e11da2c585ed2421694c1d31ebf500d817136b10470bb2ed1,verdict,ok,0,6,6
case_019,nominal,7,finish,25230b1afcf9dcd12ddf2014b08894e49608f9ee02710fc15f255ed29189caac,terminal,ok,0,5,7
case_019,retrieval_timeout_once,0,decompose,b69944b21a8c1b708189999e20b913ca565ca737172db1b2cc6cc985936df9f8,decompose,,0,12,0
case_019,retrieval_timeout_once,1,queries,3d25bcabac8fa471feb79783f13686b771b143735b8cccf0820cb02c808929c6,queries,ok,0,11,1
case_019,retrieval_timeout_once,2,retrieve,0d25a696b10679a7fcbe3375468ec50ca6d6c7621ad2ad1bf91747cba19284c7,retrieve,ok,0,10,2
case_019,retrieval_timeout_once,3,retrieve,190755ba8e74e12d932f5483e843b535b9648a20488e17d38942ce58107fff3a,retrieve,timeout,1,9,2
case_019,retrieval_timeout_once,4,qa,0904ac466d1f50391fc5f341628bdae5f4c605dc945131cb760b6ef10da28353,qa,ok,0,8,3
case_019,retrieval_timeout_once,5,coverage,9fa3a6db767a8f03af14a399a89b4ed41698b79a957af5e4606ce3d55b756d12,coverage,ok,0,7,4
case_019,retrieval_timeout_once,6,select,f69eff10f69346fed430605fe3137df315c6263da84b32c61cf7c4cad2393c66,select,ok,0,6,5
case_019,retrieval_timeout_once,7,verdict,38695ecafb3a0b792e7fa57df21e5c8d54fcffffea830ea78638f255129f8f96,verdict,ok,0,5,6
case_019,retrieval_timeout_once,8,finish,9f698cae81e23efcdb496b9737ff0356d0794e30d30bc59b75d62e99975c5290,terminal,ok,0,4,7
case_019,retrieval_timeout_persistent,0,decompose,b69944b21a8c1b708189999e20b913ca565ca737172db1b2cc6cc985936df9f8,decompose,,0,12,0
case_019,retrieval_timeout_persistent,1,queries,3d25bcabac8fa471feb79783f13686b771b143735b8cccf0820cb02c808929c6,queries,ok,0,11,1
case_019,retrieval_timeout_persistent,2,retrieve,0d25a696b10679a7fcbe3375468ec50ca6d6c7621ad2ad1bf91747cba19284c7,retrieve,ok,0,10,2
case_019,retrieval_timeout_persistent,3,retrieve,190755ba8e74e12d932f5483e843b535b9648a20488e17d38942ce58107fff3a,retrieve,timeout,1,9,2
case_019,retrieval_timeout_persistent,4,abort,064f4e4d0aeb4742b1e45b7043c59ce31ac289a1092af8a5340255f54c6057f2,retrieve,timeout,2,8,2
case_020,nominal,0,decompose,b69944b21a8c1b708189999e20b913ca565ca737172db1b2cc6cc985936df9f8,decompose,,0,12,0
case_020,nominal,1,queries,3d25bcabac8fa471feb79783f13686b771b143735b8cccf0820cb02c808929c6,queries,ok,0,11,1
case_020,nominal,2,retrieve,beea96f74592c12fe1fd6e104d0a05391108368a31b1d064a2bf808ebdbe961f,retrieve,ok,0,10,2
case_020,nominal,3,qa,5cbd3cfa9fa18fa854a3f4b2aa84dd3803095e475ed83b9cdee4997fbd9d5f13,qa,ok,0,9,3
case_020,nominal,4,coverage,d5905801027b8414e5eace8433a629fee72c2d3ff9b8ef75d476ede12a99a57d,coverage,ok,0,8,4
case_020,nominal,5,select,11a937caf497fc2fa52ddbf948b31973140b2ac1f4848c28650ff25a4ef687bf,select,ok,0,7,5
case_020,nominal,6,verdict,24edba444eb24d9704fa46085543089c47333afb902bea670abeb87f385904cb,verdict,ok,0,6,6
case_020,nominal,7,verdict,7973f59d1c09380e6abd694349a783950e686451c962400269b704d4e55e8ec5,verdict,invalid,1,5,6
case_020,nominal,8,abort,4a5702c44728a2d7dad9d844f9441d092229f6e6beb7f04e73bf8c53e4da4b03,verdict,invalid,2,4,6
case_020,retrieval_timeout_once,0,decompose,b69944b21a8c1b708189999e20b913ca565ca737172db1b2cc6cc985936df9f8,decompose,,0,12,0
case_020,retrieval_timeout_once,1,queries,3d25bcabac8fa471feb79783f13686b771b143735b8cccf0820cb02c808929c6,queries,ok,0,11,1
case_020,retrieval_timeout_once,2,retrieve,beea96f74592c12fe1fd6e104d0a05391108368a31b1d064a2bf808ebdbe961f,retrieve,ok,0,10,2
case_020,retrieval_timeout_once,3,retrieve,f846564ca64d0e9b7caccfaf6d48c6d8f311e4e38eba2c047c85605ce3ffffa9,retrieve,timeout,1,9,2
case_020,retrieval_timeout_once,4,qa,3b578a19ced9e0fcc6a1ef32113eb94a9a1d0c509a3bd2710bbd23e00d63ea5b,qa,ok,0,8,3
case_020,retrieval_timeout_once,5,coverage,ed5bd6d53584260afffa10a9fe77f3a9aec06d6daa933f34ec3bcc8a26d7a5b1,coverage,ok,0,7,4
case_020,retrieval_timeout_once,6,select,de3be09b944a8ead725e9c2fb1f46105a2cdd890dbb63c12cea635ad41b02b71,select,ok,0,6,5
case_020,retrieval_timeout_once,7,verdict,09cd206ff20cfd93751149c4ecd9ca66afb19d24f3c8585fc1c1da222c2e9b20,verdict,ok,0,5,6
case_020,retrieval_timeout_once,8,verdict,ed4d39a198a2cf6b8182c4f7d114e1146f3bdc32eed0e3f29576bda44bfbab6b,verdict,invalid,1,4,6
case_020,retrieval_timeout_once,9,abort,39c008454105c81a883981d612b255f91def7fc239f60bbc193d5997e69f38a6,verdict,invalid,2,3,6
case_020,retrieval_timeout_persistent,0,decompose,b69944b21a8c1b708189999e20b913ca565ca737172db1b2cc6cc985936df9f8,decompose,,0,12,0
case_020,retrieval_timeout_persistent,1,queries,3d25bcabac8fa471feb79783f13686b771b143735b8cccf0820cb02c808929c6,queries,ok,0,11,1
case_020,retrieval_timeout_persistent,2,retrieve,beea96f74592c12fe1fd6e104d0a05391108368a31b1d064a2bf808ebdbe961f,retrieve,ok,0,10,2
case_020,retrieval_timeout_persistent,3,retrieve,f846564ca64d0e9b7caccfaf6d48c6d8f311e4e38eba2c047c85605ce3ffffa9,retrieve,timeout,1,9,2
case_020,retrieval_timeout_persistent,4,abort,036dfb94c78d5722bd3b83089bcad7224900ce636decea28ee0df649ff923e7c,retrieve,timeout,2,8,2
case_021,nominal,0,decompose,b69944b21a8c1b708189999e20b913ca565ca737172db1b2cc6cc985936df9f8,decompose,,0,12,0
case_021,nominal,1,queries,3d25bcabac8fa471feb79783f13686b771b143735b8cccf0820cb02c808929c6,queries,ok,0,11,1
case_021,nominal,2,retrieve,d303e766583493d9dff273d091b4320ee571533ea20b220485a08d46bd64524b,retrieve,ok,0,10,2
case_021,nominal,3,qa,55e789e2edf55af4be7bd7eb7b0e1925534c5ba8b8065db6a942c030eb0f668e,qa,ok,0,9,3
case_021,nominal,4,coverage,1faed38d6cf64447a0742893892ebc10621876d66d74eb4c00cd96614b842984,coverage,ok,0,8,4
case_021,nominal,5,select,f92f7f8074550f5542d7998c2aa1d325ce1e0b1f85cb10ba1553d59ae2f9e7a8,select,ok,0,7,5
case_021,nominal,6,verdict,e41cf18ee2c7bec941412e73b5eeae7f287dfe4fde3d50ffb05049923e2ef96e,verdict,ok,0,6,6
case_021,nominal,7,verdict,80e3d444a349001f1e33020f74294696d10360fa52f7758df008b34d69fb3f15,verdict,invalid,1,5,6
case_021,nominal,8,abort,c39b3a481dd677f35979be2baaf23e18c81079c07032ababe84f8415bba37bb7,verdict,invalid,2,4,6
case_021,retrieval_timeout_once,0,decompose,b69944b21a8c1b708189999e20b913ca565ca737172db1b2cc6cc985936df9f8,decompose,,0,12,0
case_021,retrieval_timeout_once,1,queries,3d25bcabac8fa471feb79783f13686b771b143735b8cccf0820cb02c808929c6,queries,ok,0,11,1
case_021,retrieval_timeout_once,2,retrieve,d303e766583493d9dff273d091b4320ee571533ea20b220485a08d46bd64524b,retrieve,ok,0,10,2
case_021,retrieval_timeout_once,3,retrieve,11d75ad8a3dd78bd10712aaab60f9df6f4fc3aa74d65bd9181e1a4ec5aaaeda0,retrieve,timeout,1,9,2
case_021,retrieval_timeout_once,4,qa,581edeac61d5bb1164160af5820db22c1f2d0ee7524430aaec12dfa45e7019b5,qa,ok,0,8,3
case_021,retrieval_timeout_once,5,coverage,2f4c091a3f83f976d5f238649c04e5ce9fb605887242e20f5a7eb0d392285996,coverage,ok,0,7,4
case_021,retrieval_timeout_once,6,select,0dd977cc83401a3892e4bf4787a5c9be10e052d131b745e06c6b0bbeb2f88c47,select,ok,0,6,5
case_021,retrieval_timeout_once,7,verdict,883c64cf3c366e7a3c40780647ceb09bcdd0b77d49a0872606e951e187f82f21,verdict,ok,0,5,6
case_021,retrieval_timeout_once,8,verdict,167fef65470248b3530b783509ce60cf99e4e6e1c00a1265c91a1f0952c61dea,verdict,invalid,1,4,6
case_021,retrieval_timeout_once,9,abort,0c37689b8c531b1991eb363b95dbb40d5077420fd6d3541c659a853a1958b786,verdict,invalid,2,3,6
case_021,retrieval_timeout_persistent,0,decompose,b69944b21a8c1b708189999e20b913ca565ca737172db1b2cc6cc985936df9f8,decompose,,0,12,0
case_021,retrieval_timeout_persistent,1,queries,3d25bcabac8fa471feb79783f13686b771b143735b8cccf0820cb02c808929c6,queries,ok,0,11,1
case_021,retrieval_timeout_persistent,2,retrieve,d303e766583493d9dff273d091b4320ee571533ea20b220485a08d46bd64524b,retrieve,ok,0,10,2
case_021,retrieval_timeout_persistent,3,retrieve,11d75ad8a3dd78bd10712aaab60f9df6f4fc3aa74d65bd9181e1a4ec5aaaeda0,retrieve,timeout,1,9,2
case_021,retrieval_timeout_persistent,4,abort,bb97fd2737bd39f117130eeb20203c568bd1f229291d7a190762fe156a043c83,retrieve,timeout,2,8,2
case_022,nominal,0,decompose,b69944b21a8c1b708189999e20b913ca565ca737172db1b2cc6cc985936df9f8,decompose,,0,12,0
case_022,nominal,1,queries,3d25bcabac8fa471feb79783f13686b771b143735b8cccf0820cb02c808929c6,queries,ok,0,11,1
case_022,nominal,2,retrieve,beea96f74592c12fe1fd6e104d0a05391108368a31b1d064a2bf808ebdbe961f,retrieve,ok,0,10,2
case_022,nominal,3,qa,891ee0d5690f23bdc2fd8161a46b61401173154228590af6552344c62251c40c,qa,ok,0,9,3
case_022,nominal,4,coverage,706ae149a0b07f8d81cdcd3aec9e95605b93931f2257b0814e46971e2f1aad0c,coverage,empty,0,8,4
case_022,nominal,5,select,9a691335fb658889d543b8a3dd1e820d662689a3b59098287b850070e8278316,select,ok,0,7,5
case_022,nominal,6,verdict,5fef8bd76892e24910279e8c3e56529f61ce893d2e66d3a5bd280801db65ea63,verdict,empty,0,6,6
case_022,nominal,7,finish,0a10297940d0e8af3d9b77516efb5a5ca39275525437efc13d17a577e864a638,terminal,ok,0,5,7
case_022,retrieval_timeout_once,0,decompose,b69944b21a8c1b708189999e20b913ca565ca737172db1b2cc6cc985936df9f8,decompose,,0,12,0
case_022,retrieval_timeout_once,1,queries,3d25bcabac8fa471feb79783f13686b771b143735b8cccf0820cb02c808929c6,queries,ok,0,11,1
case_022,retrieval_timeout_once,2,retrieve,beea96f74592c12fe1fd6e104d0a05391108368a31b1d064a2bf808ebdbe961f,retrieve,ok,0,10,2
case_022,retrieval_timeout_once,3,retrieve,f846564ca64d0e9b7caccfaf6d48c6d8f311e4e38eba2c047c85605ce3ffffa9,retrieve,timeout,1,9,2
case_022,retrieval_timeout_once,4,qa,8b60390be6d4e6097f5cf646d1dcebe184492ee951c49c8e988bb4f48cf4d0b8,qa,ok,0,8,3
case_022,retrieval_timeout_once,5,coverage,b9bab0979ff6e328b6ccaf82c675dc19d05faf104326ef64ae32a29b6623b4ea,coverage,empty,0,7,4
case_022,retrieval_timeout_once,6,select,40ad22ec9df749f6ed70469538314b49eb402ee540499a5a462b59d8c440b375,select,ok,0,6,5
case_022,retrieval_timeout_once,7,verdict,276f7bf76de74ca9b0fb67edf12fa60f72ce10913ec6298984d94654f3a763bb,verdict,empty,0,5,6
case_022,retrieval_timeout_once,8,finish,7cbb53e09796f88913747031c132dc3302fa5e62447db1de95a3c937274ae32c,terminal,ok,0,4,7
case_022,retrieval_timeout_persistent,0,decompose,b69944b21a8c1b708189999e20b913ca565ca737172db1b2cc6cc985936df9f8,decompose,,0,12,0
case_022,retrieval_timeout_persistent,1,queries,3d25bcabac8fa471feb79783f13686b771b143735b8cccf0820cb02c808929c6,queries,ok,0,11,1
case_022,retrieval_timeout_persistent,2,retrieve,beea96f74592c12fe1fd6e104d0a05391108368a31b1d064a2bf808ebdbe961f,retrieve,ok,0,10,2
case_022,retrieval_timeout_persistent,3,retrieve,f846564ca64d0e9b7caccfaf6d48c6d8f311e4e38eba2c047c85605ce3ffffa9,retrieve,timeout,1,9,2
case_022,retrieval_timeout_persistent,4,abort,036dfb94c78d5722bd3b83089bcad7224900ce636decea28ee0df649ff923e7c,retrieve,timeout,2,8,2
case_023,nominal,0,decompose,b69944b21a8c1b708189999e20b913ca565ca737172db1b2cc6cc985936df9f8,decompose,,0,12,0
case_023,nominal,1,queries,c93a3397038975a373a3eeea8aace3283cd4e93eb2122f6ec7233b609c5c1f1c,queries,ok,0,11,1
case_023,nominal,2,retrieve,687a497b324ea81ff863ff0b104850fdec510fda2ac1ad0799ee2a13dbf445b3,retrieve,ok,0,10,2
case_023,nominal,3,qa,771fccbd7157e77b3cb3a14cf7ebd038304b7f9ea47f1ff0a2c70c13134bed54,qa,ok,0,9,3
case_023,nominal,4,coverage,e1eab6946ffdc26b1c8884fdbb2f1f7a7ccbfab3a0d31ca544bea71ccf8701f7,coverage,ok,0,8,4
case_023,nominal,5,select,d595a9394a0970c8d25d83a05235479bc03c5ab9bcde7cf738266036d1567b55,select,ok,0,7,5
case_023,nominal,6,verdict,012504a6a460811e3dc0b8a0d401f472eab6c71856a4923a92236b06cae93a25,verdict,ok,0,6,6
case_023,nominal,7,verdict,cda806d3f49a96203850c3fab77a5e862a654c6b9ebbf075a678f6e069533c43,verdict,invalid,1,5,6
case_023,nominal,8,abort,a5a034e86f4e9dad2271dd6cbf4fb1246e102575847645b7be13b6ac8de938ba,verdict,invalid,2,4,6
case_023,retrieval_timeout_once,0,decompose,b69944b21a8c1b708189999e20b913ca565ca737172db1b2cc6cc985936df9f8,decompose,,0,12,0
case_023,retrieval_timeout_once,1,queries,c93a3397038975a373a3eeea8aace3283cd4e93eb2122f6ec7233b609c5c1f1c,queries,ok,0,11,1
case_023,retrieval_timeout_once,2,retrieve,687a497b324ea81ff863ff0b104850fdec510fda2ac1ad0799ee2a13dbf445b3,retrieve,ok,0,10,2
case_023,retrieval_timeout_once,3,retrieve,c535c43d9c03a21d45ec60ef7938310334555295fce825ba9b1275126a186b50,retrieve,timeout,1,9,2
case_023,retrieval_timeout_once,4,qa,73f0af94794215b8e1a5a6b93fb9fd93604207fc85177bdbc90ddb2faac79577,qa,ok,0,8,3
case_023,retrieval_timeout_once,5,coverage,9c1e2dfff6e02dabb571b31ffdcc81a81e9394727f34c0b8b413546175caba50,coverage,ok,0,7,4
case_023,retrieval_timeout_once,6,select,35e7e94d06df9612a95d12773458639eda1bfc7dc6b86fdb28ca81e6ddf200ad,select,ok,0,6,5
case_023,retrieval_timeout_once,7,verdict,10faa38ced1122b3a4b7e66223dde9b2eaf10a05affd6ad150f9ecf43bab83c1,verdict,ok,0,5,6
case_023,retrieval_timeout_once,8,verdict,c6d03f130ce8e614a29033b50bf0ac5f26141536eeec3b9bc7931b4555db84cc,verdict,invalid,1,4,6
case_023,retrieval_timeout_once,9,abort,9711fedb0c58c801e8a442762ed85ba76459f31db46fae3b3150149ffa4ff70c,verdict,invalid,2,3,6
case_023,retrieval_timeout_persistent,0,decompose,b69944b21a8c1b708189999e20b913ca565ca737172db1b2cc6cc985936df9f8,decompose,,0,12,0
case_023,retrieval_timeout_persistent,1,queries,c93a3397038975a373a3eeea8aace3283cd4e93eb2122f6ec7233b609c5c1f1c,queries,ok,0,11,1
case_023,retrieval_timeout_persistent,2,retrieve,687a497b324ea81ff863ff0b104850fdec510fda2ac1ad0799ee2a13dbf445b3,retrieve,ok,0,10,2
case_023,retrieval_timeout_persistent,3,retrieve,c535c43d9c03a21d45ec60ef7938310334555295fce825ba9b1275126a186b50,retrieve,timeout,1,9,2
case_023,retrieval_timeout_persistent,4,abort,27d512e85810ac9dba96713c739262e16074379620dd0ecd0728497b04363b8a,retrieve,timeout,2,8,2
case_024,nominal,0,decompose,b69944b21a8c1b708189999e20b913ca565ca737172db1b2cc6cc985936df9f8,decompose,,0,12,0
case_024,nominal,1,queries,3d25bcabac8fa471feb79783f13686b771b143735b8cccf0820cb02c808929c6,queries,ok,0,11,1
case_024,nominal,2,retrieve,0d25a696b10679a7fcbe3375468ec50ca6d6c7621ad2ad1bf91747cba19284c7,retrieve,ok,0,10,2
case_024,nominal,3,qa,8ba7c3efae8dfb79ef5fbfb93fed83bf444f04db219f6ab84de09312646f7a3e,qa,ok,0,9,3
case_024,nominal,4,coverage,70b8a0448ad2e21368de3c4ac28be9b4b860de2d2c5d445edf2d72e0d10ce02d,coverage,ok,0,8,4
case_024,nominal,5,select,1cd749fbb69bdd503076e700a9d292b4bb4a958e6e3cfb9bd779e85cc3cb9131,select,ok,0,7,5
case_024,nominal,6,verdict,a89aa9a656095ab2bad74cb2bb640f7b0a6ab11d098e49497eef8cd80c134b3e,verdict,ok,0,6,6
case_024,nominal,7,verdict,365f9177a0e1e66eac0b57d522213b62e629e281f0c9c28427183785d35f8ea0,verdict,invalid,1,5,6
case_024,nominal,8,abort,6f8c95aa22c1307b08e0321af2fa3bc2ef6b618ed6303e5d0e6c08e0cb666f80,verdict,invalid,2,4,6
case_024,retrieval_timeout_once,0,decompose,b69944b21a8c1b708189999e20b913ca565ca737172db1b2cc6cc985936df9f8,decompose,,0,12,0
case_024,retrieval_timeout_once,1,queries,3d25bcabac8fa471feb79783f13686b771b143735b8cccf0820cb02c808929c6,queries,ok,0,11,1
case_024,retrieval_timeout_once,2,retrieve,0d25a696b10679a7fcbe3375468ec50ca6d6c7621ad2ad1bf91747cba19284c7,retrieve,ok,0,10,2
case_024,retrieval_timeout_once,3,retrieve,190755ba8e74e12d932f5483e843b535b9648a20488e17d38942ce58107fff3a,retrieve,timeout,1,9,2
case_024,retrieval_timeout_once,4,qa,4dc04f6484451d72e457cc35c0b253ee28c82492f66083387de22c1d95c241e7,qa,ok,0,8,3
case_024,retrieval_timeout_once,5,coverage,0ad604607574e93bd93d254e1f6b2da20be80cd253a3dd0c48d1d3e0ed96d99c,coverage,ok,0,7,4
case_024,retrieval_timeout_once,6,select,65b5ac9fbe2f1582c164760f6f1ce5bb07f3556c4ac3490aadea7a187742a897,select,ok,0,6,5
case_024,retrieval_timeout_once,7,verdict,0ce16070b40559775e26c7534d2db5dcbe2d3dbf87fa57a2d712e02b55a8ef5f,verdict,ok,0,5,6
case_024,retrieval_timeout_once,8,verdict,a531c6eea2c60e6912817ec9f449944830df79e673b3d1252ad8c889eb037712,verdict,invalid,1,4,6
case_024,retrieval_timeout_once,9,abort,b6d26fd2836f75dd9ef0d205b3534785ecec010fb835155d0876e0e4ccb2889a,verdict,invalid,2,3,6
case_024,retrieval_timeout_persistent,0,decompose,b69944b21a8c1b708189999e20b913ca565ca737172db1b2cc6cc985936df9f8,decompose,,0,12,0
case_024,retrieval_timeout_persistent,1,queries,3d25bcabac8fa471feb79783f13686b771b143735b8cccf0820cb02c808929c6,queries,ok,0,11,1
case_024,retrieval_timeout_persistent,2,retrieve,0d25a696b10679a7fcbe3375468ec50ca6d6c7621ad2ad1bf91747cba19284c7,retrieve,ok,0,10,2
case_024,retrieval_timeout_persistent,3,retrieve,190755ba8e74e12d932f5483e843b535b9648a20488e17d38942ce58107fff3a,retrieve,timeout,1,9,2
case_024,retrieval_timeout_persistent,4,abort,064f4e4d0aeb4742b1e45b7043c59ce31ac289a1092af8a5340255f54c6057f2,retrieve,timeout,2,8,2
case_025,nominal,0,decompose,b69944b21a8c1b708189999e20b913ca565ca737172db1b2cc6cc985936df9f8,decompose,,0,12,0
case_025,nominal,1,queries,3d25bcabac8fa471feb79783f13686b771b143735b8cccf0820cb02c808929c6,queries,ok,0,11,1
case_025,nominal,2,retrieve,afe2fd4ee6de5373d715e48eb11b01ede63ba2a30d73f32059c55114f074703d,retrieve,ok,0,10,2
case_025,nominal,3,qa,95cdf362a3529f07feca4aafa187b471594f25b4bf3f494bf49bc174bc7ad76b,qa,ok,0,9,3
case_025,nominal,4,coverage,adee16d39ec522ecf59ef33283db362764cd6fa5ad59307f3cb74b6ea1ec1e23,coverage,ok,0,8,4
case_025,nominal,5,select,5161ea1dbce4da299f868407f9f702876b4a41b91ac3d3ae9613beac079fdadd,select,ok,0,7,5
case_025,nominal,6,verdict,a1df6ed1e9f5dd59c9bdca07996a398c4e2a013bfa1c320ef952981d9e717b03,verdict,ok,0,6,6
case_025,nominal,7,finish,08f9c704e471ab1d152177fc744128c58281dc7c2cc9dd08e9605f15a6ba8cb6,terminal,ok,0,5,7
case_025,retrieval_timeout_once,0,decompose,b69944b21a8c1b708189999e20b913ca565ca737172db1b2cc6cc985936df9f8,decompose,,0,12,0
case_025,retrieval_timeout_once,1,queries,3d25bcabac8fa471feb79783f13686b771b143735b8cccf0820cb02c808929c6,queries,ok,0,11,1
case_025,retrieval_timeout_once,2,retrieve,afe2fd4ee6de5373d715e48eb11b01ede63ba2a30d73f32059c55114f074703d,retrieve,ok,0,10,2
case_025,retrieval_timeout_once,3,retrieve,05f59d5f452124196ab625e644ebc07bf2952d7f33a488a0c8acdb86f49a631c,retrieve,timeout,1,9,2
case_025,retrieval_timeout_once,4,qa,f71187fd7e21fd23e9d95b2f5133822b9a24c9e7cdda222f5d181ef512f02dab,qa,ok,0,8,3
case_025,retrieval_timeout_once,5,coverage,12325249c51d8978fd6b250bab66a973c7833d7556270457a09ac4f66411c7f9,coverage,ok,0,7,4
case_025,retrieval_timeout_once,6,select,b51b4d9060d064c45cc147c08e1bb8ef7bb4c99a7fff19e0d6d4dae774e62bf3,select,ok,0,6,5
case_025,retrieval_timeout_once,7,verdict,ea7986f1b7658991306c6a04d09ddc407c52be5aa8c72c0d73f5125a240c5578,verdict,ok,0,5,6
case_025,retrieval_timeout_once,8,finish,9824b2ef483e27a490776de289f6f89507fcd320504f4aef2eac8c5ec96334ba,terminal,ok,0,4,7
case_025,retrieval_timeout_persistent,0,decompose,b69944b21a8c1b708189999e20b913ca565ca737172db1b2cc6cc985936df9f8,decompose,,0,12,0
case_025,retrieval_timeout_persistent,1,queries,3d25bcabac8fa471feb79783f13686b771b143735b8cccf0820cb02c808929c6,queries,ok,0,11,1
case_025,retrieval_timeout_persistent,2,retrieve,afe2fd4ee6de5373d715e48eb11b01ede63ba2a30d73f32059c55114f074703d,retrieve,ok,0,10,2
case_025,retrieval_timeout_persistent,3,retrieve,05f59d5f452124196ab625e644ebc07bf2952d7f33a488a0c8acdb86f49a631c,retrieve,timeout,1,9,2
case_025,retrieval_timeout_persistent,4,abort,7accd533623f133d41be9d6737a68effee557531be60fa88c52c0144b8071b71,retrieve,timeout,2,8,2
case_026,nominal,0,decompose,b69944b21a8c1b708189999e20b913ca565ca737172db1b2cc6cc985936df9f8,decompose,,0,12,0
case_026,nominal,1,queries,3d25bcabac8fa471feb79783f13686b771b143735b8cccf0820cb02c808929c6,queries,ok,0,11,1
case_026,nominal,2,retrieve,beea96f74592c12fe1fd6e104d0a05391108368a31b1d064a2bf808ebdbe961f,retrieve,ok,0,10,2
case_026,nominal,3,qa,57a4b7f7b45485739919866fb31d729c887743ad9f87edbbda2b0d3afec5080e,qa,ok,0,9,3
case_026,nominal,4,coverage,b0b8cb1a491d987b491a79278f1f22ebd39cd1e3be7c933e5f2cf77320dd6fc2,coverage,empty,0,8,4
case_026,nominal,5,select,622ccb8f75087f730268403c3974e46d6d5a2f10ff01b3a7a27b75f79d2c2f65,select,ok,0,7,5
case_026,nominal,6,verdict,07518b7c2941052578c49b380bc52a7335ee88a0a19f97d521c800f99c2a36d4,verdict,empty,0,6,6
case_026,nominal,7,finish,e445cfff79c76e56285a259949b8e2d211897595cd07257e05eafac4dbc6067d,terminal,ok,0,5,7
case_026,retrieval_timeout_once,0,decompose,b69944b21a8c1b708189999e20b913ca565ca737172db1b2cc6cc985936df9f8,decompose,,0,12,0
case_026,retrieval_timeout_once,1,queries,3d25bcabac8fa471feb79783f13686b771b143735b8cccf0820cb02c808929c6,queries,ok,0,11,1
case_026,retrieval_timeout_once,2,retrieve,beea96f74592c12fe1fd6e104d0a05391108368a31b1d064a2bf808ebdbe961f,retrieve,ok,0,10,2
case_026,retrieval_timeout_once,3,retrieve,f846564ca64d0e9b7caccfaf6d48c6d8f311e4e38eba2c047c85605ce3ffffa9,retrieve,timeout,1,9,2
case_026,retrieval_timeout_once,4,qa,b262f6de95483f182035c9d7760e64e96689149e3d65ab4933bb0de24f01f60b,qa,ok,0,8,3
case_026,retrieval_timeout_once,5,coverage,0e138d5b228ee1fdda479ed0b038364ab364a4f6da5a8b475cdfed2cba554c60,coverage,empty,0,7,4
case_026,retrieval_timeout_once,6,select,439d39562c0479c36b13ef111e44b5f3e5778fccd64b4e35ecf6077a62bb26ba,select,ok,0,6,5
case_026,retrieval_timeout_once,7,verdict,05ca626e4f72526cede5addc54e5f82c39017c292acfeaace2f8106aca34aa1a,verdict,empty,0,5,6
case_026,retrieval_timeout_once,8,finish,06809379b2516f4c6a6341ca3c029fa72c1c7086ebf70cf718855aa150f6e865,terminal,ok,0,4,7
case_026,retrieval_timeout_persistent,0,decompose,b69944b21a8c1b708189999e20b913ca565ca737172db1b2cc6cc985936df9f8,decompose,,0,12,0
case_026,retrieval_timeout_persistent,1,queries,3d25bcabac8fa471feb79783f13686b771b143735b8cccf0820cb02c808929c6,queries,ok,0,11,1
case_026,retrieval_timeout_persistent,2,retrieve,beea96f74592c12fe1fd6e104d0a05391108368a31b1d064a2bf808ebdbe961f,retrieve,ok,0,10,2
case_026,retrieval_timeout_persistent,3,retrieve,f846564ca64d0e9b7caccfaf6d48c6d8f311e4e38eba2c047c85605ce3ffffa9,retrieve,timeout,1,9,2
case_026,retrieval_timeout_persistent,4,abort,036dfb94c78d5722bd3b83089bcad7224900ce636decea28ee0df649ff923e7c,retrieve,timeout,2,8,2
case_027,nominal,0,decompose,b69944b21a8c1b708189999e20b913ca565ca737172db1b2cc6cc985936df9f8,decompose,,0,12,0
case_027,nominal,1,queries,3d25bcabac8fa471feb79783f13686b771b143735b8cccf0820cb02c808929c6,queries,ok,0,11,1
case_027,nominal,2,retrieve,afe2fd4ee6de5373d715e48eb11b01ede63ba2a30d73f32059c55114f074703d,retrieve,ok,0,10,2
case_027,nominal,3,qa,3e3637089475176bfd58e78664e7496727a6af04c2ad2b9e51d390b0cee3cff7,qa,ok,0,9,3
case_027,nominal,4,coverage,d6910181e85e7a2ba3dd2280d693986662926907cb24039a7bb5f7ce5ad8dfa4,coverage,ok,0,8,4
case_027,nominal,5,select,2071b7b77aacbc18cf2822f3ef646f45f371041978f663e9e8859a6219b41f54,select,ok,0,7,5
case_027,nominal,6,verdict,258527f972ab27ffa3eee673e785352ec91d8a2973738ea172437036d58ef9bc,verdict,ok,0,6,6
case_027,nominal,7,verdict,1135a845e004c01a6334964549d7218a8b8bbe3124c35ccf9bea00f7a595046f,verdict,invalid,1,5,6
case_027,nominal,8,abort,04d88dbe8957e953e016fa2ee5a9e744fc6b6b8955de1e7129b469df82868927,verdict,invalid,2,4,6
case_027,retrieval_timeout_once,0,decompose,b69944b21a8c1b708189999e20b913ca565ca737172db1b2cc6cc985936df9f8,decompose,,0,12,0
case_027,retrieval_timeout_once,1,queries,3d25bcabac8fa471feb79783f13686b771b143735b8cccf0820cb02c808929c6,queries,ok,0,11,1
case_027,retrieval_timeout_once,2,retrieve,afe2fd4ee6de5373d715e48eb11b01ede63ba2a30d73f32059c55114f074703d,retrieve,ok,0,10,2
case_027,retrieval_timeout_once,3,retrieve,05f59d5f452124196ab625e644ebc07bf2952d7f33a488a0c8acdb86f49a631c,retrieve,timeout,1,9,2
case_027,retrieval_timeout_once,4,qa,386621a0c03a300675378302ee4fc8adf24d8f703adcbec732ea56f097b3c132,qa,ok,0,8,3
case_027,retrieval_timeout_once,5,coverage,b449b4cfa2bfb83afb51e6266d8c4fb08b3615a88e223feb68771606dcb61820,coverage,ok,0,7,4
case_027,retrieval_timeout_once,6,select,7829b0482c84a3486782da4806e1911d850735b5086f11075d7312b12aedc967,select,ok,0,6,5
case_027,retrieval_timeout_once,7,verdict,9c84b5117b83df0672634ee22cc846c2f96c3675b6ae9ccb383030c9c74ecc9f,verdict,ok,0,5,6
case_027,retrieval_timeout_once,8,verdict,2432c8eaa9054a81eea73205d8b0a58e638b0facec4096c3da2b844ba2036aad,verdict,invalid,1,4,6
case_027,retrieval_timeout_once,9,abort,6ab87c3a6e20a30401e494ff537c68c48b5b10bf6e47f74c8fd05fc049ea7e01,verdict,invalid,2,3,6
case_027,retrieval_timeout_persistent,0,decompose,b69944b21a8c1b708189999e20b913ca565ca737172db1b2cc6cc985936df9f8,decompose,,0,12,0
case_027,retrieval_timeout_persistent,1,queries,3d25bcabac8fa471feb79783f13686b771b143735b8cccf0820cb02c808929c6,queries,ok,0,11,1
case_027,retrieval_timeout_persistent,2,retrieve,afe2fd4ee6de5373d715e48eb11b01ede63ba2a30d73f32059c55114f074703d,retrieve,ok,0,10,2
case_027,retrieval_timeout_persistent,3,retrieve,05f59d5f452124196ab625e644ebc07bf2952d7f33a488a0c8acdb86f49a631c,retrieve,timeout,1,9,2
case_027,retrieval_timeout_persistent,4,abort,7accd533623f133d41be9d6737a68effee557531be60fa88c52c0144b8071b71,retrieve,timeout,2,8,2
case_028,nominal,0,decompose,b69944b21a8c1b708189999e20b913ca565ca737172db1b2cc6cc985936df9f8,decompose,,0,12,0
case_028,nominal,1,queries,3d25bcabac8fa471feb79783f13686b771b143735b8cccf0820cb02c808929c6,queries,ok,0,11,1
case_028,nominal,2,retrieve,beea96f74592c12fe1fd6e104d0a05391108368a31b1d064a2bf808ebdbe961f,retrieve,ok,0,10,2
case_028,nominal,3,qa,48f03ea435d20869a3770c9c2762558ce0a85597b738cf1e6297710a6b681cb0,qa,ok,0,9,3
case_028,nominal,4,coverage,4d9264588a86323d41d227734994acefae366da816368e6ad839e582ca5ab554,coverage,ok,0,8,4
case_028,nominal,5,select,3cb9310a80b5f1094b9a080c7162d773e1226aa0d231f337dad74cd8920848f7,select,ok,0,7,5
case_028,nominal,6,verdict,a1d921eb54d45ab7fe7eeda840af186e81345d132522bce9914d9292ffe8fe9d,verdict,ok,0,6,6
case_028,nominal,7,finish,e72fce0ad86d37a1f23b04cdfd069a0b9bc57d0df25e2a709dfb503fddefc7d0,terminal,ok,0,5,7
case_028,retrieval_timeout_once,0,decompose,b69944b21a8c1b708189999e20b913ca565ca737172db1b2cc6cc985936df9f8,decompose,,0,12,0
case_028,retrieval_timeout_once,1,queries,3d25bcabac8fa471feb79783f13686b771b143735b8cccf0820cb02c808929c6,queries,ok,0,11,1
case_028,retrieval_timeout_once,2,retrieve,beea96f74592c12fe1fd6e104d0a05391108368a31b1d064a2bf808ebdbe961f,retrieve,ok,0,10,2
case_028,retrieval_timeout_once,3,retrieve,f846564ca64d0e9b7caccfaf6d48c6d8f311e4e38eba2c047c85605ce3ffffa9,retrieve,timeout,1,9,2
case_028,retrieval_timeout_once,4,qa,b5287bbfcba9c8b144d590c3b8b979c16db768fba5dcdfa53a8686c094072ece,qa,ok,0,8,3
case_028,retrieval_timeout_once,5,coverage,c20d2e042b5c3fe918cef73cc5c23d649f5cb98b194fc2ab10fddcf1424e5202,coverage,ok,0,7,4
case_028,retrieval_timeout_once,6,select,3d76e9d631ce79815c1e487cbd78c395bbcfc6e5a06dd26892ee00da9475f8af,select,ok,0,6,5
case_028,retrieval_timeout_once,7,verdict,6a9248226eae7628e3c51875b564c0c3ddf103e91d845f57c876e0fe22b45063,verdict,ok,0,5,6
case_028,retrieval_timeout_once,8,finish,3081c9057ad5721baccfc5d0c24ac446c0bceae2485958cf6c26c9879ba5bb8a,terminal,ok,0,4,7
case_028,retrieval_timeout_persistent,0,decompose,b69944b21a8c1b708189999e20b913ca565ca737172db1b2cc6cc985936df9f8,decompose,,0,12,0
case_028,retrieval_timeout_persistent,1,queries,3d25bcabac8fa471feb79783f13686b771b143735b8cccf0820cb02c808929c6,queries,ok,0,11,1
case_028,retrieval_timeout_persistent,2,retrieve,beea96f74592c12fe1fd6e104d0a05391108368a31b1d064a2bf808ebdbe961f,retrieve,ok,0,10,2
case_028,retrieval_timeout_persistent,3,retrieve,f846564ca64d0e9b7caccfaf6d48c6d8f311e4e38eba2c047c85605ce3ffffa9,retrieve,timeout,1,9,2
case_028,retrieval_timeout_persistent,4,abort,036dfb94c78d5722bd3b83089bcad7224900ce636decea28ee0df649ff923e7c,retrieve,timeout,2,8,2
case_029,nominal,0,decompose,b69944b21a8c1b708189999e20b913ca565ca737172db1b2cc6cc985936df9f8,decompose,,0,12,0
case_029,nominal,1,queries,3d25bcabac8fa471feb79783f13686b771b143735b8cccf0820cb02c808929c6,queries,ok,0,11,1
case_029,nominal,2,retrieve,d303e766583493d9dff273d091b4320ee571533ea20b220485a08d46bd64524b,retrieve,ok,0,10,2
case_029,nominal,3,qa,6e30c1a15bfe578e7c30bb30f4d49741b551420ed6b4f885f7f5a19dcd97e18e,qa,ok,0,9,3
case_029,nominal,4,coverage,b0690eda9b427ec3acdd7dd315c52da4ac1bf3cd9ee1b2899c45bdec918e3099,coverage,empty,0,8,4
case_029,nominal,5,select,32e0c747ea062e770797368786448978bdbb992a418ab947d81f52afe120ec61,select,ok,0,7,5
case_029,nominal,6,verdict,44ccc87687766415af57908cfb53b3dfdb062dcf4b65a6f7b2e7dc63324873d7,verdict,empty,0,6,6
case_029,nominal,7,finish,df2a85ed42e5c695e251b7159164f037ca06e77ce6e9210362941c4c3c2d0f2d,terminal,ok,0,5,7
case_029,retrieval_timeout_once,0,decompose,b69944b21a8c1b708189999e20b913ca565ca737172db1b2cc6cc985936df9f8,decompose,,0,12,0
case_029,retrieval_timeout_once,1,queries,3d25bcabac8fa471feb79783f13686b771b143735b8cccf0820cb02c808929c6,queries,ok,0,11,1
case_029,retrieval_timeout_once,2,retrieve,d303e766583493d9dff273d091b4320ee571533ea20b220485a08d46bd64524b,retrieve,ok,0,10,2
case_029,retrieval_timeout_once,3,retrieve,11d75ad8a3dd78bd10712aaab60f9df6f4fc3aa74d65bd9181e1a4ec5aaaeda0,retrieve,timeout,1,9,2
case_029,retrieval_timeout_once,4,qa,daa755b6b25cf6f822c9005ca3512cd6d7803d7288d25bf3465ca3f6d2baccac,qa,ok,0,8,3
case_029,retrieval_timeout_once,5,coverage,55db48f7f414f314c100ff8589ea8feea6488ca9686dc7237a03fc42a3f4ad06,coverage,empty,0,7,4
case_029,retrieval_timeout_once,6,select,7e1e3b62b5bfa989d50b5a1ea8d94de84f29e2bbf39bf5727906c22f00caaf9b,select,ok,0,6,5
case_029,retrieval_timeout_once,7,verdict,80ebc3b23d511c8631c076574ce0b86f82c6938b093071f5984eda0e4b1eb502,verdict,empty,0,5,6
case_029,retrieval_timeout_once,8,finish,6f3301f304f9b9a41538d733bb2f88b9b847acedeff073fce4f15fd5fbc8db1a,terminal,ok,0,4,7
case_029,retrieval_timeout_persistent,0,decompose,b69944b21a8c1b708189999e20b913ca565ca737172db1b2cc6cc985936df9f8,decompose,,0,12,0
case_029,retrieval_timeout_persistent,1,queries,3d25bcabac8fa471feb79783f13686b771b143735b8cccf0820cb02c808929c6,queries,ok,0,11,1
case_029,retrieval_timeout_persistent,2,retrieve,d303e766583493d9dff273d091b4320ee571533ea20b220485a08d46bd64524b,retrieve,ok,0,10,2
case_029,retrieval_timeout_persistent,3,retrieve,11d75ad8a3dd78bd10712aaab60f9df6f4fc3aa74d65bd9181e1a4ec5aaaeda0,retrieve,timeout,1,9,2
case_029,retrieval_timeout_persistent,4,abort,bb97fd2737bd39f117130eeb20203c568bd1f229291d7a190762fe156a043c83,retrieve,timeout,2,8,2
case_030,nominal,0,decompose,b69944b21a8c1b708189999e20b913ca565ca737172db1b2cc6cc985936df9f8,decompose,,0,12,0
case_030,nominal,1,queries,c93a3397038975a373a3eeea8aace3283cd4e93eb2122f6ec7233b609c5c1f1c,queries,ok,0,11,1
case_030,nominal,2,retrieve,c50ea4ca5aaf0afe512bb46c37531ec46fcb35eb23d1fa2a3b51f9f5caac8194,retrieve,ok,0,10,2
case_030,nominal,3,qa,ed170d1d71e33d4e301de3139e278b489824301e654b4c598e55eaa4b07a4146,qa,ok,0,9,3
case_030,nominal,4,coverage,d52ccf1041feb12109559bfbe31a04abd541af13d03d04ba1c0ca509e455c472,coverage,empty,0,8,4
case_030,nominal,5,select,8ca5a4a14c39291e4e0e3b7ccc08bb8d5d5090fd80749790615f42ed1eb0de3e,select,ok,0,7,5
case_030,nominal,6,verdict,8b3b2c3442f29c91474bb34bf6e89218a3002caca16e503a87bb41f0bf2de2fb,verdict,empty,0,6,6
case_030,nominal,7,verdict,7b3657b90c0596cc8d83087a7e34903d532bd54a7d24fe53e08b962a72be849a,verdict,invalid,1,5,6
case_030,nominal,8,abort,d20928583a3f86c4731eebbf174f6bb3c43e4d1509ff7f55555544743f13c77b,verdict,invalid,2,4,6
case_030,retrieval_timeout_once,0,decompose,b69944b21a8c1b708189999e20b913ca565ca737172db1b2cc6cc985936df9f8,decompose,,0,12,0
case_030,retrieval_timeout_once,1,queries,c93a3397038975a373a3eeea8aace3283cd4e93eb2122f6ec7233b609c5c1f1c,queries,ok,0,11,1
case_030,retrieval_timeout_once,2,retrieve,c50ea4ca5aaf0afe512bb46c37531ec46fcb35eb23d1fa2a3b51f9f5caac8194,retrieve,ok,0,10,2
case_030,retrieval_timeout_once,3,retrieve,b0078ff303fbea03eb90a9453201bb2ef6bf735deb0ff5d8f63f5f5b6f47d59b,retrieve,timeout,1,9,2
case_030,retrieval_timeout_once,4,qa,10ad56840d745a05a5a86682d294c34a322b2357ef4f7d90ba1190f86da8d2cf,qa,ok,0,8,3
case_030,retrieval_timeout_once,5,coverage,1c3e09bc82b5d631192b74e77f5f70ea197e7f813c4abd9626095e0470bec5d9,coverage,empty,0,7,4
case_030,retrieval_timeout_once,6,select,8f53dc9628335bed38490390f3166ce0e3841e1c71abc346c8131c5ed39d5558,select,ok,0,6,5
case_030,retrieval_timeout_once,7,verdict,7ae08eb521ec58f4a30abfc4cda864897d717ed8bbf6b41f691d387b4ca403cd,verdict,empty,0,5,6
case_030,retrieval_timeout_once,8,verdict,9e3495376b4f8429c5060bdf414e3ec2958276b9fa199ddcb177efe053e7368f,verdict,invalid,1,4,6
case_030,retrieval_timeout_once,9,abort,f7b7028baab969d6bfe785cbd880661d3d77b8dce89b035dc407ea5a40e79b9f,verdict,invalid,2,3,6
case_030,retrieval_timeout_persistent,0,decompose,b69944b21a8c1b708189999e20b913ca565ca737172db1b2cc6cc985936df9f8,decompose,,0,12,0
case_030,retrieval_timeout_persistent,1,queries,c93a3397038975a373a3eeea8aace3283cd4e93eb2122f6ec7233b609c5c1f1c,queries,ok,0,11,1
case_030,retrieval_timeout_persistent,2,retrieve,c50ea4ca5aaf0afe512bb46c37531ec46fcb35eb23d1fa2a3b51f9f5caac8194,retrieve,ok,0,10,2
case_030,retrieval_timeout_persistent,3,retrieve,b0078ff303fbea03eb90a9453201bb2ef6bf735deb0ff5d8f63f5f5b6f47d59b,retrieve,timeout,1,9,2
case_030,retrieval_timeout_persistent,4,abort,3fb0952156d962986946bd376d6f67b5967916e0400ab3cf4037df5425960fd6,retrieve,timeout,2,8,2
case_031,nominal,0,decompose,b69944b21a8c1b708189999e20b913ca565ca737172db1b2cc6cc985936df9f8,decompose,,0,12,0
case_031,nominal,1,queries,3d25bcabac8fa471feb79783f13686b771b143735b8cccf0820cb02c808929c6,queries,ok,0,11,1
case_031,nominal,2,retrieve,beea96f74592c12fe1fd6e104d0a05391108368a31b1d064a2bf808ebdbe961f,retrieve,ok,0,10,2
case_031,nominal,3,qa,c6cc2a306cc4773c64120358008b5e02f10848b3cc34789ed8aa20722b168a68,qa,ok,0,9,3
case_031,nominal,4,coverage,c537cf487632a229a099f3c6eab75a5063529d625ce2f6ff366c3b7ee3598aef,coverage,ok,0,8,4
case_031,nominal,5,select,3fa7f2071c283d934dbebed0c499857ed6a4fd4ef40d6f819159e58b9049d434,select,ok,0,7,5
case_031,nominal,6,verdict,21266aaa983ee7c1c22a7337e0b65b1d51c3dcfefc3546736ac7b5d9a1016efc,verdict,ok,0,6,6
case_031,nominal,7,finish,5c610bd92da4053715429c8a5149b6541efda2c0f6dee15e88d7eb177b465fd9,terminal,ok,0,5,7
case_031,retrieval_timeout_once,0,decompose,b69944b21a8c1b708189999e20b913ca565ca737172db1b2cc6cc985936df9f8,decompose,,0,12,0
case_031,retrieval_timeout_once,1,queries,3d25bcabac8fa471feb79783f13686b771b143735b8cccf0820cb02c808929c6,queries,ok,0,11,1
case_031,retrieval_timeout_once,2,retrieve,beea96f74592c12fe1fd6e104d0a05391108368a31b1d064a2bf808ebdbe961f,retrieve,ok,0,10,2
case_031,retrieval_timeout_once,3,retrieve,f846564ca64d0e9b7caccfaf6d48c6d8f311e4e38eba2c047c85605ce3ffffa9,retrieve,timeout,1,9,2
case_031,retrieval_timeout_once,4,qa,f8a368e53b208e10482e7bcffe45f0a26fb3c82010f8cdae2cff3433fb77c4fa,qa,ok,0,8,3
case_031,retrieval_timeout_once,5,coverage,0b8ecb409245caf18c5f8bdedc804d0cc95fb8e283c858f35583116d02d90378,coverage,ok,0,7,4
case_031,retrieval_timeout_once,6,select,975d6b6bfcb2a1408a65a6d42db6f51aacb283595f3079f8e8a35e4b7ca45253,select,ok,0,6,5
case_031,retrieval_timeout_once,7,verdict,1dba1e21b7b954bee563a888c0eedab0fac82cdf4ea323cfdf980e16845a338b,verdict,ok,0,5,6
case_031,retrieval_timeout_once,8,finish,887a4c29e2fc0aad6ced012d9a40f371664cc5836ffd3ae0e38a6f736548055a,terminal,ok,0,4,7
case_031,retrieval_timeout_persistent,0,decompose,b69944b21a8c1b708189999e20b913ca565ca737172db1b2cc6cc985936df9f8,decompose,,0,12,0
case_031,retrieval_timeout_persistent,1,queries,3d25bcabac8fa471feb79783f13686b771b143735b8cccf0820cb02c808929c6,queries,ok,0,11,1
case_031,retrieval_timeout_persistent,2,retrieve,beea96f74592c12fe1fd6e104d0a05391108368a31b1d064a2bf808ebdbe961f,retrieve,ok,0,10,2
case_031,retrieval_timeout_persistent,3,retrieve,f846564ca64d0e9b7caccfaf6d48c6d8f311e4e38eba2c047c85605ce3ffffa9,retrieve,timeout,1,9,2
case_031,retrieval_timeout_persistent,4,abort,036dfb94c78d5722bd3b83089bcad7224900ce636decea28ee0df649ff923e7c,retrieve,timeout,2,8,2
case_032,nominal,0,decompose,b69944b21a8c1b708189999e20b913ca565ca737172db1b2cc6cc985936df9f8,decompose,,0,12,0
case_032,nominal,1,queries,3d25bcabac8fa471feb79783f13686b771b143735b8cccf0820cb02c808929c6,queries,ok,0,11,1
case_032,nominal,2,retrieve,0d25a696b10679a7fcbe3375468ec50ca6d6c7621ad2ad1bf91747cba19284c7,retrieve,ok,0,10,2
case_032,nominal,3,qa,6b89f7cb065b7a335ab3558801d91ffc0566d2f8d99bf0609fce6f8a64825b89,qa,ok,0,9,3
case_032,nominal,4,coverage,cffef14197cccf2a5aef027cefad1b8de7f992316e9a9edeb72cc20fe9d70836,coverage,ok,0,8,4
case_032,nominal,5,select,6eb2f35533e46da592a7221115cd012ba44e40d83922c7696441169697b5ff0d,select,ok,0,7,5
case_032,nominal,6,verdict,2484e6001049350c4a9da750e57a7ddd4334e57e2d6906510b65e9273d6cd42d,verdict,ok,0,6,6
case_032,nominal,7,verdict,dc3f83919151b76e27cfd3920f04f35e4a2018ca7a77902f749cd07b52ba1422,verdict,invalid,1,5,6
case_032,nominal,8,abort,dbddaedddfa78de82dcdf48a77387a5180f24dfe5ebee64d5df72ae96c0b670c,verdict,invalid,2,4,6
case_032,retrieval_timeout_once,0,decompose,b69944b21a8c1b708189999e20b913ca565ca737172db1b2cc6cc985936df9f8,decompose,,0,12,0
case_032,retrieval_timeout_once,1,queries,3d25bcabac8fa471feb79783f13686b771b143735b8cccf0820cb02c808929c6,queries,ok,0,11,1
case_032,retrieval_timeout_once,2,retrieve,0d25a696b10679a7fcbe3375468ec50ca6d6c7621ad2ad1bf91747cba19284c7,retrieve,ok,0,10,2
case_032,retrieval_timeout_once,3,retrieve,190755ba8e74e12d932f5483e843b535b9648a20488e17d38942ce58107fff3a,retrieve,timeout,1,9,2
case_032,retrieval_timeout_once,4,qa,ee0654b1286b8958bcf56deb0f12f03e6719236c4f9b46a1d277f9d22d59c474,qa,ok,0,8,3
case_032,retrieval_timeout_once,5,coverage,b3217feefb0a4824e549fc2d53a2f7f704336d034532ccc23b60d7e7662f219d,coverage,ok,0,7,4
case_032,retrieval_timeout_once,6,select,fde4e22c4a2ff6e7ff74952cbfbf6aa004828ef679c5ec4f9121e169746a0be1,select,ok,0,6,5
case_032,retrieval_timeout_once,7,verdict,0c47d63a099e9431d47b61ba3f080030c083ce9cd3af57097115e273b82e9e25,verdict,ok,0,5,6
case_032,retrieval_timeout_once,8,verdict,32f2896a8ec9fdf1b43e8d591279851ebaccdbd90e7cc85ebbe8cc7cf1cf2c63,verdict,invalid,1,4,6
case_032,retrieval_timeout_once,9,abort,23da79dbb281f76039b97ecb36fc1ef48888e97b211156b38c96d15f88df2bfc,verdict,invalid,2,3,6
case_032,retrieval_timeout_persistent,0,decompose,b69944b21a8c1b708189999e20b913ca565ca737172db1b2cc6cc985936df9f8,decompose,,0,12,0
case_032,retrieval_timeout_persistent,1,queries,3d25bcabac8fa471feb79783f13686b771b143735b8cccf0820cb02c808929c6,queries,ok,0,11,1
case_032,retrieval_timeout_persistent,2,retrieve,0d25a696b10679a7fcbe3375468ec50ca6d6c7621ad2ad1bf91747cba19284c7,retrieve,ok,0,10,2
case_032,retrieval_timeout_persistent,3,retrieve,190755ba8e74e12d932f5483e843b535b9648a20488e17d38942ce58107fff3a,retrieve,timeout,1,9,2
case_032,retrieval_timeout_persistent,4,abort,064f4e4d0aeb4742b1e45b7043c59ce31ac289a1092af8a5340255f54c6057f2,retrieve,timeout,2,8,2
case_033,nominal,0,decompose,b69944b21a8c1b708189999e20b913ca565ca737172db1b2cc6cc985936df9f8,decompose,,0,12,0
case_033,nominal,1,queries,3d25bcabac8fa471feb79783f13686b771b143735b8cccf0820cb02c808929c6,queries,ok,0,11,1
case_033,nominal,2,retrieve,afe2fd4ee6de5373d715e48eb11b01ede63ba2a30d73f32059c55114f074703d,retrieve,ok,0,10,2
case_033,nominal,3,qa,cfd97d668f7d9a6ef5283e970ebe29f73e3bc734b660d55a1692d15f47dfb27d,qa,ok,0,9,3
case_033,nominal,4,coverage,3288d4e95aefa94aa56b25ceb935c83a0538a2e9ddd7b2ec6b5d176715207674,coverage,ok,0,8,4
case_033,nominal,5,select,8cc736ed4c7b59017a2cbc8bdf9145704d139d33162ca62b4cd7862814ce3f54,select,ok,0,7,5
case_033,nominal,6,verdict,adaee089e5fbfbc770f4127f3f06a0ec2e551d5316768dc7e7b64a68fa2b620f,verdict,ok,0,6,6
case_033,nominal,7,finish,60a7fa5afc22e6bc16447b8f88a147f36ccac2b066b30707d73cddea06f51fc8,terminal,ok,0,5,7
case_033,retrieval_timeout_once,0,decompose,b69944b21a8c1b708189999e20b913ca565ca737172db1b2cc6cc985936df9f8,decompose,,0,12,0
case_033,retrieval_timeout_once,1,queries,3d25bcabac8fa471feb79783f13686b771b143735b8cccf0820cb02c808929c6,queries,ok,0,11,1
case_033,retrieval_timeout_once,2,retrieve,afe2fd4ee6de5373d715e48eb11b01ede63ba2a30d73f32059c55114f074703d,retrieve,ok,0,10,2
case_033,retrieval_timeout_once,3,retrieve,05f59d5f452124196ab625e644ebc07bf2952d7f33a488a0c8acdb86f49a631c,retrieve,timeout,1,9,2
case_033,retrieval_timeout_once,4,qa,552f4d436e0a496a58cd7e53ea247ebdc021fdf7c5cf55883b5fb32feefbf0a7,qa,ok,0,8,3
case_033,retrieval_timeout_once,5,coverage,7b9faf0004d5ee2b4db4e681ebf14d86843cb0e969d3d92e6da15699df04e0e8,coverage,ok,0,7,4
case_033,retrieval_timeout_once,6,select,e5203391b129b81ea140e832e2d69ea7500c635652eb90f751d2dbe64e9843fa,select,ok,0,6,5
case_033,retrieval_timeout_once,7,verdict,e21eb628222b234438e1f3a4d13b42777440d20418f8d231bd647db544c035cc,verdict,ok,0,5,6
case_033,retrieval_timeout_once,8,finish,a44ba79ef5de2a76b943e3a256795ce6af721d032b2a06024a77a4280296e4ce,terminal,ok,0,4,7
case_033,retrieval_timeout_persistent,0,decompose,b69944b21a8c1b708189999e20b913ca565ca737172db1b2cc6cc985936df9f8,decompose,,0,12,0
case_033,retrieval_timeout_persistent,1,queries,3d25bcabac8fa471feb79783f13686b771b143735b8cccf0820cb02c808929c6,queries,ok,0,11,1
case_033,retrieval_timeout_persistent,2,retrieve,afe2fd4ee6de5373d715e48eb11b01ede63ba2a30d73f32059c55114f074703d,retrieve,ok,0,10,2
case_033,retrieval_timeout_persistent,3,retrieve,05f59d5f452124196ab625e644ebc07bf2952d7f33a488a0c8acdb86f49a631c,retrieve,timeout,1,9,2
case_033,retrieval_timeout_persistent,4,abort,7accd533623f133d41be9d6737a68effee557531be60fa88c52c0144b8071b71,retrieve,timeout,2,8,2
case_034,nominal,0,decompose,b69944b21a8c1b708189999e20b913ca565ca737172db1b2cc6cc985936df9f8,decompose,,0,12,0
case_034,nominal,1,queries,1a398756b87e9664afcae612bfb7beeaae02391647b0179f26f392ed59c2f9bb,queries,ok,0,11,1
case_034,nominal,2,retrieve,98cf039ed9afa30df540de5461ba0977cfc198ca007d562e24a4e940fa362373,retrieve,ok,0,10,2
case_034,nominal,3,qa,a25ead61fd660a6998cb89805a5f9fe34bb4d43987df808612bdb893f0aafe2f,qa,ok,0,9,3
case_034,nominal,4,coverage,f424f77f116bff78d299dd2497f0dd30256746da9c322ed40d781a3618440f1f,coverage,ok,0,8,4
case_034,nominal,5,select,750bc8708bb3e2d4bc3cd918abcd83a5a1eb40530495ff4f10af071d1c34a28b,select,ok,0,7,5
case_034,nominal,6,verdict,f9e79f959ac0bc44582dcba2a8b24bf35f01097250eec755fd93b77489b8cbd1,verdict,ok,0,6,6
case_034,nominal,7,verdict,c716a6cf91bc64d3a1081d0b440446859992c0180a9c5ae4c890ccef94abf75a,verdict,invalid,1,5,6
case_034,nominal,8,abort,efc4211368e6480982a34d752e8237d7bdb55211a951f83b90cca0e0f69b421b,verdict,invalid,2,4,6
case_034,retrieval_timeout_once,0,decompose,b69944b21a8c1b708189999e20b913ca565ca737172db1b2cc6cc985936df9f8,decompose,,0,12,0
case_034,retrieval_timeout_once,1,queries,1a398756b87e9664afcae612bfb7beeaae02391647b0179f26f392ed59c2f9bb,queries,ok,0,11,1
case_034,retrieval_timeout_once,2,retrieve,98cf039ed9afa30df540de5461ba0977cfc198ca007d562e24a4e940fa362373,retrieve,ok,0,10,2
case_034,retrieval_timeout_once,3,retrieve,cd30798e39246f030a3165aca9f6f067e71d0888ee9257307e32c63b1fa55eee,retrieve,timeout,1,9,2
case_034,retrieval_timeout_once,4,qa,d4aa39439a2cf0258f8c93f81365030e894e61117f76e74268f9e80031f9e7a5,qa,ok,0,8,3
case_034,retrieval_timeout_once,5,coverage,3c88e7c2a610de1128e5798a3355e9b6158a13783248d07c5cd97a1649be73cc,coverage,ok,0,7,4
case_034,retrieval_timeout_once,6,select,d283f00d13cba67bbeb230f915b1aac891313a5ad27c3a25e5fd8a973f489d6c,select,ok,0,6,5
case_034,retrieval_timeout_once,7,verdict,865d43218ff8a549b141457464782da9d4901aeebca47def854bee84de7d7af9,verdict,ok,0,5,6
case_034,retrieval_timeout_once,8,verdict,50a4a0af7a28a2315299731e3dc74090950824b57f332930f9e0f2e2e28b31b0,verdict,invalid,1,4,6
case_034,retrieval_timeout_once,9,abort,e26655662d8260081a335d7bad3276d08d326bf437dd343cb4b83ed11255edff,verdict,invalid,2,3,6
case_034,retrieval_timeout_persistent,0,decompose,b69944b21a8c1b708189999e20b913ca565ca737172db1b2cc6cc985936df9f8,decompose,,0,12,0
case_034,retrieval_timeout_persistent,1,queries,1a398756b87e9664afcae612bfb7beeaae02391647b0179f26f392ed59c2f9bb,queries,ok,0,11,1
case_034,retrieval_timeout_persistent,2,retrieve,98cf039ed9afa30df540de5461ba0977cfc198ca007d562e24a4e940fa362373,retrieve,ok,0,10,2
case_034,retrieval_timeout_persistent,3,retrieve,cd30798e39246f030a3165aca9f6f067e71d0888ee9257307e32c63b1fa55eee,retrieve,timeout,1,9,2
case_034,retrieval_timeout_persistent,4,abort,e1ad5c10ab3117c0344298721118d5e5b06d79d39de6f6a8889c10ff886591bf,retrieve,timeout,2,8,2
case_035,nominal,0,decompose,b69944b21a8c1b708189999e20b913ca565ca737172db1b2cc6cc985936df9f8,decompose,,0,12,0
case_035,nominal,1,queries,1a398756b87e9664afcae612bfb7beeaae02391647b0179f26f392ed59c2f9bb,queries,ok,0,11,1
case_035,nominal,2,retrieve,03a8ddabe5e5b3d271b2b9e9c64fcac2de42bb0a9d768fc59420bc0a615250a9,retrieve,ok,0,10,2
case_035,nominal,3,qa,2d233d53cfcaeeae8fc9ea2084bbf75b9fc2c65e18ca80304fd1ce0ed60db199,qa,ok,0,9,3
case_035,nominal,4,coverage,55a425a1874cb91378eeb634a79fb04cbc802aa38cb4b028fa2eeac4c1840e35,coverage,empty,0,8,4
case_035,nominal,5,select,2512f98e6d567378219ab1824eaad5b075501efdd47af5cfc4c04bbb4124c9b6,select,ok,0,7,5
case_035,nominal,6,verdict,516d25cbfec807a857e7b357f80eb070dd2d8c19fa6e926535b735804dd4bf7e,verdict,empty,0,6,6
case_035,nominal,7,finish,55fa465ed8df578f1784c5791ee239e1f417cf8bbeaab4fcf52dde95a585625f,terminal,ok,0,5,7
case_035,retrieval_timeout_once,0,decompose,b69944b21a8c1b708189999e20b913ca565ca737172db1b2cc6cc985936df9f8,decompose,,0,12,0
case_035,retrieval_timeout_once,1,queries,1a398756b87e9664afcae612bfb7beeaae02391647b0179f26f392ed59c2f9bb,queries,ok,0,11,1
case_035,retrieval_timeout_once,2,retrieve,03a8ddabe5e5b3d271b2b9e9c64fcac2de42bb0a9d768fc59420bc0a615250a9,retrieve,ok,0,10,2
case_035,retrieval_timeout_once,3,retrieve,350e0b5dbb5c065bed530e5c6f1e0517cb8cacc97d9d247a31a7ec6a2f731309,retrieve,timeout,1,9,2
case_035,retrieval_timeout_once,4,qa,4ddc4b6f29cf248bd79eb4543c37943b58246e4a0705c8c8e405bc4b79cc814c,qa,ok,0,8,3
case_035,retrieval_timeout_once,5,coverage,864b7d92978486ed90e6cbae79571fadb0db94992c9fe00abf32d37d000c1225,coverage,empty,0,7,4
case_035,retrieval_timeout_once,6,select,42bd7ed8d46b479388c309b74a42fd27b12cb747a0c4367a2a19f43e57aeb44d,select,ok,0,6,5
case_035,retrieval_timeout_once,7,verdict,e850f7e513b4733761d1be330c60e8934a16951d58695fda82ae6f45cfb7b504,verdict,empty,0,5,6
case_035,retrieval_timeout_once,8,finish,d6fe891f40f6a2efa0f0798789393347a761e5df1190aab129aacdede29a6998,terminal,ok,0,4,7
case_035,retrieval_timeout_persistent,0,decompose,b69944b21a8c1b708189999e20b913ca565ca737172db1b2cc6cc985936df9f8,decompose,,0,12,0
case_035,retrieval_timeout_persistent,1,queries,1a398756b87e9664afcae612bfb7beeaae02391647b0179f26f392ed59c2f9bb,queries,ok,0,11,1
case_035,retrieval_timeout_persistent,2,retrieve,03a8ddabe5e5b3d271b2b9e9c64fcac2de42bb0a9d768fc59420bc0a615250a9,retrieve,ok,0,10,2
case_035,retrieval_timeout_persistent,3,retrieve,350e0b5dbb5c065bed530e5c6f1e0517cb8cacc97d9d247a31a7ec6a2f731309,retrieve,timeout,1,9,2
case_035,retrieval_timeout_persistent,4,abort,06c5ec232ffa995cf29deba1363fde5044597a29298f2e0e328b0669719ad622,retrieve,timeout,2,8,2
case_036,nominal,0,decompose,b69944b21a8c1b708189999e20b913ca565ca737172db1b2cc6cc985936df9f8,decompose,,0,12,0
case_036,nominal,1,queries,3d25bcabac8fa471feb79783f13686b771b143735b8cccf0820cb02c808929c6,queries,ok,0,11,1
case_036,nominal,2,retrieve,afe2fd4ee6de5373d715e48eb11b01ede63ba2a30d73f32059c55114f074703d,retrieve,ok,0,10,2
case_036,nominal,3,qa,7980945a0615a1fc2c640f2b4991874ba369bf10e0d1b11c8f11ea61b58685dd,qa,ok,0,9,3
case_036,nominal,4,coverage,00e59d50d054c8070ccd15d3ec497cdf7a74a8ac05ef47d9b2f6c48a56fb00d9,coverage,ok,0,8,4
case_036,nominal,5,select,a1a0f54f4557ab32746792f2143369bd6423793595f1828663dc8e3157d205c2,select,ok,0,7,5
case_036,nominal,6,verdict,29b16d0818dc1838ba4fb74443500f730019a29d8b44e1dd12e74da5481188bf,verdict,ok,0,6,6
case_036,nominal,7,finish,08a3091dc98038870978b251ea1bc61dd635797c35c921a61f77eff235262635,terminal,ok,0,5,7
case_036,retrieval_timeout_once,0,decompose,b69944b21a8c1b708189999e20b913ca565ca737172db1b2cc6cc985936df9f8,decompose,,0,12,0
case_036,retrieval_timeout_once,1,queries,3d25bcabac8fa471feb79783f13686b771b143735b8cccf0820cb02c808929c6,queries,ok,0,11,1
case_036,retrieval_timeout_once,2,retrieve,afe2fd4ee6de5373d715e48eb11b01ede63ba2a30d73f32059c55114f074703d,retrieve,ok,0,10,2
case_036,retrieval_timeout_once,3,retrieve,05f59d5f452124196ab625e644ebc07bf2952d7f33a488a0c8acdb86f49a631c,retrieve,timeout,1,9,2
case_036,retrieval_timeout_once,4,qa,9ce1a1e05278df09ec970618a058ad65c74e1fc5a4865d848b2aa56655a57ff1,qa,ok,0,8,3
case_036,retrieval_timeout_once,5,coverage,b5d5a2a29b63d03332e851fc197bcba97e7608b4910e4bb87f107fd59733455a,coverage,ok,0,7,4
case_036,retrieval_timeout_once,6,select,8a3e08f1920680243d018ce252c9167fff8f1bc9fbf9a55b986d55ffac172e25,select,ok,0,6,5
case_036,retrieval_timeout_once,7,verdict,b821ba24d5902de72f6c762135e99ab9b341075d88284470b3e69c4c99c4b201,verdict,ok,0,5,6
case_036,retrieval_timeout_once,8,finish,067339834f1d466fc5190666da848edf8817470f678f83d9199c5010a7fc3495,terminal,ok,0,4,7
case_036,retrieval_timeout_persistent,0,decompose,b69944b21a8c1b708189999e20b913ca565ca737172db1b2cc6cc985936df9f8,decompose,,0,12,0
case_036,retrieval_timeout_persistent,1,queries,3d25bcabac8fa471feb79783f13686b771b143735b8cccf0820cb02c808929c6,queries,ok,0,11,1
case_036,retrieval_timeout_persistent,2,retrieve,afe2fd4ee6de5373d715e48eb11b01ede63ba2a30d73f32059c55114f074703d,retrieve,ok,0,10,2
case_036,retrieval_timeout_persistent,3,retrieve,05f59d5f452124196ab625e644ebc07bf2952d7f33a488a0c8acdb86f49a631c,retrieve,timeout,1,9,2
case_036,retrieval_timeout_persistent,4,abort,7accd533623f133d41be9d6737a68effee557531be60fa88c52c0144b8071b71,retrieve,timeout,2,8,2
case_037,nominal,0,decompose,b69944b21a8c1b708189999e20b913ca565ca737172db1b2cc6cc985936df9f8,decompose,,0,12,0
case_037,nominal,1,queries,3d25bcabac8fa471feb79783f13686b771b143735b8cccf0820cb02c808929c6,queries,ok,0,11,1
case_037,nominal,2,retrieve,beea96f74592c12fe1fd6e104d0a05391108368a31b1d064a2bf808ebdbe961f,retrieve,ok,0,10,2
case_037,nominal,3,qa,1fc591b0b98e33f6a3c5d2219645a7f96d930f9b4f775beff93bb2823a89513c,qa,ok,0,9,3
case_037,nominal,4,coverage,a9349e5e981fc40d9e6de865266ce89f3fd9569bde472680fdea586339b5ed06,coverage,ok,0,8,4
case_037,nominal,5,select,85ed6aa4afcfee1944e6a9a5e54ecda1274ff8a9cc11dab85be64b7cd6c76e4e,select,ok,0,7,5
case_037,nominal,6,verdict,7c8117d3aa58f7ccb86a3283cf95ba6b381b0242933d0166c6a2366b5ee10932,verdict,ok,0,6,6
case_037,nominal,7,finish,e355d3c5e9a0804ccaa579e6b24697429116d46feb3e5a955e43e9dfbe2f1956,terminal,ok,0,5,7
case_037,retrieval_timeout_once,0,decompose,b69944b21a8c1b708189999e20b913ca565ca737172db1b2cc6cc985936df9f8,decompose,,0,12,0
case_037,retrieval_timeout_once,1,queries,3d25bcabac8fa471feb79783f13686b771b143735b8cccf0820cb02c808929c6,queries,ok,0,11,1
case_037,retrieval_timeout_once,2,retrieve,beea96f74592c12fe1fd6e104d0a05391108368a31b1d064a2bf808ebdbe961f,retrieve,ok,0,10,2
case_037,retrieval_timeout_once,3,retrieve,f846564ca64d0e9b7caccfaf6d48c6d8f311e4e38eba2c047c85605ce3ffffa9,retrieve,timeout,1,9,2
case_037,retrieval_timeout_once,4,qa,471530ba0e110d9bd085f7b355ea3ea4798f3c21ab8b3cd5d088c6b962fcbe25,qa,ok,0,8,3
case_037,retrieval_timeout_once,5,coverage,4d4000f77a495a93273dd61a703aafbcd6f0b9f35cae1b7efb80ba991daee341,coverage,ok,0,7,4
case_037,retrieval_timeout_once,6,select,aabea112b49057bac044776c80883d883c5455bed99ba93af579258787a62e54,select,ok,0,6,5
case_037,retrieval_timeout_once,7,verdict,e8bd1a46ae2f619ba1e5dd27e3269f988e9148bbe9d04d5c930071d87d48db36,verdict,ok,0,5,6
case_037,retrieval_timeout_once,8,finish,31b1a4143cb00cc5ea210f3717f5b95cab5d31482ccbbd6693df9fb3cfeeb6d8,terminal,ok,0,4,7
case_037,retrieval_timeout_persistent,0,decompose,b69944b21a8c1b708189999e20b913ca565ca737172db1b2cc6cc985936df9f8,decompose,,0,12,0
case_037,retrieval_timeout_persistent,1,queries,3d25bcabac8fa471feb79783f13686b771b143735b8cccf0820cb02c808929c6,queries,ok,0,11,1
case_037,retrieval_timeout_persistent,2,retrieve,beea96f74592c12fe1fd6e104d0a05391108368a31b1d064a2bf808ebdbe961f,retrieve,ok,0,10,2
case_037,retrieval_timeout_persistent,3,retrieve,f846564ca64d0e9b7caccfaf6d48c6d8f311e4e38eba2c047c85605ce3ffffa9,retrieve,timeout,1,9,2
case_037,retrieval_timeout_persistent,4,abort,036dfb94c78d5722bd3b83089bcad7224900ce636decea28ee0df649ff923e7c,retrieve,timeout,2,8,2
case_038,nominal,0,decompose,b69944b21a8c1b708189999e20b913ca565ca737172db1b2cc6cc985936df9f8,decompose,,0,12,0
case_038,nominal,1,queries,3d25bcabac8fa471feb79783f13686b771b143735b8cccf0820cb02c808929c6,queries,ok,0,11,1
case_038,nominal,2,retrieve,beea96f74592c12fe1fd6e104d0a05391108368a31b1d064a2bf808ebdbe961f,retrieve,ok,0,10,2
case_038,nominal,3,qa,ff2f5610579a971a3e60c6c5fa22bd338dd59374c6f819e0fa5d50cb226e0bf2,qa,ok,0,9,3
case_038,nominal,4,coverage,76202bdd3628ef94beeb46cd56225d1abce48f304eb032a43d4599fa611e13b7,coverage,ok,0,8,4
case_038,nominal,5,select,55c36e0e55a1aea42ef50955067b9b80030c933db0f4fd7b8477dc644904dff1,select,ok,0,7,5
case_038,nominal,6,verdict,1022be18aa43836c01a468e34b9a442121bb8f232c753b5639736748b007f271,verdict,ok,0,6,6
case_038,nominal,7,finish,d5af7de2407e43ded0e636ce0412f907ad2530b50294b2226a649ebc91d98f49,terminal,ok,0,5,7
case_038,retrieval_timeout_once,0,decompose,b69944b21a8c1b708189999e20b913ca565ca737172db1b2cc6cc985936df9f8,decompose,,0,12,0
case_038,retrieval_timeout_once,1,queries,3d25bcabac8fa471feb79783f13686b771b143735b8cccf0820cb02c808929c6,queries,ok,0,11,1
case_038,retrieval_timeout_once,2,retrieve,beea96f74592c12fe1fd6e104d0a05391108368a31b1d064a2bf808ebdbe961f,retrieve,ok,0,10,2
case_038,retrieval_timeout_once,3,retrieve,f846564ca64d0e9b7caccfaf6d48c6d8f311e4e38eba2c047c85605ce3ffffa9,retrieve,timeout,1,9,2
case_038,retrieval_timeout_once,4,qa,e49f71683a2a5af55a3a266e841d9e9582c34f55cf64c73ebd2f1aa9fa310135,qa,ok,0,8,3
case_038,retrieval_timeout_once,5,coverage,d7923d1614f15b5ddbcc0d03b4b356d9e21419178f2163ad294fb68212860fb0,coverage,ok,0,7,4
case_038,retrieval_timeout_once,6,select,4a1124cff14a6430ba652974639437ea5c8a5af518ac82a76ebea56a7562bbea,select,ok,0,6,5
case_038,retrieval_timeout_once,7,verdict,679e6cacd20851e317b5d41afd5df889cfc3479826f2cb5ca76e28fc3a275d6d,verdict,ok,0,5,6
case_038,retrieval_timeout_once,8,finish,f7b693886ec4df4676c63e15f7a10d0f00601eb2c828884cb37c8e0ae886da2e,terminal,ok,0,4,7
case_038,retrieval_timeout_persistent,0,decompose,b69944b21a8c1b708189999e20b913ca565ca737172db1b2cc6cc985936df9f8,decompose,,0,12,0
case_038,retrieval_timeout_persistent,1,queries,3d25bcabac8fa471feb79783f13686b771b143735b8cccf0820cb02c808929c6,queries,ok,0,11,1
case_038,retrieval_timeout_persistent,2,retrieve,beea96f74592c12fe1fd6e104d0a05391108368a31b1d064a2bf808ebdbe961f,retrieve,ok,0,10,2
case_038,retrieval_timeout_persistent,3,retrieve,f846564ca64d0e9b7caccfaf6d48c6d8f311e4e38eba2c047c85605ce3ffffa9,retrieve,timeout,1,9,2
case_038,retrieval_timeout_persistent,4,abort,036dfb94c78d5722bd3b83089bcad7224900ce636decea28ee0df649ff923e7c,retrieve,timeout,2,8,2
case_039,nominal,0,decompose,b69944b21a8c1b708189999e20b913ca565ca737172db1b2cc6cc985936df9f8,decompose,,0,12,0
case_039,nominal,1,queries,4e928a4b7b95ba24dce4d2d8980272053cad1d4a0048343520ee39d6ef79f868,queries,ok,0,11,1
case_039,nominal,2,retrieve,d1abc4749109f84fd307a19bc8446a0c839139ea6cdd2a32ff2c8d53f5cd8cc5,retrieve,ok,0,10,2
case_039,nominal,3,qa,f91203aa3621a6efdfe9071a39e879f7de5680b349c12d1c967f40b6dff6e13c,qa,ok,0,9,3
case_039,nominal,4,coverage,b5c9c9418c0fe3d631ce735c0d71cffe14f16da192a03f07fb47cb957def8236,coverage,empty,0,8,4
case_039,nominal,5,select,b2ab355b7b8bc4ad6e8c06b4fbc90b3102e4d6012683f05072d5600ca1d457ca,select,ok,0,7,5
case_039,nominal,6,verdict,379c2bc599f5e9d8265a14488adfd504aaf75826c32eb8e7c618635e044cb66c,verdict,empty,0,6,6
case_039,nominal,7,verdict,f3540fca175ea10af2cc79b029a4d1f917b5348ff6bbd393f5537bc5b4f7030f,verdict,invalid,1,5,6
case_039,nominal,8,abort,2ff0f656683df3ecf69f87bad770f02a1c3f877ef610519fac64be2fcc916d29,verdict,invalid,2,4,6
case_039,retrieval_timeout_once,0,decompose,b69944b21a8c1b708189999e20b913ca565ca737172db1b2cc6cc985936df9f8,decompose,,0,12,0
case_039,retrieval_timeout_once,1,queries,4e928a4b7b95ba24dce4d2d8980272053cad1d4a0048343520ee39d6ef79f868,queries,ok,0,11,1
case_039,retrieval_timeout_once,2,retrieve,d1abc4749109f84fd307a19bc8446a0c839139ea6cdd2a32ff2c8d53f5cd8cc5,retrieve,ok,0,10,2
case_039,retrieval_timeout_once,3,retrieve,f16a92e7fb89853ae0a2d99febc9fa98e25efa22e68bef27ca141a6b564427ec,retrieve,timeout,1,9,2
case_039,retrieval_timeout_once,4,qa,5df9a0da02ba22f6cdd899c54f58676bb85641512bdbeed2b316b3ba4bf137d7,qa,ok,0,8,3
case_039,retrieval_timeout_once,5,coverage,8aa198c0d1af11b55cb96f8a9484ccdaf882439f3d2e397c260014be812b98f6,coverage,empty,0,7,4
case_039,retrieval_timeout_once,6,select,18963c038a13930eb2499df0ffc383160f10b683c013e56560f4582c4f3192a5,select,ok,0,6,5
case_039,retrieval_timeout_once,7,verdict,02a74230e80cfa29beacf5e42f0a8a578d296ecc38e806f00482e7977a2feee1,verdict,empty,0,5,6
case_039,retrieval_timeout_once,8,verdict,32cc23f9d585833c74b36e27850427267732b996163f534b42f584bbbe43ace0,verdict,invalid,1,4,6
case_039,retrieval_timeout_once,9,abort,f5e1a19b8a12d182212d9c2352d262688373efc0a035ab11dcafb4d94d78b805,verdict,invalid,2,3,6
case_039,retrieval_timeout_persistent,0,decompose,b69944b21a8c1b708189999e20b913ca565ca737172db1b2cc6cc985936df9f8,decompose,,0,12,0
case_039,retrieval_timeout_persistent,1,queries,4e928a4b7b95ba24dce4d2d8980272053cad1d4a0048343520ee39d6ef79f868,queries,ok,0,11,1
case_039,retrieval_timeout_persistent,2,retrieve,d1abc4749109f84fd307a19bc8446a0c839139ea6cdd2a32ff2c8d53f5cd8cc5,retrieve,ok,0,10,2
case_039,retrieval_timeout_persistent,3,retrieve,f16a92e7fb89853ae0a2d99febc9fa98e25efa22e68bef27ca141a6b564427ec,retrieve,timeout,1,9,2
case_039,retrieval_timeout_persistent,4,abort,2d89ebd4efb2e632891bdfe07288ae29bc9f4cd5a2af771cc25737d2043df507,retrieve,timeout,2,8,2
case_040,nominal,0,decompose,b69944b21a8c1b708189999e20b913ca565ca737172db1b2cc6cc985936df9f8,decompose,,0,12,0
case_040,nominal,1,queries,3d25bcabac8fa471feb79783f13686b771b143735b8cccf0820cb02c808929c6,queries,ok,0,11,1
case_040,nominal,2,retrieve,beea96f74592c12fe1fd6e104d0a05391108368a31b1d064a2bf808ebdbe961f,retrieve,ok,0,10,2
case_040,nominal,3,qa,3f3535d0231f1642e506a54430370ca3d8e5fbe076f3e9f4c9c1c2ef2ba467fd,qa,ok,0,9,3
case_040,nominal,4,coverage,066c483ad5058d12e31677f1963b3f8921a91384b00d5cf7b06febeef5421878,coverage,ok,0,8,4
case_040,nominal,5,select,04e0725057b5600141bea437fc4c018e30577db7dd13b08a1de8ec4308ae52ad,select,ok,0,7,5
case_040,nominal,6,verdict,3221bb5a4ac1896b49ac409428b0ce7232f772487c8f3e0e65712ef132529686,verdict,ok,0,6,6
case_040,nominal,7,verdict,2a6e91d32f6fb24f195568a2d9981fb8af6edbd94aec5f8f118472e94785a9cb,verdict,invalid,1,5,6
case_040,nominal,8,abort,985bf3c6464e96eb8f7f874a0faa7beb8b57f172c56e0d6fb4c4027fa5283638,verdict,invalid,2,4,6
case_040,retrieval_timeout_once,0,decompose,b69944b21a8c1b708189999e20b913ca565ca737172db1b2cc6cc985936df9f8,decompose,,0,12,0
case_040,retrieval_timeout_once,1,queries,3d25bcabac8fa471feb79783f13686b771b143735b8cccf0820cb02c808929c6,queries,ok,0,11,1
case_040,retrieval_timeout_once,2,retrieve,beea96f74592c12fe1fd6e104d0a05391108368a31b1d064a2bf808ebdbe961f,retrieve,ok,0,10,2
case_040,retrieval_timeout_once,3,retrieve,f846564ca64d0e9b7caccfaf6d48c6d8f311e4e38eba2c047c85605ce3ffffa9,retrieve,timeout,1,9,2
case_040,retrieval_timeout_once,4,qa,10168fdcb13bb4abba56eb609a6059dc296a0da10f030735d4aa779bc6b73b8d,qa,ok,0,8,3
case_040,retrieval_timeout_once,5,coverage,d0dd0114902b8a3d26ca0925abc9f900523bc05c0fcd42b832eac521fcdadf45,coverage,ok,0,7,4
case_040,retrieval_timeout_once,6,select,9b0246cf9656fa1721bf4f55536ef275e5c31708724fd30e89cdecdcce30d24f,select,ok,0,6,5
case_040,retrieval_timeout_once,7,verdict,fab14c14e5a958bac95d672a4b50cbb825c40593b69e0cb1fd1a8206707330c1,verdict,ok,0,5,6
case_040,retrieval_timeout_once,8,verdict,e1f168670f3101d546e06a9f234440388da60e68a8410cde99e83c2565582158,verdict,invalid,1,4,6
case_040,retrieval_timeout_once,9,abort,a016914165373d77bb96aff922912f4b4b98b0fc5e813442110f24ae2adf7c40,verdict,invalid,2,3,6
case_040,retrieval_timeout_persistent,0,decompose,b69944b21a8c1b708189999e20b913ca565ca737172db1b2cc6cc985936df9f8,decompose,,0,12,0
case_040,retrieval_timeout_persistent,1,queries,3d25bcabac8fa471feb79783f13686b771b143735b8cccf0820cb02c808929c6,queries,ok,0,11,1
case_040,retrieval_timeout_persistent,2,retrieve,beea96f74592c12fe1fd6e104d0a05391108368a31b1d064a2bf808ebdbe961f,retrieve,ok,0,10,2
case_040,retrieval_timeout_persistent,3,retrieve,f846564ca64d0e9b7caccfaf6d48c6d8f311e4e38eba2c047c85605ce3ffffa9,retrieve,timeout,1,9,2
case_040,retrieval_timeout_persistent,4,abort,036dfb94c78d5722bd3b83089bcad7224900ce636decea28ee0df649ff923e7c,retrieve,timeout,2,8,2
case_041,nominal,0,decompose,b69944b21a8c1b708189999e20b913ca565ca737172db1b2cc6cc985936df9f8,decompose,,0,12,0
case_041,nominal,1,queries,3d25bcabac8fa471feb79783f13686b771b143735b8cccf0820cb02c808929c6,queries,ok,0,11,1
case_041,nominal,2,retrieve,beea96f74592c12fe1fd6e104d0a05391108368a31b1d064a2bf808ebdbe961f,retrieve,ok,0,10,2
case_041,nominal,3,qa,5113aacdcb922f8239f8331c52fe4366c9c2b90ef5ab1a003d3e2b176742b749,qa,ok,0,9,3
case_041,nominal,4,coverage,8de6003b0bccdda47383bef1145114dd2e2c62c236c58c3e71416e634706723d,coverage,ok,0,8,4
case_041,nominal,5,select,7a72594b94541b03848e7959e9e65eb45106ec91c22b791b304c5d5ff98dad4f,select,ok,0,7,5
case_041,nominal,6,verdict,dd32d3ab24aba79039b958028fc977104dbcdec7396b42fc6113540d61c81eb2,verdict,ok,0,6,6
case_041,nominal,7,verdict,30850cc3ca2346ae582d47269c5d27067eb158daba01716a8440ff74bfad4369,verdict,invalid,1,5,6
case_041,nominal,8,abort,db87e7c68dcc24d3930aa27af0a13ff10e3bc2e23533f15e711ae75df61a8131,verdict,invalid,2,4,6
case_041,retrieval_timeout_once,0,decompose,b69944b21a8c1b708189999e20b913ca565ca737172db1b2cc6cc985936df9f8,decompose,,0,12,0
case_041,retrieval_timeout_once,1,queries,3d25bcabac8fa471feb79783f13686b771b143735b8cccf0820cb02c808929c6,queries,ok,0,11,1
case_041,retrieval_timeout_once,2,retrieve,beea96f74592c12fe1fd6e104d0a05391108368a31b1d064a2bf808ebdbe961f,retrieve,ok,0,10,2
case_041,retrieval_timeout_once,3,retrieve,f846564ca64d0e9b7caccfaf6d48c6d8f311e4e38eba2c047c85605ce3ffffa9,retrieve,timeout,1,9,2
case_041,retrieval_timeout_once,4,qa,1adb8ef9927e88f89640077b3ebfe46cf8d4fe49698327ea1ee527648e80b0c5,qa,ok,0,8,3
case_041,retrieval_timeout_once,5,coverage,95d8b5d23d9a4ffa141302239c3555f98003dff96cc155ab11c4bd7f56705169,coverage,ok,0,7,4
case_041,retrieval_timeout_once,6,select,c5b2e24c667238300a31f169601aaaf515fe224f58b1596941c7e5ec33a14013,select,ok,0,6,5
case_041,retrieval_timeout_once,7,verdict,0235faf2fab9b7a7acb631f2d25cec5181a7e44fe1d61760b55f049ec8ecd4c0,verdict,ok,0,5,6
case_041,retrieval_timeout_once,8,verdict,f08462a6a55c8a42929f123fb31bd054b6cec964f02ed904ce5905ec898de17a,verdict,invalid,1,4,6
case_041,retrieval_timeout_once,9,abort,00e12d5827e91f10e1a8fcf79ea606f7d795147ab01dea90a7208052c3b58915,verdict,invalid,2,3,6
case_041,retrieval_timeout_persistent,0,decompose,b69944b21a8c1b708189999e20b913ca565ca737172db1b2cc6cc985936df9f8,decompose,,0,12,0
case_041,retrieval_timeout_persistent,1,queries,3d25bcabac8fa471feb79783f13686b771b143735b8cccf0820cb02c808929c6,queries,ok,0,11,1
case_041,retrieval_timeout_persistent,2,retrieve,beea96f74592c12fe1fd6e104d0a05391108368a31b1d064a2bf808ebdbe961f,retrieve,ok,0,10,2
case_041,retrieval_timeout_persistent,3,retrieve,f846564ca64d0e9b7caccfaf6d48c6d8f311e4e38eba2c047c85605ce3ffffa9,retrieve,timeout,1,9,2
case_041,retrieval_timeout_persistent,4,abort,036dfb94c78d5722bd3b83089bcad7224900ce636decea28ee0df649ff923e7c,retrieve,timeout,2,8,2
case_042,nominal,0,decompose,b69944b21a8c1b708189999e20b913ca565ca737172db1b2cc6cc985936df9f8,decompose,,0,12,0
case_042,nominal,1,queries,3d25bcabac8fa471feb79783f13686b771b143735b8cccf0820cb02c808929c6,queries,ok,0,11,1
case_042,nominal,2,retrieve,beea96f74592c12fe1fd6e104d0a05391108368a31b1d064a2bf808ebdbe961f,retrieve,ok,0,10,2
case_042,nominal,3,qa,16993e3baa46aff62447f460b50d2a6daadaba77be033caa3ace390cd27a2bd9,qa,ok,0,9,3
case_042,nominal,4,coverage,15cbd44d0ef1b934acbe17cbdee9341b1dbce9c80744b9d4b87cd02c6fa63cbc,coverage,empty,0,8,4
case_042,nominal,5,select,12ec9b74a2fd87a38eec69959d4c2f2aa19c172870b7ed1cad49e5db58a5a2d3,select,ok,0,7,5
case_042,nominal,6,verdict,5b1d4954486592cfdacdc39789884b57feff1d6d1dcee00d8fc193e2bffebba9,verdict,empty,0,6,6
case_042,nominal,7,finish,da01e97727bda6f7aabe5a6d800990275163fc30d67526cdc975c0008325c231,terminal,ok,0,5,7
case_042,retrieval_timeout_once,0,decompose,b69944b21a8c1b708189999e20b913ca565ca737172db1b2cc6cc985936df9f8,decompose,,0,12,0
case_042,retrieval_timeout_once,1,queries,3d25bcabac8fa471feb79783f13686b771b143735b8cccf0820cb02c808929c6,queries,ok,0,11,1
case_042,retrieval_timeout_once,2,retrieve,beea96f74592c12fe1fd6e104d0a05391108368a31b1d064a2bf808ebdbe961f,retrieve,ok,0,10,2
case_042,retrieval_timeout_once,3,retrieve,f846564ca64d0e9b7caccfaf6d48c6d8f311e4e38eba2c047c85605ce3ffffa9,retrieve,timeout,1,9,2
case_042,retrieval_timeout_once,4,qa,df0213176487ac07434e4628c78428f2e1e2d4e0190cb243ac91d6d710e0dadb,qa,ok,0,8,3
case_042,retrieval_timeout_once,5,coverage,c28f16c5aa2e7b13e9046f6ee6af0371862c98a44ce3ebaa887c5474a95e03ce,coverage,empty,0,7,4
case_042,retrieval_timeout_once,6,select,3302e38c69f54cb4e90b9b8139de06f15ac1f414208d32d88235c2f5024bb2d7,select,ok,0,6,5
case_042,retrieval_timeout_once,7,verdict,070d70d23068f6ab8aeea22aa4b4fc34ec8fbc9fb221bdfb7a909f304b449b8f,verdict,empty,0,5,6
case_042,retrieval_timeout_once,8,finish,7a4bad5fd91f44d7121cbf57640d4a8c767c1dbee70fee3f322f7fe1e797b038,terminal,ok,0,4,7
case_042,retrieval_timeout_persistent,0,decompose,b69944b21a8c1b708189999e20b913ca565ca737172db1b2cc6cc985936df9f8,decompose,,0,12,0
case_042,retrieval_timeout_persistent,1,queries,3d25bcabac8fa471feb79783f13686b771b143735b8cccf0820cb02c808929c6,queries,ok,0,11,1
case_042,retrieval_timeout_persistent,2,retrieve,beea96f74592c12fe1fd6e104d0a05391108368a31b1d064a2bf808ebdbe961f,retrieve,ok,0,10,2
case_042,retrieval_timeout_persistent,3,retrieve,f846564ca64d0e9b7caccfaf6d48c6d8f311e4e38eba2c047c85605ce3ffffa9,retrieve,timeout,1,9,2
case_042,retrieval_timeout_persistent,4,abort,036dfb94c78d5722bd3b83089bcad7224900ce636decea28ee0df649ff923e7c,retrieve,timeout,2,8,2
case_043,nominal,0,decompose,b69944b21a8c1b708189999e20b913ca565ca737172db1b2cc6cc985936df9f8,decompose,,0,12,0
case_043,nominal,1,queries,3d25bcabac8fa471feb79783f13686b771b143735b8cccf0820cb02c808929c6,queries,ok,0,11,1
case_043,nominal,2,retrieve,afe2fd4ee6de5373d715e48eb11b01ede63ba2a30d73f32059c55114f074703d,retrieve,ok,0,10,2
case_043,nominal,3,qa,7ff624d88811bf70930189497b5c6aa2a48b1b27912cb46a5047cd951abac7ef,qa,ok,0,9,3
case_043,nominal,4,coverage,53410dc31b511e2bb7bc2da24e1376d2c36f6272db151637c0364bf69c7435f8,coverage,ok,0,8,4
case_043,nominal,5,select,1d62cc19b25402c7a498e15d5eecce97bf2dc172061598f2433680b4d50dbabb,select,ok,0,7,5
case_043,nominal,6,verdict,e52f6489685e6787dbc25ca567cc3d4f0a4d9cdd9d5b9bd33f75258b957657e5,verdict,ok,0,6,6
case_043,nominal,7,finish,b2e5d479126bc6b062e08ca4ba01f370b84bdcdf9df7aa6c6812547fd1d6b447,terminal,ok,0,5,7
case_043,retrieval_timeout_once,0,decompose,b69944b21a8c1b708189999e20b913ca565ca737172db1b2cc6cc985936df9f8,decompose,,0,12,0
case_043,retrieval_timeout_once,1,queries,3d25bcabac8fa471feb79783f13686b771b143735b8cccf0820cb02c808929c6,queries,ok,0,11,1
case_043,retrieval_timeout_once,2,retrieve,afe2fd4ee6de5373d715e48eb11b01ede63ba2a30d73f32059c55114f074703d,retrieve,ok,0,10,2
case_043,retrieval_timeout_once,3,retrieve,05f59d5f452124196ab625e644ebc07bf2952d7f33a488a0c8acdb86f49a631c,retrieve,timeout,1,9,2
case_043,retrieval_timeout_once,4,qa,dd0bc72268b4b13b5311e935d3bab6128c5265138b40b128e5c8961035985d16,qa,ok,0,8,3
case_043,retrieval_timeout_once,5,coverage,bd6b39150c920c2c3ec4f4ae95f8aa621c51b18698207e4934b061ade62f5da5,coverage,ok,0,7,4
case_043,retrieval_timeout_once,6,select,2b3e5c0c10a44df8fe54704c053ecfb8721126a3c182307f32aa87813a1dcca4,select,ok,0,6,5
case_043,retrieval_timeout_once,7,verdict,a53c51522b9a800a3b35abf4f37ee3abc97151c2782659118122144b6f377357,verdict,ok,0,5,6
case_043,retrieval_timeout_once,8,finish,4d44d7cccaa385bc09450f49ed978622b602d5fd18bd4aba1db89454aa6f5925,terminal,ok,0,4,7
case_043,retrieval_timeout_persistent,0,decompose,b69944b21a8c1b708189999e20b913ca565ca737172db1b2cc6cc985936df9f8,decompose,,0,12,0
case_043,retrieval_timeout_persistent,1,queries,3d25bcabac8fa471feb79783f13686b771b143735b8cccf0820cb02c808929c6,queries,ok,0,11,1
case_043,retrieval_timeout_persistent,2,retrieve,afe2fd4ee6de5373d715e48eb11b01ede63ba2a30d73f32059c55114f074703d,retrieve,ok,0,10,2
case_043,retrieval_timeout_persistent,3,retrieve,05f59d5f452124196ab625e644ebc07bf2952d7f33a488a0c8acdb86f49a631c,retrieve,timeout,1,9,2
case_043,retrieval_timeout_persistent,4,abort,7accd533623f133d41be9d6737a68effee557531be60fa88c52c0144b8071b71,retrieve,timeout,2,8,2
case_044,nominal,0,decompose,b69944b21a8c1b708189999e20b913ca565ca737172db1b2cc6cc985936df9f8,decompose,,0,12,0
case_044,nominal,1,queries,3d25bcabac8fa471feb79783f13686b771b143735b8cccf0820cb02c808929c6,queries,ok,0,11,1
case_044,nominal,2,retrieve,beea96f74592c12fe1fd6e104d0a05391108368a31b1d064a2bf808ebdbe961f,retrieve,ok,0,10,2
case_044,nominal,3,qa,9569de3c4d81f7be84bd58c77ee253d528ac0b348485973646ef1973b1417c67,qa,ok,0,9,3
case_044,nominal,4,coverage,a43152c5b7921ac7c8a4823c6c72a6c8b759265a8d607807fd2e8dcef9f3661d,coverage,ok,0,8,4
case_044,nominal,5,select,9d783a478d0b859430dc2872fe1fb868c39f438918f8e9b939109e6b78f4f48b,select,ok,0,7,5
case_044,nominal,6,verdict,950e7c67862b6e360bcb1c42ef137ce888a494e82a5b615846edfb42a06afd70,verdict,ok,0,6,6
case_044,nominal,7,finish,71605b788bdce78f1063b2044fbc2d25cce547db81019dd4e6ccc65aea887a29,terminal,ok,0,5,7
case_044,retrieval_timeout_once,0,decompose,b69944b21a8c1b708189999e20b913ca565ca737172db1b2cc6cc985936df9f8,decompose,,0,12,0
case_044,retrieval_timeout_once,1,queries,3d25bcabac8fa471feb79783f13686b771b143735b8cccf0820cb02c808929c6,queries,ok,0,11,1
case_044,retrieval_timeout_once,2,retrieve,beea96f74592c12fe1fd6e104d0a05391108368a31b1d064a2bf808ebdbe961f,retrieve,ok,0,10,2
case_044,retrieval_timeout_once,3,retrieve,f846564ca64d0e9b7caccfaf6d48c6d8f311e4e38eba2c047c85605ce3ffffa9,retrieve,timeout,1,9,2
case_044,retrieval_timeout_once,4,qa,81e11e6e570dcd0f16ee3c8816cd2b39353c8b04601965fc20612a17e1cf62cc,qa,ok,0,8,3
case_044,retrieval_timeout_once,5,coverage,8228d808cd5846fb5f94f3ce345ec4cb10fb8f8c8bf8ba98583a6234e0211872,coverage,ok,0,7,4
case_044,retrieval_timeout_once,6,select,38307473c911d9eaf0ee0d417a8e48320c2e809fae36fb63604dc6f143d4b335,select,ok,0,6,5
case_044,retrieval_timeout_once,7,verdict,06541c59f7bd9bd742c14384c1c6943d6e80953f9b551202c83eff6a577b0dca,verdict,ok,0,5,6
case_044,retrieval_timeout_once,8,finish,c5bb4784c3b2905ad2853079b26ece3c9c9902570604b5bf9c2be3af23f5e61b,terminal,ok,0,4,7
case_044,retrieval_timeout_persistent,0,decompose,b69944b21a8c1b708189999e20b913ca565ca737172db1b2cc6cc985936df9f8,decompose,,0,12,0
case_044,retrieval_timeout_persistent,1,queries,3d25bcabac8fa471feb79783f13686b771b143735b8cccf0820cb02c808929c6,queries,ok,0,11,1
case_044,retrieval_timeout_persistent,2,retrieve,beea96f74592c12fe1fd6e104d0a05391108368a31b1d064a2bf808ebdbe961f,retrieve,ok,0,10,2
case_044,retrieval_timeout_persistent,3,retrieve,f846564ca64d0e9b7caccfaf6d48c6d8f311e4e38eba2c047c85605ce3ffffa9,retrieve,timeout,1,9,2
case_044,retrieval_timeout_persistent,4,abort,036dfb94c78d5722bd3b83089bcad7224900ce636decea28ee0df649ff923e7c,retrieve,timeout,2,8,2
case_045,nominal,0,decompose,b69944b21a8c1b708189999e20b913ca565ca737172db1b2cc6cc985936df9f8,decompose,,0,12,0
case_045,nominal,1,queries,3d25bcabac8fa471feb79783f13686b771b143735b8cccf0820cb02c808929c6,queries,ok,0,11,1
case_045,nominal,2,retrieve,afe2fd4ee6de5373d715e48eb11b01ede63ba2a30d73f32059c55114f074703d,retrieve,ok,0,10,2
case_045,nominal,3,qa,1af1d0c11332c24742feb1f6658eae397b4c2a5388250f3a033317a031dae24e,qa,ok,0,9,3
case_045,nominal,4,coverage,8cca00a3feaf42e30573e28c2f17377330cf42efd2050521519e3d5c61890cd1,coverage,ok,0,8,4
case_045,nominal,5,select,aba22f928c2b09e72cab8d4deed6b38744dbf958917d1a2a1a13f1581f2f0c50,select,ok,0,7,5
case_045,nominal,6,verdict,fb9d28f5c688d93c05b23fb19ce2c672172c2711e16c19f4ed630bcbbbfa9619,verdict,ok,0,6,6
case_045,nominal,7,verdict,ce081355be9d8f8107a1c2f64ab9e13471800756c2b757ae47c2047f96aaecf8,verdict,invalid,1,5,6
case_045,nominal,8,abort,60e02dd41b8432d09b2b14ed89676087111fc936b6e1b2438640e23cbbb2ca1e,verdict,invalid,2,4,6
case_045,retrieval_timeout_once,0,decompose,b69944b21a8c1b708189999e20b913ca565ca737172db1b2cc6cc985936df9f8,decompose,,0,12,0
case_045,retrieval_timeout_once,1,queries,3d25bcabac8fa471feb79783f13686b771b143735b8cccf0820cb02c808929c6,queries,ok,0,11,1
case_045,retrieval_timeout_once,2,retrieve,afe2fd4ee6de5373d715e48eb11b01ede63ba2a30d73f32059c55114f074703d,retrieve,ok,0,10,2
case_045,retrieval_timeout_once,3,retrieve,05f59d5f452124196ab625e644ebc07bf2952d7f33a488a0c8acdb86f49a631c,retrieve,timeout,1,9,2
case_045,retrieval_timeout_once,4,qa,1809108c2935b41d20709ab23940cd516f555ecedc2f6bafe3b6c5310cb7a3c0,qa,ok,0,8,3
case_045,retrieval_timeout_once,5,coverage,fef53fe49ab315a7c8d168a3d9bf29967efb8bbb84d81532779a6cd939037b83,coverage,ok,0,7,4
case_045,retrieval_timeout_once,6,select,00be837a177a58128206e48c997ad44faacbb6a260c1270e43b62176255882b1,select,ok,0,6,5
case_045,retrieval_timeout_once,7,verdict,0cb1127edf08af7c163ad7dc3a9f0d8323bbece4f068a5a66ddbb25d9d031a9e,verdict,ok,0,5,6
case_045,retrieval_timeout_once,8,verdict,d2ef9db37f9498048f39cc6c4d9325a164876e901b4b2b595de6a111d991d6a2,verdict,invalid,1,4,6
case_045,retrieval_timeout_once,9,abort,18e9d033ef83beee23ebae8d9d9b846f31d62185c90b1aa850c4654c25d95c7e,verdict,invalid,2,3,6
case_045,retrieval_timeout_persistent,0,decompose,b69944b21a8c1b708189999e20b913ca565ca737172db1b2cc6cc985936df9f8,decompose,,0,12,0
case_045,retrieval_timeout_persistent,1,queries,3d25bcabac8fa471feb79783f13686b771b143735b8cccf0820cb02c808929c6,queries,ok,0,11,1
case_045,retrieval_timeout_persistent,2,retrieve,afe2fd4ee6de5373d715e48eb11b01ede63ba2a30d73f32059c55114f074703d,retrieve,ok,0,10,2
case_045,retrieval_timeout_persistent,3,retrieve,05f59d5f452124196ab625e644ebc07bf2952d7f33a488a0c8acdb86f49a631c,retrieve,timeout,1,9,2
case_045,retrieval_timeout_persistent,4,abort,7accd533623f133d41be9d6737a68effee557531be60fa88c52c0144b8071b71,retrieve,timeout,2,8,2
case_046,nominal,0,decompose,b69944b21a8c1b708189999e20b913ca565ca737172db1b2cc6cc985936df9f8,decompose,,0,12,0
case_046,nominal,1,queries,3d25bcabac8fa471feb79783f13686b771b143735b8cccf0820cb02c808929c6,queries,ok,0,11,1
case_046,nominal,2,retrieve,afe2fd4ee6de5373d715e48eb11b01ede63ba2a30d73f32059c55114f074703d,retrieve,ok,0,10,2
case_046,nominal,3,qa,7b32ddbab8ba0616ea7fcaf968f689d5b3d7ec8beaa2f6f4f5ea714bd5adbb5a,qa,ok,0,9,3
case_046,nominal,4,coverage,9798b84f260f856cc56f905f3cf3ea37c4667c73b6303c0b57efc9247845cd24,coverage,ok,0,8,4
case_046,nominal,5,select,bd29732cf60e3fb20794bd9cc24f5d500e766b670f20b0a8aa864a1bbd1937a9,select,ok,0,7,5
case_046,nominal,6,verdict,ca0f084af8c9bea5868830a1b135bef2e07ebe75073db5856440c19b84641177,verdict,ok,0,6,6
case_046,nominal,7,finish,1ba87ab3833687cb363aaf8caa91bdcfbc8d17a5c3b837b73cd045fd24aa9b5c,terminal,ok,0,5,7
case_046,retrieval_timeout_once,0,decompose,b69944b21a8c1b708189999e20b913ca565ca737172db1b2cc6cc985936df9f8,decompose,,0,12,0
case_046,retrieval_timeout_once,1,queries,3d25bcabac8fa471feb79783f13686b771b143735b8cccf0820cb02c808929c6,queries,ok,0,11,1
case_046,retrieval_timeout_once,2,retrieve,afe2fd4ee6de5373d715e48eb11b01ede63ba2a30d73f32059c55114f074703d,retrieve,ok,0,10,2
case_046,retrieval_timeout_once,3,retrieve,05f59d5f452124196ab625e644ebc07bf2952d7f33a488a0c8acdb86f49a631c,retrieve,timeout,1,9,2
case_046,retrieval_timeout_once,4,qa,e9a9563637dda3fadc1a27399b6c64bb3f4a49c58b796a08722f4bac6e8dae9b,qa,ok,0,8,3
case_046,retrieval_timeout_once,5,coverage,f10b05b433928a303427838c558ff680c811e36858d7a81b971218db6d55fdf8,coverage,ok,0,7,4
case_046,retrieval_timeout_once,6,select,25608dd0dd596308dfb805e4ce855e374b8b5a2280bfaaf8867cf2749497e381,select,ok,0,6,5
case_046,retrieval_timeout_once,7,verdict,376423487ea1c691be973baa8c03a391c13df78bc6eed1ff5b1e8986411be533,verdict,ok,0,5,6
case_046,retrieval_timeout_once,8,finish,3c6aa3e58f1bc4a4e07d5a67e0cf24ee6e58710657ea15160ff9249e815efb0a,terminal,ok,0,4,7
case_046,retrieval_timeout_persistent,0,decompose,b69944b21a8c1b708189999e20b913ca565ca737172db1b2cc6cc985936df9f8,decompose,,0,12,0
case_046,retrieval_timeout_persistent,1,queries,3d25bcabac8fa471feb79783f13686b771b143735b8cccf0820cb02c808929c6,queries,ok,0,11,1
case_046,retrieval_timeout_persistent,2,retrieve,afe2fd4ee6de5373d715e48eb11b01ede63ba2a30d73f32059c55114f074703d,retrieve,ok,0,10,2
case_046,retrieval_timeout_persistent,3,retrieve,05f59d5f452124196ab625e644ebc07bf2952d7f33a488a0c8acdb86f49a631c,retrieve,timeout,1,9,2
case_046,retrieval_timeout_persistent,4,abort,7accd533623f133d41be9d6737a68effee557531be60fa88c52c0144b8071b71,retrieve,timeout,2,8,2
case_047,nominal,0,decompose,b69944b21a8c1b708189999e20b913ca565ca737172db1b2cc6cc985936df9f8,decompose,,0,12,0
case_047,nominal,1,queries,3d25bcabac8fa471feb79783f13686b771b143735b8cccf0820cb02c808929c6,queries,ok,0,11,1
case_047,nominal,2,retrieve,0d25a696b10679a7fcbe3375468ec50ca6d6c7621ad2ad1bf91747cba19284c7,retrieve,ok,0,10,2
case_047,nominal,3,qa,1c303b6d888313357f1a9509cb1afd7760f699cd3ab9b1dc0ac23c2e4cbed3ff,qa,ok,0,9,3
case_047,nominal,4,coverage,4445f8c0a167483610017702704b7037cb8e84d9a293506045166644dde370f0,coverage,ok,0,8,4
case_047,nominal,5,select,8432ea10b80b7e5351b3015efd6ff84b4ed8c68378d788caa7f983792985e007,select,ok,0,7,5
case_047,nominal,6,verdict,1758ae1d1fd77d3e6d054e13921b5360909fb95748c0b2f7ba9f5f336f5ea81e,verdict,ok,0,6,6
case_047,nominal,7,finish,b78cd17eb41c291797aabf3bedf80a33420705a3151e4d3a237123758b2b56e4,terminal,ok,0,5,7
case_047,retrieval_timeout_once,0,decompose,b69944b21a8c1b708189999e20b913ca565ca737172db1b2cc6cc985936df9f8,decompose,,0,12,0
case_047,retrieval_timeout_once,1,queries,3d25bcabac8fa471feb79783f13686b771b143735b8cccf0820cb02c808929c6,queries,ok,0,11,1
case_047,retrieval_timeout_once,2,retrieve,0d25a696b10679a7fcbe3375468ec50ca6d6c7621ad2ad1bf91747cba19284c7,retrieve,ok,0,10,2
case_047,retrieval_timeout_once,3,retrieve,190755ba8e74e12d932f5483e843b535b9648a20488e17d38942ce58107fff3a,retrieve,timeout,1,9,2
case_047,retrieval_timeout_once,4,qa,ce953aa23db906fe11acc7a46c3c38116e7e9e1fe3df1482845ab93cf517f826,qa,ok,0,8,3
case_047,retrieval_timeout_once,5,coverage,84e3ef0bdd4426028e2b2cf1003d92a11c7217f44e815ac0c11285c0017c34a9,coverage,ok,0,7,4
case_047,retrieval_timeout_once,6,select,44958a3a120033ff2821aeea08214da2a2070d96c0868de569e9212b796de3b1,select,ok,0,6,5
case_047,retrieval_timeout_once,7,verdict,8ae1fb5f60870c70fdda3e346db4f81df18508e6027d3983b3a79da9b7a402a2,verdict,ok,0,5,6
case_047,retrieval_timeout_once,8,finish,1a9447b99e5f0cc5a0a2813fe18b6b9d6fa9fb3cd84438fbe33bbe9efbee7465,terminal,ok,0,4,7
case_047,retrieval_timeout_persistent,0,decompose,b69944b21a8c1b708189999e20b913ca565ca737172db1b2cc6cc985936df9f8,decompose,,0,12,0
case_047,retrieval_timeout_persistent,1,queries,3d25bcabac8fa471feb79783f13686b771b143735b8cccf0820cb02c808929c6,queries,ok,0,11,1
case_047,retrieval_timeout_persistent,2,retrieve,0d25a696b10679a7fcbe3375468ec50ca6d6c7621ad2ad1bf91747cba19284c7,retrieve,ok,0,10,2
case_047,retrieval_timeout_persistent,3,retrieve,190755ba8e74e12d932f5483e843b535b9648a20488e17d38942ce58107fff3a,retrieve,timeout,1,9,2
case_047,retrieval_timeout_persistent,4,abort,064f4e4d0aeb4742b1e45b7043c59ce31ac289a1092af8a5340255f54c6057f2,retrieve,timeout,2,8,2
case_048,nominal,0,decompose,b69944b21a8c1b708189999e20b913ca565ca737172db1b2cc6cc985936df9f8,decompose,,0,12,0
case_048,nominal,1,queries,3d25bcabac8fa471feb79783f13686b771b143735b8cccf0820cb02c808929c6,queries,ok,0,11,1
case_048,nominal,2,retrieve,beea96f74592c12fe1fd6e104d0a05391108368a31b1d064a2bf808ebdbe961f,retrieve,ok,0,10,2
case_048,nominal,3,qa,944ee72a84a1dfe452e21ceefa5a3ef306f4be20ce47b4f5b129261a58627dbb,qa,ok,0,9,3
case_048,nominal,4,coverage,33b702d32cd5bba928245617c8c1fc77c850c260a49dabe85a82e6ec735b1c70,coverage,ok,0,8,4
case_048,nominal,5,select,3ab48dad109ebe1b63411f031d20742d10aec3076160e8384086ec8f7cc5228c,select,ok,0,7,5
case_048,nominal,6,verdict,9a2bbb648a68d44fce743446c05b5c737de8c569fd59c72764c1c838ed53b99f,verdict,ok,0,6,6
case_048,nominal,7,verdict,7dbf9489a64a5b2926d90b28a25606887da25df1e8a56b0441e679b7b2340c1d,verdict,invalid,1,5,6
case_048,nominal,8,abort,da22b0f9cf05b7fc33c1e89b035120ddc1d22ad08f77e63349adccf6d8fa91ba,verdict,invalid,2,4,6
case_048,retrieval_timeout_once,0,decompose,b69944b21a8c1b708189999e20b913ca565ca737172db1b2cc6cc985936df9f8,decompose,,0,12,0
case_048,retrieval_timeout_once,1,queries,3d25bcabac8fa471feb79783f13686b771b143735b8cccf0820cb02c808929c6,queries,ok,0,11,1
case_048,retrieval_timeout_once,2,retrieve,beea96f74592c12fe1fd6e104d0a05391108368a31b1d064a2bf808ebdbe961f,retrieve,ok,0,10,2
case_048,retrieval_timeout_once,3,retrieve,f846564ca64d0e9b7caccfaf6d48c6d8f311e4e38eba2c047c85605ce3ffffa9,retrieve,timeout,1,9,2
case_048,retrieval_timeout_once,4,qa,a3afc81aa5d394e8f6b22911c508635f7d25c5101c99b7ca725b2cf8cc1f3e46,qa,ok,0,8,3
case_048,retrieval_timeout_once,5,coverage,5efaef3773383478c8080647e66c364416a9052724eead202dcc9799af88c05a,coverage,ok,0,7,4
case_048,retrieval_timeout_once,6,select,5de707d05b5813bc85484fa6ecc13fbfaa12ac3515a3d78a1980576c392bf065,select,ok,0,6,5
case_048,retrieval_timeout_once,7,verdict,a6aea093b320b839fe79076f6a398786842614c7f4a97a09f50b3bfeb6915331,verdict,ok,0,5,6
case_048,retrieval_timeout_once,8,verdict,10344e3fbb2ac3edcb47f937524e110256d39087167d5f7706ccd4d81e49fdfa,verdict,invalid,1,4,6
case_048,retrieval_timeout_once,9,abort,cf471ee85c74bb0d630baaefc1be3ac0991d6c01a23114b3bb4a578b2066cfb3,verdict,invalid,2,3,6
case_048,retrieval_timeout_persistent,0,decompose,b69944b21a8c1b708189999e20b913ca565ca737172db1b2cc6cc985936df9f8,decompose,,0,12,0
case_048,retrieval_timeout_persistent,1,queries,3d25bcabac8fa471feb79783f13686b771b143735b8cccf0820cb02c808929c6,queries,ok,0,11,1
case_048,retrieval_timeout_persistent,2,retrieve,beea96f74592c12fe1fd6e104d0a05391108368a31b1d064a2bf808ebdbe961f,retrieve,ok,0,10,2
case_048,retrieval_timeout_persistent,3,retrieve,f846564ca64d0e9b7caccfaf6d48c6d8f311e4e38eba2c047c85605ce3ffffa9,retrieve,timeout,1,9,2
case_048,retrieval_timeout_persistent,4,abort,036dfb94c78d5722bd3b83089bcad7224900ce636decea28ee0df649ff923e7c,retrieve,timeout,2,8,2
case_049,nominal,0,decompose,b69944b21a8c1b708189999e20b913ca565ca737172db1b2cc6cc985936df9f8,decompose,,0,12,0
case_049,nominal,1,queries,4e928a4b7b95ba24dce4d2d8980272053cad1d4a0048343520ee39d6ef79f868,queries,ok,0,11,1
case_049,nominal,2,retrieve,d1abc4749109f84fd307a19bc8446a0c839139ea6cdd2a32ff2c8d53f5cd8cc5,retrieve,ok,0,10,2
case_049,nominal,3,qa,0a04e1aa8ab4dd6576ec9007e58ec63d5c1a658d133c278126c1ea353c3ae36b,qa,ok,0,9,3
case_049,nominal,4,coverage,3df84e1da83c08b555a3bd495beb947f31abad0b971916735c35a829cdd5d547,coverage,ok,0,8,4
case_049,nominal,5,select,a7ee21c018bb184d3ed7dfd25eedd3d6e340d40c5b132913d35b20ac44f68214,select,ok,0,7,5
case_049,nominal,6,verdict,266da6537b7a90e91e01a2cbddcf2ec4e03a05e6687093c3ce722bd0fab129e8,verdict,ok,0,6,6
case_049,nominal,7,verdict,f154d8be867370f595f89ff31c68aa3a396f5e7f8ddaacefc9838528a182d155,verdict,invalid,1,5,6
case_049,nominal,8,abort,d5d1a11b13c38fc87944557023c63e88a3565e9246bb8ff89f7b2423a2285a50,verdict,invalid,2,4,6
case_049,retrieval_timeout_once,0,decompose,b69944b21a8c1b708189999e20b913ca565ca737172db1b2cc6cc985936df9f8,decompose,,0,12,0
case_049,retrieval_timeout_once,1,queries,4e928a4b7b95ba24dce4d2d8980272053cad1d4a0048343520ee39d6ef79f868,queries,ok,0,11,1
case_049,retrieval_timeout_once,2,retrieve,d1abc4749109f84fd307a19bc8446a0c839139ea6cdd2a32ff2c8d53f5cd8cc5,retrieve,ok,0,10,2
case_049,retrieval_timeout_once,3,retrieve,f16a92e7fb89853ae0a2d99febc9fa98e25efa22e68bef27ca141a6b564427ec,retrieve,timeout,1,9,2
case_049,retrieval_timeout_once,4,qa,ed72272ba836c956cd8db5c7bea6e347687429b8ec6dabc2defd018e86362d42,qa,ok,0,8,3
case_049,retrieval_timeout_once,5,coverage,b620e13745a53c76449a2ac2a8ec79101df3736e149efb06f11d92a3c59a15b7,coverage,ok,0,7,4
case_049,retrieval_timeout_once,6,select,107089e9f54365298fc90b69875d0344a48aca71877fa3765fb983b868a3700e,select,ok,0,6,5
case_049,retrieval_timeout_once,7,verdict,d9f30e8a654133b965172ce55e6d410ee3f0e1929a34eee214830d0fd801373a,verdict,ok,0,5,6
case_049,retrieval_timeout_once,8,verdict,d585bf11b8a3e41b053cb746ca341d3f840cc9bdd49fa843ef4360b369e1937b,verdict,invalid,1,4,6
case_049,retrieval_timeout_once,9,abort,4fae8f567a00149dc1ea8095c42500f655b71ec8a51c820180c597024f776108,verdict,invalid,2,3,6
case_049,retrieval_timeout_persistent,0,decompose,b69944b21a8c1b708189999e20b913ca565ca737172db1b2cc6cc985936df9f8,decompose,,0,12,0
case_049,retrieval_timeout_persistent,1,queries,4e928a4b7b95ba24dce4d2d8980272053cad1d4a0048343520ee39d6ef79f868,queries,ok,0,11,1
case_049,retrieval_timeout_persistent,2,retrieve,d1abc4749109f84fd307a19bc8446a0c839139ea6cdd2a32ff2c8d53f5cd8cc5,retrieve,ok,0,10,2
case_049,retrieval_timeout_persistent,3,retrieve,f16a92e7fb89853ae0a2d99febc9fa98e25efa22e68bef27ca141a6b564427ec,retrieve,timeout,1,9,2
case_049,retrieval_timeout_persistent,4,abort,2d89ebd4efb2e632891bdfe07288ae29bc9f4cd5a2af771cc25737d2043df507,retrieve,timeout,2,8,2
case_050,nominal,0,decompose,b69944b21a8c1b708189999e20b913ca565ca737172db1b2cc6cc985936df9f8,decompose,,0,12,0
case_050,nominal,1,queries,4e928a4b7b95ba24dce4d2d8980272053cad1d4a0048343520ee39d6ef79f868,queries,ok,0,11,1
case_050,nominal,2,retrieve,85cd13846d6cd7d6664e08599854f96be15135c211753d6af896c1080c053f2f,retrieve,ok,0,10,2
case_050,nominal,3,qa,e78b1810270b2c9d02d49c339a561c24ea55b9633a5498a1e958e3df862e8a19,qa,ok,0,9,3
case_050,nominal,4,coverage,42d7962e57a50c6653100c5512f15f9f92a9a50abe7267d607eded421a31ebbf,coverage,ok,0,8,4
case_050,nominal,5,select,e2db03a975a094acebfb70b5a40609a4dff19d8d5a7027b8fcfaa149223bb05b,select,ok,0,7,5
case_050,nominal,6,verdict,94ccfba7fc9b4a3db8d5a68e9d4ef759ca00de6639fcf90d55d6254de2258844,verdict,ok,0,6,6
case_050,nominal,7,verdict,5959159a4566b975b3994800246e0e42fe677015882fe38e847a062b862b66b0,verdict,invalid,1,5,6
case_050,nominal,8,abort,18e7104876028c1ea65f00b0732d9371f7812280fa2aeca1f7e6236493e9cbed,verdict,invalid,2,4,6
case_050,retrieval_timeout_once,0,decompose,b69944b21a8c1b708189999e20b913ca565ca737172db1b2cc6cc985936df9f8,decompose,,0,12,0
case_050,retrieval_timeout_once,1,queries,4e928a4b7b95ba24dce4d2d8980272053cad1d4a0048343520ee39d6ef79f868,queries,ok,0,11,1
case_050,retrieval_timeout_once,2,retrieve,85cd13846d6cd7d6664e08599854f96be15135c211753d6af896c1080c053f2f,retrieve,ok,0,10,2
case_050,retrieval_timeout_once,3,retrieve,068d4707aa9a65e1dd4fcc34369dce6d92adeeb8a48b72177a00f9ee268ba822,retrieve,timeout,1,9,2
case_050,retrieval_timeout_once,4,qa,7f620601c8408b2d02f2530620ce7047617ff9e8daf52cd469602939661085ee,qa,ok,0,8,3
case_050,retrieval_timeout_once,5,coverage,59a25e1b2a489cc44a7168df4ec4f44f164b6e789ea8a5abd2ab8935b42d34e3,coverage,ok,0,7,4
case_050,retrieval_timeout_once,6,select,5ae72f81a0657650f84427b693b384df3d42f6869adf5b8ea19a9c6c241f75ec,select,ok,0,6,5
case_050,retrieval_timeout_once,7,verdict,a044c3dfdcf1ece34bec318db45fbbdbb0bdfd9d39382ab33a71efd85ad0b496,verdict,ok,0,5,6
case_050,retrieval_timeout_once,8,verdict,8dc67231db4f5dce9168f172a871475771a0f8c95895e03400d7b7958a9dd764,verdict,invalid,1,4,6
case_050,retrieval_timeout_once,9,abort,1c31c3118db5efdc618fbb50b4c4223909d63fb375dfe89f5c8759dc2a683d9e,verdict,invalid,2,3,6
case_050,retrieval_timeout_persistent,0,decompose,b69944b21a8c1b708189999e20b913ca565ca737172db1b2cc6cc985936df9f8,decompose,,0,12,0
case_050,retrieval_timeout_persistent,1,queries,4e928a4b7b95ba24dce4d2d8980272053cad1d4a0048343520ee39d6ef79f868,queries,ok,0,11,1
case_050,retrieval_timeout_persistent,2,retrieve,85cd13846d6cd7d6664e08599854f96be15135c211753d6af896c1080c053f2f,retrieve,ok,0,10,2
case_050,retrieval_timeout_persistent,3,retrieve,068d4707aa9a65e1dd4fcc34369dce6d92adeeb8a48b72177a00f9ee268ba822,retrieve,timeout,1,9,2
case_050,retrieval_timeout_persistent,4,abort,e27f35017b681140f88b82ba7bf128147620d3469b5057d36c0d8b40e7362bc7,retrieve,timeout,2,8,2
case_051,nominal,0,decompose,b69944b21a8c1b708189999e20b913ca565ca737172db1b2cc6cc985936df9f8,decompose,,0,12,0
case_051,nominal,1,queries,3d25bcabac8fa471feb79783f13686b771b143735b8cccf0820cb02c808929c6,queries,ok,0,11,1
case_051,nominal,2,retrieve,afe2fd4ee6de5373d715e48eb11b01ede63ba2a30d73f32059c55114f074703d,retrieve,ok,0,10,2
case_051,nominal,3,qa,706a2f04cddddbe991d7fef85774b73f5ce60038bbd1d3e3d103e956f85c35c4,qa,ok,0,9,3
case_051,nominal,4,coverage,eaeca37d00e0a918b7d1f43883bb9ecfff1d04ac8a17efa519b77248bee994fd,coverage,empty,0,8,4
case_051,nominal,5,select,ae324a992cceccb6d503212e65fa094d68249d7fa0da27f653dcb67df65a9a2b,select,ok,0,7,5
case_051,nominal,6,verdict,d1efdd6ed31539ebacdbc55e6d26003c221b0b3b44d638fc0f41053202b08e9b,verdict,empty,0,6,6
case_051,nominal,7,verdict,0229f378f4ad90b180dc1b4bf122666ac4aa39ea3a0b71bde03750fcb4917e4b,verdict,invalid,1,5,6
case_051,nominal,8,abort,5ff0787260e7585ac8cd1cc47531bc0c012d3a86f7ada103bd6a6a2cd90590e6,verdict,invalid,2,4,6
case_051,retrieval_timeout_once,0,decompose,b69944b21a8c1b708189999e20b913ca565ca737172db1b2cc6cc985936df9f8,decompose,,0,12,0
case_051,retrieval_timeout_once,1,queries,3d25bcabac8fa471feb79783f13686b771b143735b8cccf0820cb02c808929c6,queries,ok,0,11,1
case_051,retrieval_timeout_once,2,retrieve,afe2fd4ee6de5373d715e48eb11b01ede63ba2a30d73f32059c55114f074703d,retrieve,ok,0,10,2
case_051,retrieval_timeout_once,3,retrieve,05f59d5f452124196ab625e644ebc07bf2952d7f33a488a0c8acdb86f49a631c,retrieve,timeout,1,9,2
case_051,retrieval_timeout_once,4,qa,17d06b7b6b1d23fa7c6bb86f052c6afc8347bcff5fef3fe374e82507c9dc865f,qa,ok,0,8,3
case_051,retrieval_timeout_once,5,coverage,cc0d478a50bcee2660d119d9609e74910416cdd5023b4c2cb7158908e3ba508b,coverage,empty,0,7,4
case_051,retrieval_timeout_once,6,select,ceb59c59872adb4e09591dbb0b2f4546f31563995ffd7829ef8a4172453b00fd,select,ok,0,6,5
case_051,retrieval_timeout_once,7,verdict,d3632c72c03083bdcc30e44b31f5a9d3bae132df43b61af8c0ec2ee20f2965df,verdict,empty,0,5,6
case_051,retrieval_timeout_once,8,verdict,68493950759b56b0debdedbac7fac0db94de3f915361dbbfc4477ed15cb034d8,verdict,invalid,1,4,6
case_051,retrieval_timeout_once,9,abort,e3450e3e6d332c79b4a4a254efe24f0dd0850b3776ca85d13aa4a3dc68908132,verdict,invalid,2,3,6
case_051,retrieval_timeout_persistent,0,decompose,b69944b21a8c1b708189999e20b913ca565ca737172db1b2cc6cc985936df9f8,decompose,,0,12,0
case_051,retrieval_timeout_persistent,1,queries,3d25bcabac8fa471feb79783f13686b771b143735b8cccf0820cb02c808929c6,queries,ok,0,11,1
case_051,retrieval_timeout_persistent,2,retrieve,afe2fd4ee6de5373d715e48eb11b01ede63ba2a30d73f32059c55114f074703d,retrieve,ok,0,10,2
case_051,retrieval_timeout_persistent,3,retrieve,05f59d5f452124196ab625e644ebc07bf2952d7f33a488a0c8acdb86f49a631c,retrieve,timeout,1,9,2
case_051,retrieval_timeout_persistent,4,abort,7accd533623f133d41be9d6737a68effee557531be60fa88c52c0144b8071b71,retrieve,timeout,2,8,2
case_052,nominal,0,decompose,b69944b21a8c1b708189999e20b913ca565ca737172db1b2cc6cc985936df9f8,decompose,,0,12,0
case_052,nominal,1,queries,3d25bcabac8fa471feb79783f13686b771b143735b8cccf0820cb02c808929c6,queries,ok,0,11,1
case_052,nominal,2,retrieve,d303e766583493d9dff273d091b4320ee571533ea20b220485a08d46bd64524b,retrieve,ok,0,10,2
case_052,nominal,3,qa,17c451e813ef0617afe0a868a22e07672432b0346c4358b0368334cb200ac32f,qa,ok,0,9,3
case_052,nominal,4,coverage,9c8d52e769f85c9396878eafea9c5c1336767308ad1c66378108afe664bd8c67,coverage,empty,0,8,4
case_052,nominal,5,select,2db8916ada0c9312950d494d4e0dc95866ad580f3ff05aa12397c56253266fc6,select,ok,0,7,5
case_052,nominal,6,verdict,b1bd34f83aef46b7fd9b6b9eda398c6afeac6d64d6a3880ed2ea6b69a50d89ed,verdict,empty,0,6,6
case_052,nominal,7,verdict,5e92ab2e2db7a4fdc011b56d1a14d4ab3873ed65adf2eee0e657eba5867ea420,verdict,invalid,1,5,6
case_052,nominal,8,abort,c57dc6f30b06d7d0a69f4e4a90998ca46e81b77331ae5c76d267107d91372717,verdict,invalid,2,4,6
case_052,retrieval_timeout_once,0,decompose,b69944b21a8c1b708189999e20b913ca565ca737172db1b2cc6cc985936df9f8,decompose,,0,12,0
case_052,retrieval_timeout_once,1,queries,3d25bcabac8fa471feb79783f13686b771b143735b8cccf0820cb02c808929c6,queries,ok,0,11,1
case_052,retrieval_timeout_once,2,retrieve,d303e766583493d9dff273d091b4320ee571533ea20b220485a08d46bd64524b,retrieve,ok,0,10,2
case_052,retrieval_timeout_once,3,retrieve,11d75ad8a3dd78bd10712aaab60f9df6f4fc3aa74d65bd9181e1a4ec5aaaeda0,retrieve,timeout,1,9,2
case_052,retrieval_timeout_once,4,qa,4142a577f36e07ea4eda5b47ab8a929240393e416b0d12338626f4263c5ae43e,qa,ok,0,8,3
case_052,retrieval_timeout_once,5,coverage,069ab04c04d06cfe0935739c7af539eee3502ac098c9abf16245e7e6dfedc3fe,coverage,empty,0,7,4
case_052,retrieval_timeout_once,6,select,4edd247ea1d5418221139e88839ec9a3c2ba19779b05112f6852946ec7641ed6,select,ok,0,6,5
case_052,retrieval_timeout_once,7,verdict,86e8f2d98b64717f4f9c19939aec50fc7eed127e32cbf6a2dc4b28453181672c,verdict,empty,0,5,6
case_052,retrieval_timeout_once,8,verdict,537748b80d5092216ed2f1169aa9efbfd5b4afac0b1b175055a4601cabfec6e3,verdict,invalid,1,4,6
case_052,retrieval_timeout_once,9,abort,469e2a87b378e830f41b409a346e270b950fbd825abdd99b69dd14f8ba3fb971,verdict,invalid,2,3,6
case_052,retrieval_timeout_persistent,0,decompose,b69944b21a8c1b708189999e20b913ca565ca737172db1b2cc6cc985936df9f8,decompose,,0,12,0
case_052,retrieval_timeout_persistent,1,queries,3d25bcabac8fa471feb79783f13686b771b143735b8cccf0820cb02c808929c6,queries,ok,0,11,1
case_052,retrieval_timeout_persistent,2,retrieve,d303e766583493d9dff273d091b4320ee571533ea20b220485a08d46bd64524b,retrieve,ok,0,10,2
case_052,retrieval_timeout_persistent,3,retrieve,11d75ad8a3dd78bd10712aaab60f9df6f4fc3aa74d65bd9181e1a4ec5aaaeda0,retrieve,timeout,1,9,2
case_052,retrieval_timeout_persistent,4,abort,bb97fd2737bd39f117130eeb20203c568bd1f229291d7a190762fe156a043c83,retrieve,timeout,2,8,2
case_053,nominal,0,decompose,b69944b21a8c1b708189999e20b913ca565ca737172db1b2cc6cc985936df9f8,decompose,,0,12,0
case_053,nominal,1,queries,3d25bcabac8fa471feb79783f13686b771b143735b8cccf0820cb02c808929c6,queries,ok,0,11,1
case_053,nominal,2,retrieve,beea96f74592c12fe1fd6e104d0a05391108368a31b1d064a2bf808ebdbe961f,retrieve,ok,0,10,2
case_053,nominal,3,qa,5624a9c0cf376b0c8a31e8abef5f06b2bb0724a2061f3e313519ece41975a5cc,qa,ok,0,9,3
case_053,nominal,4,coverage,714339e517c0228022785313a7b737851c390fc87c96f5f3e189db0b5c990e09,coverage,empty,0,8,4
case_053,nominal,5,select,a4b2164b4a2eed146201a485346bc4a9b300fa6158da5135a6eb3036058d15ec,select,ok,0,7,5
case_053,nominal,6,verdict,437839409ea004ba9dfb786dbf5a5fdf3c1eb41a68f3925dd91277c3cfd25567,verdict,empty,0,6,6
case_053,nominal,7,finish,2644026e62c8c4d4425fa40b3a55ab42739c0b558e31f9f7a5a3ab00cfc2ea5a,terminal,ok,0,5,7
case_053,retrieval_timeout_once,0,decompose,b69944b21a8c1b708189999e20b913ca565ca737172db1b2cc6cc985936df9f8,decompose,,0,12,0
case_053,retrieval_timeout_once,1,queries,3d25bcabac8fa471feb79783f13686b771b143735b8cccf0820cb02c808929c6,queries,ok,0,11,1
case_053,retrieval_timeout_once,2,retrieve,beea96f74592c12fe1fd6e104d0a05391108368a31b1d064a2bf808ebdbe961f,retrieve,ok,0,10,2
case_053,retrieval_timeout_once,3,retrieve,f846564ca64d0e9b7caccfaf6d48c6d8f311e4e38eba2c047c85605ce3ffffa9,retrieve,timeout,1,9,2
case_053,retrieval_timeout_once,4,qa,439deb95c2949e7ab4e943763ea3ba368804fd69d67fd3f5177f2a386146ecf3,qa,ok,0,8,3
case_053,retrieval_timeout_once,5,coverage,52bafe9f9533c9d50415500b88b756f4bc9e920d95f81e074e91ee191de8de16,coverage,empty,0,7,4
case_053,retrieval_timeout_once,6,select,0f7fa6f2dff792c69b06cc44fb1a4f64f834975e979a92ffe76cc3559884cf9a,select,ok,0,6,5
case_053,retrieval_timeout_once,7,verdict,65d98d8fb96a19bfdc89f1513dcc24e7ebbe50e46820b80f5f4773e876cee1d4,verdict,empty,0,5,6
case_053,retrieval_timeout_once,8,finish,2b99df3e220f0dc388de9b8ad2b1be76cd74763932b08f4971159eecb9507a4a,terminal,ok,0,4,7
case_053,retrieval_timeout_persistent,0,decompose,b69944b21a8c1b708189999e20b913ca565ca737172db1b2cc6cc985936df9f8,decompose,,0,12,0
case_053,retrieval_timeout_persistent,1,queries,3d25bcabac8fa471feb79783f13686b771b143735b8cccf0820cb02c808929c6,queries,ok,0,11,1
case_053,retrieval_timeout_persistent,2,retrieve,beea96f74592c12fe1fd6e104d0a05391108368a31b1d064a2bf808ebdbe961f,retrieve,ok,0,10,2
case_053,retrieval_timeout_persistent,3,retrieve,f846564ca64d0e9b7caccfaf6d48c6d8f311e4e38eba2c047c85605ce3ffffa9,retrieve,timeout,1,9,2
case_053,retrieval_timeout_persistent,4,abort,036dfb94c78d5722bd3b83089bcad7224900ce636decea28ee0df649ff923e7c,retrieve,timeout,2,8,2
case_054,nominal,0,decompose,b69944b21a8c1b708189999e20b913ca565ca737172db1b2cc6cc985936df9f8,decompose,,0,12,0
case_054,nominal,1,queries,3d25bcabac8fa471feb79783f13686b771b143735b8cccf0820cb02c808929c6,queries,ok,0,11,1
case_054,nominal,2,retrieve,beea96f74592c12fe1fd6e104d0a05391108368a31b1d064a2bf808ebdbe961f,retrieve,ok,0,10,2
case_054,nominal,3,qa,f3b75ffa99b2f67994bcf7c31c2fee13845eaf869d8a33fb00cf7be0fc693996,qa,ok,0,9,3
case_054,nominal,4,coverage,2aa9d0eff7349c2b5505a6126c74cb3c799e12e5451d9c44cc489760b2efdba1,coverage,ok,0,8,4
case_054,nominal,5,select,4cbfad6effdb45a2a7abfa65d0781ca1b3ed31e0a728641aefbbd5ef817fec03,select,ok,0,7,5
case_054,nominal,6,verdict,f98943186c5752fd258cbf13cfb7c133efe5bf6868947b13ee948d89c8127740,verdict,ok,0,6,6
case_054,nominal,7,finish,47d0b4152df955d9ba1e26462a264ef2d39a2cef046fe2afb67c5f1ef6f8399b,terminal,ok,0,5,7
case_054,retrieval_timeout_once,0,decompose,b69944b21a8c1b708189999e20b913ca565ca737172db1b2cc6cc985936df9f8,decompose,,0,12,0
case_054,retrieval_timeout_once,1,queries,3d25bcabac8fa471feb79783f13686b771b143735b8cccf0820cb02c808929c6,queries,ok,0,11,1
case_054,retrieval_timeout_once,2,retrieve,beea96f74592c12fe1fd6e104d0a05391108368a31b1d064a2bf808ebdbe961f,retrieve,ok,0,10,2
case_054,retrieval_timeout_once,3,retrieve,f846564ca64d0e9b7caccfaf6d48c6d8f311e4e38eba2c047c85605ce3ffffa9,retrieve,timeout,1,9,2
case_054,retrieval_timeout_once,4,qa,8cfca6666fbf562f1683f673e5e192443789af51eb50ac5d354e97d86e6cbfa7,qa,ok,0,8,3
case_054,retrieval_timeout_once,5,coverage,84f3ecfb682bdfa7325cce78e547b25b645cd7c8d4183117c2674f448caa7fc1,coverage,ok,0,7,4
case_054,retrieval_timeout_once,6,select,a8754eedde85719a2e511c423ab0d7d758219ad9eb3ad5a0e27e06b888de34bd,select,ok,0,6,5
case_054,retrieval_timeout_once,7,verdict,9d9278b3e96b9663134f335feadf1908b1ba234248580ace661b8503c50906ab,verdict,ok,0,5,6
case_054,retrieval_timeout_once,8,finish,e847223f11116a41524075c9b5234775f06ae0e9baf786473815e1679e3153b2,terminal,ok,0,4,7
case_054,retrieval_timeout_persistent,0,decompose,b69944b21a8c1b708189999e20b913ca565ca737172db1b2cc6cc985936df9f8,decompose,,0,12,0
case_054,retrieval_timeout_persistent,1,queries,3d25bcabac8fa471feb79783f13686b771b143735b8cccf0820cb02c808929c6,queries,ok,0,11,1
case_054,retrieval_timeout_persistent,2,retrieve,beea96f74592c12fe1fd6e104d0a05391108368a31b1d064a2bf808ebdbe961f,retrieve,ok,0,10,2
case_054,retrieval_timeout_persistent,3,retrieve,f846564ca64d0e9b7caccfaf6d48c6d8f311e4e38eba2c047c85605ce3ffffa9,retrieve,timeout,1,9,2
case_054,retrieval_timeout_persistent,4,abort,036dfb94c78d5722bd3b83089bcad7224900ce636decea28ee0df649ff923e7c,retrieve,timeout,2,8,2
case_055,nominal,0,decompose,b69944b21a8c1b708189999e20b913ca565ca737172db1b2cc6cc985936df9f8,decompose,,0,12,0
case_055,nominal,1,queries,3d25bcabac8fa471feb79783f13686b771b143735b8cccf0820cb02c808929c6,queries,ok,0,11,1
case_055,nominal,2,retrieve,beea96f74592c12fe1fd6e104d0a05391108368a31b1d064a2bf808ebdbe961f,retrieve,ok,0,10,2
case_055,nominal,3,qa,c76cbeab46c571816e460dc388a7810caa7d45372ef41d741dfafa9fd23ef2a0,qa,ok,0,9,3
case_055,nominal,4,coverage,6b60deb2419f7bc1901adaafef493756a13f4f4d0fef9b723dc39f538e8ab22a,coverage,empty,0,8,4
case_055,nominal,5,select,6659f573544e2461f3f5782fd4b3c533b3f9735461df8a43455c8b1cbd5269e0,select,ok,0,7,5
case_055,nominal,6,verdict,4ceb6a2465e7d19b86fa5b628709f52a6614adeb3235ca3f47a628ac27eb23e9,verdict,empty,0,6,6
case_055,nominal,7,verdict,5e4ba0890dc1da12119eb02fd82aefa186f991076c99b53993a47116255dfa54,verdict,invalid,1,5,6
case_055,nominal,8,abort,385508bb0055499e939047c1ea6eafa81d8de7f546367b13d67825a525b8271e,verdict,invalid,2,4,6
case_055,retrieval_timeout_once,0,decompose,b69944b21a8c1b708189999e20b913ca565ca737172db1b2cc6cc985936df9f8,decompose,,0,12,0
case_055,retrieval_timeout_once,1,queries,3d25bcabac8fa471feb79783f13686b771b143735b8cccf0820cb02c808929c6,queries,ok,0,11,1
case_055,retrieval_timeout_once,2,retrieve,beea96f74592c12fe1fd6e104d0a05391108368a31b1d064a2bf808ebdbe961f,retrieve,ok,0,10,2
case_055,retrieval_timeout_once,3,retrieve,f846564ca64d0e9b7caccfaf6d48c6d8f311e4e38eba2c047c85605ce3ffffa9,retrieve,timeout,1,9,2
case_055,retrieval_timeout_once,4,qa,fb647ec2fdd341cc812a91dd0617e0e1b64ea5b2849d10ae7ea92df4b3a74171,qa,ok,0,8,3
case_055,retrieval_timeout_once,5,coverage,ae42c30ca1047638e565cf04b0d5c8418d8b65944b095a9e983cf042342167bd,coverage,empty,0,7,4
case_055,retrieval_timeout_once,6,select,25c0d033015fa78636ede29707e6ba00dc88fe3a437e01a90a97332d4dfa72bc,select,ok,0,6,5
case_055,retrieval_timeout_once,7,verdict,181471fc8212451913a26f04e3f0a5c3ae33a3329b58fa7523632fb00069b4cd,verdict,empty,0,5,6
case_055,retrieval_timeout_once,8,verdict,6db1f62b04e064c03c7a0a1f756c82a5298403a43df89cffd35b97ad6cab0df9,verdict,invalid,1,4,6
case_055,retrieval_timeout_once,9,abort,5ba31f06699d6e02878e810e69c9c0da5326afc6c9962c96c821b6fa571e2d50,verdict,invalid,2,3,6
case_055,retrieval_timeout_persistent,0,decompose,b69944b21a8c1b708189999e20b913ca565ca737172db1b2cc6cc985936df9f8,decompose,,0,12,0
case_055,retrieval_timeout_persistent,1,queries,3d25bcabac8fa471feb79783f13686b771b143735b8cccf0820cb02c808929c6,queries,ok,0,11,1
case_055,retrieval_timeout_persistent,2,retrieve,beea96f74592c12fe1fd6e104d0a05391108368a31b1d064a2bf808ebdbe961f,retrieve,ok,0,10,2
case_055,retrieval_timeout_persistent,3,retrieve,f846564ca64d0e9b7caccfaf6d48c6d8f311e4e38eba2c047c85605ce3ffffa9,retrieve,timeout,1,9,2
case_055,retrieval_timeout_persistent,4,abort,036dfb94c78d5722bd3b83089bcad7224900ce636decea28ee0df649ff923e7c,retrieve,timeout,2,8,2
case_056,nominal,0,decompose,b69944b21a8c1b708189999e20b913ca565ca737172db1b2cc6cc985936df9f8,decompose,,0,12,0
case_056,nominal,1,queries,3d25bcabac8fa471feb79783f13686b771b143735b8cccf0820cb02c808929c6,queries,ok,0,11,1
case_056,nominal,2,retrieve,beea96f74592c12fe1fd6e104d0a05391108368a31b1d064a2bf808ebdbe961f,retrieve,ok,0,10,2
case_056,nominal,3,qa,1cf45f82b4115ef705cec68536a3e3d365fdc30e290aa16d20b15ec73c6901e0,qa,ok,0,9,3
case_056,nominal,4,coverage,5569166d2095ab72cf52af9028fa0230f502c43ce14ed20cc4d92af62481fba5,coverage,empty,0,8,4
case_056,nominal,5,select,b70c6ffa3e4f3499235ce1c44e41959aceefdc7b115476d450b4bcc55aeee278,select,ok,0,7,5
case_056,nominal,6,verdict,5b1ec419aecb259bbaff8036dced8a57628661243cf5cdcf63ef327d82321feb,verdict,empty,0,6,6
case_056,nominal,7,verdict,66604029d7ca1e14f94524ad9c6aa8852eacea13c3365cf0751a3ee1650c4bed,verdict,invalid,1,5,6
case_056,nominal,8,abort,f519e2cdeac4df5fef30e86eff017cc71ca7475c9ba7c1223457fb071b46c973,verdict,invalid,2,4,6
case_056,retrieval_timeout_once,0,decompose,b69944b21a8c1b708189999e20b913ca565ca737172db1b2cc6cc985936df9f8,decompose,,0,12,0
case_056,retrieval_timeout_once,1,queries,3d25bcabac8fa471feb79783f13686b771b143735b8cccf0820cb02c808929c6,queries,ok,0,11,1
case_056,retrieval_timeout_once,2,retrieve,beea96f74592c12fe1fd6e104d0a05391108368a31b1d064a2bf808ebdbe961f,retrieve,ok,0,10,2
case_056,retrieval_timeout_once,3,retrieve,f846564ca64d0e9b7caccfaf6d48c6d8f311e4e38eba2c047c85605ce3ffffa9,retrieve,timeout,1,9,2
case_056,retrieval_timeout_once,4,qa,1c44b528311bbae7fb49e9ce8075106d9b637eca3f070a7526fe71cac597a638,qa,ok,0,8,3
case_056,retrieval_timeout_once,5,coverage,7610db3094bee74ce60bbcad11a5b94ccefb632b6105bd732f5196982b6af9ab,coverage,empty,0,7,4
case_056,retrieval_timeout_once,6,select,51403208ac6eb333fea9825b0f2546855596991153214592514153d8e2bd32d7,select,ok,0,6,5
case_056,retrieval_timeout_once,7,verdict,12b3b4a2d27f66a2c8e881f0adb2f4bdd2dd957b246824918f13b5429514c317,verdict,empty,0,5,6
case_056,retrieval_timeout_once,8,verdict,21e0f588b7808a30d96644394398e741c92bc5030794c9e72fce639fe4cb0403,verdict,invalid,1,4,6
case_056,retrieval_timeout_once,9,abort,e78e793e4421c1ad1829d05c905ed8b4385616e0aa5e3128bdb1bc3876b6e942,verdict,invalid,2,3,6
case_056,retrieval_timeout_persistent,0,decompose,b69944b21a8c1b708189999e20b913ca565ca737172db1b2cc6cc985936df9f8,decompose,,0,12,0
case_056,retrieval_timeout_persistent,1,queries,3d25bcabac8fa471feb79783f13686b771b143735b8cccf0820cb02c808929c6,queries,ok,0,11,1
case_056,retrieval_timeout_persistent,2,retrieve,beea96f74592c12fe1fd6e104d0a05391108368a31b1d064a2bf808ebdbe961f,retrieve,ok,0,10,2
case_056,retrieval_timeout_persistent,3,retrieve,f846564ca64d0e9b7caccfaf6d48c6d8f311e4e38eba2c047c85605ce3ffffa9,retrieve,timeout,1,9,2
case_056,retrieval_timeout_persistent,4,abort,036dfb94c78d5722bd3b83089bcad7224900ce636decea28ee0df649ff923e7c,retrieve,timeout,2,8,2
case_057,nominal,0,decompose,b69944b21a8c1b708189999e20b913ca565ca737172db1b2cc6cc985936df9f8,decompose,,0,12,0
case_057,nominal,1,queries,3d25bcabac8fa471feb79783f13686b771b143735b8cccf0820cb02c808929c6,queries,ok,0,11,1
case_057,nominal,2,retrieve,0d25a696b10679a7fcbe3375468ec50ca6d6c7621ad2ad1bf91747cba19284c7,retrieve,ok,0,10,2
case_057,nominal,3,qa,8c312dbd37f9728946c58d2dc2409efda062408802ce92cb12f05cbc267ffd16,qa,ok,0,9,3
case_057,nominal,4,coverage,c3f1996066f671ef946b9f72810250253fbb64682b5b829016cd82a0a941902b,coverage,ok,0,8,4
case_057,nominal,5,select,2004198d17889423dfebbc96c04c562351a8a6ac13cc2aeb9b5dded529f14103,select,ok,0,7,5
case_057,nominal,6,verdict,6698f8526d20a1f7a09418dbbec91cbb5f7d721356a0fa5cd47cc7366448d45d,verdict,ok,0,6,6
case_057,nominal,7,verdict,e7e4f546df9390274693131227f3fa8f0bd28ea486da0d4c37657513e7821d36,verdict,invalid,1,5,6
case_057,nominal,8,abort,dfcb11eb7b3a457ceb1a8ce59bf260f939f6ca65bdf122c9d77bae6ce246b987,verdict,invalid,2,4,6
case_057,retrieval_timeout_once,0,decompose,b69944b21a8c1b708189999e20b913ca565ca737172db1b2cc6cc985936df9f8,decompose,,0,12,0
case_057,retrieval_timeout_once,1,queries,3d25bcabac8fa471feb79783f13686b771b143735b8cccf0820cb02c808929c6,queries,ok,0,11,1
case_057,retrieval_timeout_once,2,retrieve,0d25a696b10679a7fcbe3375468ec50ca6d6c7621ad2ad1bf91747cba19284c7,retrieve,ok,0,10,2
case_057,retrieval_timeout_once,3,retrieve,190755ba8e74e12d932f5483e843b535b9648a20488e17d38942ce58107fff3a,retrieve,timeout,1,9,2
case_057,retrieval_timeout_once,4,qa,3cb79fe28ea8b73f8a7424c73aa0a8258d5d3f0381e8ee0176882681c717dba4,qa,ok,0,8,3
case_057,retrieval_timeout_once,5,coverage,8f6bbdc5b887a6b84cf16ed4da5ad2843eb21811dbbae28840ebdcbdbbea34c2,coverage,ok,0,7,4
case_057,retrieval_timeout_once,6,select,abea6dc19ff163349ad43a2933d2e2dd5dcaadf95625e1da9a39914d43dfb51a,select,ok,0,6,5
case_057,retrieval_timeout_once,7,verdict,c68ceef4f500454c1fdd7f2dc5fb7659945eba0c4e0ad9474e873bd5ba50d8d9,verdict,ok,0,5,6
case_057,retrieval_timeout_once,8,verdict,b123fe8aadc34425414e85364703613de4e2c63ba17fefd1d742e2dda225fbc0,verdict,invalid,1,4,6
case_057,retrieval_timeout_once,9,abort,6c61c4e236bb0a5473bee1a74099db3775eedd49ad9398868117d8b1ea7a9056,verdict,invalid,2,3,6
case_057,retrieval_timeout_persistent,0,decompose,b69944b21a8c1b708189999e20b913ca565ca737172db1b2cc6cc985936df9f8,decompose,,0,12,0
case_057,retrieval_timeout_persistent,1,queries,3d25bcabac8fa471feb79783f13686b771b143735b8cccf0820cb02c808929c6,queries,ok,0,11,1
case_057,retrieval_timeout_persistent,2,retrieve,0d25a696b10679a7fcbe3375468ec50ca6d6c7621ad2ad1bf91747cba19284c7,retrieve,ok,0,10,2
case_057,retrieval_timeout_persistent,3,retrieve,190755ba8e74e12d932f5483e843b535b9648a20488e17d38942ce58107fff3a,retrieve,timeout,1,9,2
case_057,retrieval_timeout_persistent,4,abort,064f4e4d0aeb4742b1e45b7043c59ce31ac289a1092af8a5340255f54c6057f2,retrieve,timeout,2,8,2
case_058,nominal,0,decompose,b69944b21a8c1b708189999e20b913ca565ca737172db1b2cc6cc985936df9f8,decompose,,0,12,0
case_058,nominal,1,queries,3d25bcabac8fa471feb79783f13686b771b143735b8cccf0820cb02c808929c6,queries,ok,0,11,1
case_058,nominal,2,retrieve,0d25a696b10679a7fcbe3375468ec50ca6d6c7621ad2ad1bf91747cba19284c7,retrieve,ok,0,10,2
case_058,nominal,3,qa,bd8813db4ffc86f7c788a06aba0a947896414578de70f098408210c78e9ec8cf,qa,ok,0,9,3
case_058,nominal,4,coverage,15387a5490c667ed206e978393cebc1d8c16b6d91dc1a814f22ab3f034b641db,coverage,ok,0,8,4
case_058,nominal,5,select,8b89f5b31e0ed4244ce247493a70d11e372e78706e3a29c71db88eb2a188d6ea,select,ok,0,7,5
case_058,nominal,6,verdict,fe98f5d3814472afb2a301a2d7ee396723ff0f2d68fa4ffb17ea8f3d7a693c78,verdict,ok,0,6,6
case_058,nominal,7,finish,9f77daf23e875c6b497d040ff2d8ccd0d831b0304ab96a1a08ab1d7df0d04efa,terminal,ok,0,5,7
case_058,retrieval_timeout_once,0,decompose,b69944b21a8c1b708189999e20b913ca565ca737172db1b2cc6cc985936df9f8,decompose,,0,12,0
case_058,retrieval_timeout_once,1,queries,3d25bcabac8fa471feb79783f13686b771b143735b8cccf0820cb02c808929c6,queries,ok,0,11,1
case_058,retrieval_timeout_once,2,retrieve,0d25a696b10679a7fcbe3375468ec50ca6d6c7621ad2ad1bf91747cba19284c7,retrieve,ok,0,10,2
case_058,retrieval_timeout_once,3,retrieve,190755ba8e74e12d932f5483e843b535b9648a20488e17d38942ce58107fff3a,retrieve,timeout,1,9,2
case_058,retrieval_timeout_once,4,qa,8e1bda3c9083cb4eb0578ff8e6741f1b0590c1f0575ab043d6f420d33f0b710b,qa,ok,0,8,3
case_058,retrieval_timeout_once,5,coverage,7685a1d3577c08cab70daa811cc700f229c9e1eb90558fffc837102efe82c055,coverage,ok,0,7,4
case_058,retrieval_timeout_once,6,select,efb101ca0c060db68998d9310f62d50d76174ea4f9120edf7808ba2a61d94933,select,ok,0,6,5
case_058,retrieval_timeout_once,7,verdict,4e252dc54d0fd2e519d530d3d7cabe3be1a4abb6e3358a37316b3b588976de70,verdict,ok,0,5,6
case_058,retrieval_timeout_once,8,finish,e1bfd36e312a6908bcd18822b7b477c136668cf253331b6478e0ba5e4ce1df65,terminal,ok,0,4,7
case_058,retrieval_timeout_persistent,0,decompose,b69944b21a8c1b708189999e20b913ca565ca737172db1b2cc6cc985936df9f8,decompose,,0,12,0
case_058,retrieval_timeout_persistent,1,queries,3d25bcabac8fa471feb79783f13686b771b143735b8cccf0820cb02c808929c6,queries,ok,0,11,1
case_058,retrieval_timeout_persistent,2,retrieve,0d25a696b10679a7fcbe3375468ec50ca6d6c7621ad2ad1bf91747cba19284c7,retrieve,ok,0,10,2
case_058,retrieval_timeout_persistent,3,retrieve,190755ba8e74e12d932f5483e843b535b9648a20488e17d38942ce58107fff3a,retrieve,timeout,1,9,2
case_058,retrieval_timeout_persistent,4,abort,064f4e4d0aeb4742b1e45b7043c59ce31ac289a1092af8a5340255f54c6057f2,retrieve,timeout,2,8,2
case_059,nominal,0,decompose,b69944b21a8c1b708189999e20b913ca565ca737172db1b2cc6cc985936df9f8,decompose,,0,12,0
case_059,nominal,1,queries,3d25bcabac8fa471feb79783f13686b771b143735b8cccf0820cb02c808929c6,queries,ok,0,11,1
case_059,nominal,2,retrieve,afe2fd4ee6de5373d715e48eb11b01ede63ba2a30d73f32059c55114f074703d,retrieve,ok,0,10,2
case_059,nominal,3,qa,46f8b9aeede52828918967c720af682f18aebce2dde6144583b63dc23b64e820,qa,ok,0,9,3
case_059,nominal,4,coverage,6951abd73074127bf3ac5f69fc4b7a37004c1684bf73929e1b32f2936c6bc827,coverage,ok,0,8,4
case_059,nominal,5,select,2d4755bcc7abfef9738f7e1e4c6625944f379eff1cde4ccfc21a4f3f47f94083,select,ok,0,7,5
case_059,nominal,6,verdict,a789d9536989b7660317567bde80f7108d254272ae7800b82b842561f75b6ff9,verdict,ok,0,6,6
case_059,nominal,7,verdict,48ff604835939335387f965bfbfd22ccbccd35fbcaa96bd3632d0a4789c972c6,verdict,invalid,1,5,6
case_059,nominal,8,abort,1ff901f923269bad3588bd4c86e2fea869a9b9f9064b8fdec26296be6e71037e,verdict,invalid,2,4,6
case_059,retrieval_timeout_once,0,decompose,b69944b21a8c1b708189999e20b913ca565ca737172db1b2cc6cc985936df9f8,decompose,,0,12,0
case_059,retrieval_timeout_once,1,queries,3d25bcabac8fa471feb79783f13686b771b143735b8cccf0820cb02c808929c6,queries,ok,0,11,1
case_059,retrieval_timeout_once,2,retrieve,afe2fd4ee6de5373d715e48eb11b01ede63ba2a30d73f32059c55114f074703d,retrieve,ok,0,10,2
case_059,retrieval_timeout_once,3,retrieve,05f59d5f452124196ab625e644ebc07bf2952d7f33a488a0c8acdb86f49a631c,retrieve,timeout,1,9,2
case_059,retrieval_timeout_once,4,qa,dcce776600293dc43b62274541f98f94dc05983d58ce88609067384d9daf75d2,qa,ok,0,8,3
case_059,retrieval_timeout_once,5,coverage,506b3448fe956c5721bfc67c12b06d056956807a48e6e4c2813e4826e74beddb,coverage,ok,0,7,4
case_059,retrieval_timeout_once,6,select,e521e8587594617027ad95ce6cf717595a0cfd3e5ab19c63dbcbfaa32449a4d7,select,ok,0,6,5
case_059,retrieval_timeout_once,7,verdict,221521936318be899bbf945bbc3aeac5c9dda7772cd370fa5bf89ff117d7a634,verdict,ok,0,5,6
case_059,retrieval_timeout_once,8,verdict,dbd6a09178898a81ed063699767a7e34b3fa6f9fca5f3e25d56136cc2f7fdeca,verdict,invalid,1,4,6
case_059,retrieval_timeout_once,9,abort,5ac99a77c16410c45cc0a40a4da5d45374e49dc5f78079b071253bc0e7a05551,verdict,invalid,2,3,6
case_059,retrieval_timeout_persistent,0,decompose,b69944b21a8c1b708189999e20b913ca565ca737172db1b2cc6cc985936df9f8,decompose,,0,12,0
case_059,retrieval_timeout_persistent,1,queries,3d25bcabac8fa471feb79783f13686b771b143735b8cccf0820cb02c808929c6,queries,ok,0,11,1
case_059,retrieval_timeout_persistent,2,retrieve,afe2fd4ee6de5373d715e48eb11b01ede63ba2a30d73f32059c55114f074703d,retrieve,ok,0,10,2
case_059,retrieval_timeout_persistent,3,retrieve,05f59d5f452124196ab625e644ebc07bf2952d7f33a488a0c8acdb86f49a631c,retrieve,timeout,1,9,2
case_059,retrieval_timeout_persistent,4,abort,7accd533623f133d41be9d6737a68effee557531be60fa88c52c0144b8071b71,retrieve,timeout,2,8,2
case_060,nominal,0,decompose,b69944b21a8c1b708189999e20b913ca565ca737172db1b2cc6cc985936df9f8,decompose,,0,12,0
case_060,nominal,1,queries,4e928a4b7b95ba24dce4d2d8980272053cad1d4a0048343520ee39d6ef79f868,queries,ok,0,11,1
case_060,nominal,2,retrieve,e38540e5610137a32ed92ebf7aa27b69d9b3e77ecb9d28b6a79fd0f90010a45c,retrieve,ok,0,10,2
case_060,nominal,3,qa,32c887176312d78a27f651604ec5a279e658b5f68d3caaf6f700e601b9e9e9cc,qa,ok,0,9,3
case_060,nominal,4,coverage,01d0192ff22734077f18d54f7852581d77250043bdd463c81a095793075c4954,coverage,ok,0,8,4
case_060,nominal,5,select,70da58e5c064505c3f97519eb9f6a45395033dcd7e56ffe98ddd6aac4fb1ea40,select,ok,0,7,5
case_060,nominal,6,verdict,47f130e01a41ce36d250429ad26edf529cbd63c9c2f2fb07abe2be135d355875,verdict,ok,0,6,6
case_060,nominal,7,verdict,ebca68ab3587d300ed54a335261f45d0af2a1eaecd18903ef027000feddc0f8d,verdict,invalid,1,5,6
case_060,nominal,8,abort,8e7487398b3f46907b32e797f59e382a13c6b7dd5d4c775708a1771830e5bf7d,verdict,invalid,2,4,6
case_060,retrieval_timeout_once,0,decompose,b69944b21a8c1b708189999e20b913ca565ca737172db1b2cc6cc985936df9f8,decompose,,0,12,0
case_060,retrieval_timeout_once,1,queries,4e928a4b7b95ba24dce4d2d8980272053cad1d4a0048343520ee39d6ef79f868,queries,ok,0,11,1
case_060,retrieval_timeout_once,2,retrieve,e38540e5610137a32ed92ebf7aa27b69d9b3e77ecb9d28b6a79fd0f90010a45c,retrieve,ok,0,10,2
case_060,retrieval_timeout_once,3,retrieve,c4abb5714d06660382337e7a1e6a132bb54f736f6021c2e802a6230988f83aa1,retrieve,timeout,1,9,2
case_060,retrieval_timeout_once,4,qa,d7be0adef87d7aa47869124200a7c2bbc2af0a28dd0495603641460fedea5b84,qa,ok,0,8,3
case_060,retrieval_timeout_once,5,coverage,a74e09c2b874aa076fd30def0deaeeffba04f2ccc3c2161df61c7560dc121d4c,coverage,ok,0,7,4
case_060,retrieval_timeout_once,6,select,e32dfb3be308588801f3fda48f6d7ba63d140a4da82d15b15e8640cd2d5af80d,select,ok,0,6,5
case_060,retrieval_timeout_once,7,verdict,f73750a4c88d7dc752a6f7de5ce5fd0f1e9dc846c83e0242efefd64fcca0377b,verdict,ok,0,5,6
case_060,retrieval_timeout_once,8,verdict,9a32394c1cdbb67199da9d83278f2d76f98b7a635763e66f01f123daa48b76ce,verdict,invalid,1,4,6
case_060,retrieval_timeout_once,9,abort,58ef61a3d3528e055532d8b3042a4e7ed16cebf1145c75309821bd9065258fb5,verdict,invalid,2,3,6
case_060,retrieval_timeout_persistent,0,decompose,b69944b21a8c1b708189999e20b913ca565ca737172db1b2cc6cc985936df9f8,decompose,,0,12,0
case_060,retrieval_timeout_persistent,1,queries,4e928a4b7b95ba24dce4d2d8980272053cad1d4a0048343520ee39d6ef79f868,queries,ok,0,11,1
case_060,retrieval_timeout_persistent,2,retrieve,e38540e5610137a32ed92ebf7aa27b69d9b3e77ecb9d28b6a79fd0f90010a45c,retrieve,ok,0,10,2
case_060,retrieval_timeout_persistent,3,retrieve,c4abb5714d06660382337e7a1e6a132bb54f736f6021c2e802a6230988f83aa1,retrieve,timeout,1,9,2
case_060,retrieval_timeout_persistent,4,abort,31786ae18708ccd496bbed0f8c44b6be0045b7c2e5123a6f8d81df099c48bd7d,retrieve,timeout,2,8,2
case_061,nominal,0,decompose,b69944b21a8c1b708189999e20b913ca565ca737172db1b2cc6cc985936df9f8,decompose,,0,12,0
case_061,nominal,1,queries,3d25bcabac8fa471feb79783f13686b771b143735b8cccf0820cb02c808929c6,queries,ok,0,11,1
case_061,nominal,2,retrieve,beea96f74592c12fe1fd6e104d0a05391108368a31b1d064a2bf808ebdbe961f,retrieve,ok,0,10,2
case_061,nominal,3,qa,9e6f782b20b335161329303d1af27d8a8be70a396c999156793084316b2d710b,qa,ok,0,9,3
case_061,nominal,4,coverage,f8a2fe0d8a19dffc864f724d2646701e706d40855c81b30d15ad1fc610f53892,coverage,empty,0,8,4
case_061,nominal,5,select,ea12c1f96daa59b91ff9c7bbe5d68a63f10501fe6b83df26d8f1914f1d82dc2d,select,ok,0,7,5
case_061,nominal,6,verdict,6cbb22e1b8ea4c1bef08af2416bce979a4c6fc42cab252bd125e9072ab34709f,verdict,empty,0,6,6
case_061,nominal,7,finish,68d278f0d4c4e206fb178e6ae7000a82fc176d1675b59ca7cc28388a97db3149,terminal,ok,0,5,7
case_061,retrieval_timeout_once,0,decompose,b69944b21a8c1b708189999e20b913ca565ca737172db1b2cc6cc985936df9f8,decompose,,0,12,0
case_061,retrieval_timeout_once,1,queries,3d25bcabac8fa471feb79783f13686b771b143735b8cccf0820cb02c808929c6,queries,ok,0,11,1
case_061,retrieval_timeout_once,2,retrieve,beea96f74592c12fe1fd6e104d0a05391108368a31b1d064a2bf808ebdbe961f,retrieve,ok,0,10,2
case_061,retrieval_timeout_once,3,retrieve,f846564ca64d0e9b7caccfaf6d48c6d8f311e4e38eba2c047c85605ce3ffffa9,retrieve,timeout,1,9,2
case_061,retrieval_timeout_once,4,qa,4a6cfec648f68a96c05ecc801f4677b4183cc81aab3bc656c0013e7bb8af3425,qa,ok,0,8,3
case_061,retrieval_timeout_once,5,coverage,c262d86cf13214c351e4a650a9c111bbbea6756c94662728054d67ea560281cd,coverage,empty,0,7,4
case_061,retrieval_timeout_once,6,select,8b3fa61ef8d26dea6ff9fa49e6ce004063513878abd7db8b424712e9a8cb2bfa,select,ok,0,6,5
case_061,retrieval_timeout_once,7,verdict,23954f6a9306e3503bf4786505ae54c7ee4d9242a7b35b0052f352da989f0c78,verdict,empty,0,5,6
case_061,retrieval_timeout_once,8,finish,4c36bb331a57ef694fe06dc577e4371eaf90182a3ad33039c992261c39f38176,terminal,ok,0,4,7
case_061,retrieval_timeout_persistent,0,decompose,b69944b21a8c1b708189999e20b913ca565ca737172db1b2cc6cc985936df9f8,decompose,,0,12,0
case_061,retrieval_timeout_persistent,1,queries,3d25bcabac8fa471feb79783f13686b771b143735b8cccf0820cb02c808929c6,queries,ok,0,11,1
case_061,retrieval_timeout_persistent,2,retrieve,beea96f74592c12fe1fd6e104d0a05391108368a31b1d064a2bf808ebdbe961f,retrieve,ok,0,10,2
case_061,retrieval_timeout_persistent,3,retrieve,f846564ca64d0e9b7caccfaf6d48c6d8f311e4e38eba2c047c85605ce3ffffa9,retrieve,timeout,1,9,2
case_061,retrieval_timeout_persistent,4,abort,036dfb94c78d5722bd3b83089bcad7224900ce636decea28ee0df649ff923e7c,retrieve,timeout,2,8,2
case_062,nominal,0,decompose,b69944b21a8c1b708189999e20b913ca565ca737172db1b2cc6cc985936df9f8,decompose,,0,12,0
case_062,nominal,1,queries,c93a3397038975a373a3eeea8aace3283cd4e93eb2122f6ec7233b609c5c1f1c,queries,ok,0,11,1
case_062,nominal,2,retrieve,c50ea4ca5aaf0afe512bb46c37531ec46fcb35eb23d1fa2a3b51f9f5caac8194,retrieve,ok,0,10,2
case_062,nominal,3,qa,aff6b8f75dcd5f4451be0973d04b288189ba6d81ae779eabf56457db56e0c4f8,qa,ok,0,9,3
case_062,nominal,4,coverage,d5035019c21c9bb6af460ae7f341ebcad7876f6989ab07c08275a37d23ad5f7e,coverage,ok,0,8,4
case_062,nominal,5,select,cbe770280e759e2bf0996e82f028118989cfbabd6a9c0339b0a113a419a73c6d,select,ok,0,7,5
case_062,nominal,6,verdict,3723ec0adf8a2fa91688f548ab188fcaa41bbfa8a618b8ac1354f763b417907b,verdict,ok,0,6,6
case_062,nominal,7,finish,df5f515040ab42dbd13407e2e3801b783c72cdc1fca1df6ada2413b3dd08d476,terminal,ok,0,5,7
case_062,retrieval_timeout_once,0,decompose,b69944b21a8c1b708189999e20b913ca565ca737172db1b2cc6cc985936df9f8,decompose,,0,12,0
case_062,retrieval_timeout_once,1,queries,c93a3397038975a373a3eeea8aace3283cd4e93eb2122f6ec7233b609c5c1f1c,queries,ok,0,11,1
case_062,retrieval_timeout_once,2,retrieve,c50ea4ca5aaf0afe512bb46c37531ec46fcb35eb23d1fa2a3b51f9f5caac8194,retrieve,ok,0,10,2
case_062,retrieval_timeout_once,3,retrieve,b0078ff303fbea03eb90a9453201bb2ef6bf735deb0ff5d8f63f5f5b6f47d59b,retrieve,timeout,1,9,2
case_062,retrieval_timeout_once,4,qa,64a7d32a09b4e16c86fb022bdeae5db515694ec4e47e4cb2ea9c155b7cefdff7,qa,ok,0,8,3
case_062,retrieval_timeout_once,5,coverage,c469c961f05e78624b5718acb6b7c340aa886fff8604120e58bc13f005385a81,coverage,ok,0,7,4
case_062,retrieval_timeout_once,6,select,8e2f173c076c1659c4904f4d866f76495bfef49142d4f03eb70df5b04407d79f,select,ok,0,6,5
case_062,retrieval_timeout_once,7,verdict,9898c84edb1baf10f1b0502bfc29c4416b91bc743bcc1363d46fd90deea2326a,verdict,ok,0,5,6
case_062,retrieval_timeout_once,8,finish,df7e146204c365400975f220113f73c13e57a4def8c8d158e642a94667fb0525,terminal,ok,0,4,7
case_062,retrieval_timeout_persistent,0,decompose,b69944b21a8c1b708189999e20b913ca565ca737172db1b2cc6cc985936df9f8,decompose,,0,12,0
case_062,retrieval_timeout_persistent,1,queries,c93a3397038975a373a3eeea8aace3283cd4e93eb2122f6ec7233b609c5c1f1c,queries,ok,0,11,1
case_062,retrieval_timeout_persistent,2,retrieve,c50ea4ca5aaf0afe512bb46c37531ec46fcb35eb23d1fa2a3b51f9f5caac8194,retrieve,ok,0,10,2
case_062,retrieval_timeout_persistent,3,retrieve,b0078ff303fbea03eb90a9453201bb2ef6bf735deb0ff5d8f63f5f5b6f47d59b,retrieve,timeout,1,9,2
case_062,retrieval_timeout_persistent,4,abort,3fb0952156d962986946bd376d6f67b5967916e0400ab3cf4037df5425960fd6,retrieve,timeout,2,8,2
case_063,nominal,0,decompose,b69944b21a8c1b708189999e20b913ca565ca737172db1b2cc6cc985936df9f8,decompose,,0,12,0
case_063,nominal,1,queries,4e928a4b7b95ba24dce4d2d8980272053cad1d4a0048343520ee39d6ef79f868,queries,ok,0,11,1
case_063,nominal,2,retrieve,85cd13846d6cd7d6664e08599854f96be15135c211753d6af896c1080c053f2f,retrieve,ok,0,10,2
case_063,nominal,3,qa,c9ed290336d06cf7821b012565499752e38bbd1e5f21d68a7a0c7d735c22a21e,qa,ok,0,9,3
case_063,nominal,4,coverage,ffbce558eeed33014435a6d0598941f22aeb69a4f8260f5f7122a9a725cf85d0,coverage,ok,0,8,4
case_063,nominal,5,select,b92957d64242dd9de32f05775639f85c4d292abdc117cdc25e4647f889659409,select,ok,0,7,5
case_063,nominal,6,verdict,d48772a284021d41c72388f1cd533e155669e5d5317c39ff9a939ac5249820a7,verdict,ok,0,6,6
case_063,nominal,7,verdict,d92411419c4ab19a859e37670b1dd4d0f254cbe3997985035a027e30b6d1b6bc,verdict,invalid,1,5,6
case_063,nominal,8,abort,acda577391166bfc788fc894810e851b7376523d9311f6f0689f3aa78dbd664d,verdict,invalid,2,4,6
case_063,retrieval_timeout_once,0,decompose,b69944b21a8c1b708189999e20b913ca565ca737172db1b2cc6cc985936df9f8,decompose,,0,12,0
case_063,retrieval_timeout_once,1,queries,4e928a4b7b95ba24dce4d2d8980272053cad1d4a0048343520ee39d6ef79f868,queries,ok,0,11,1
case_063,retrieval_timeout_once,2,retrieve,85cd13846d6cd7d6664e08599854f96be15135c211753d6af896c1080c053f2f,retrieve,ok,0,10,2
case_063,retrieval_timeout_once,3,retrieve,068d4707aa9a65e1dd4fcc34369dce6d92adeeb8a48b72177a00f9ee268ba822,retrieve,timeout,1,9,2
case_063,retrieval_timeout_once,4,qa,58e38e510df58232fdedb6b9de24bf2871b85f704bef6531ad492ba868c90a8a,qa,ok,0,8,3
case_063,retrieval_timeout_once,5,coverage,69c33896c7da9383281e157b83a3621118d9967d02bdd422bb778720c5c305ab,coverage,ok,0,7,4
case_063,retrieval_timeout_once,6,select,f223ea9fe7724c0e0aaada7fe0da3e42226c1db526ece4b0fe9a8697e3846f5b,select,ok,0,6,5
case_063,retrieval_timeout_once,7,verdict,dfb219b9344f847fdfa9bd151a0d98f14c09c2247c763a3092c0a2992c6c9ebe,verdict,ok,0,5,6
case_063,retrieval_timeout_once,8,verdict,71bbf064c5dae798e119f6dbeebe304b9fefb83ab3300995e0d9bf716976d285,verdict,invalid,1,4,6
case_063,retrieval_timeout_once,9,abort,b52b56a0a29455a2e5ff28452c65a4fe7dd9e776b1eeaa7b7e5ce8210c2c8bc6,verdict,invalid,2,3,6
case_063,retrieval_timeout_persistent,0,decompose,b69944b21a8c1b708189999e20b913ca565ca737172db1b2cc6cc985936df9f8,decompose,,0,12,0
case_063,retrieval_timeout_persistent,1,queries,4e928a4b7b95ba24dce4d2d8980272053cad1d4a0048343520ee39d6ef79f868,queries,ok,0,11,1
case_063,retrieval_timeout_persistent,2,retrieve,85cd13846d6cd7d6664e08599854f96be15135c211753d6af896c1080c053f2f,retrieve,ok,0,10,2
case_063,retrieval_timeout_persistent,3,retrieve,068d4707aa9a65e1dd4fcc34369dce6d92adeeb8a48b72177a00f9ee268ba822,retrieve,timeout,1,9,2
case_063,retrieval_timeout_persistent,4,abort,e27f35017b681140f88b82ba7bf128147620d3469b5057d36c0d8b40e7362bc7,retrieve,timeout,2,8,2
case_064,nominal,0,decompose,b69944b21a8c1b708189999e20b913ca565ca737172db1b2cc6cc985936df9f8,decompose,,0,12,0
case_064,nominal,1,queries,3d25bcabac8fa471feb79783f13686b771b143735b8cccf0820cb02c808929c6,queries,ok,0,11,1
case_064,nominal,2,retrieve,0d25a696b10679a7fcbe3375468ec50ca6d6c7621ad2ad1bf91747cba19284c7,retrieve,ok,0,10,2
case_064,nominal,3,qa,2a124fc098906eae9d1d7d311110dcdf81f49a800a07bab69a15c1ea0c23bfc8,qa,ok,0,9,3
case_064,nominal,4,coverage,cec94b533e0a15dd43c629740234ff77e03277fdcf98d6dbe24b6eba218f4a51,coverage,ok,0,8,4
case_064,nominal,5,select,f28876280e31e3d91f29bc5022d6480d43b4a19118320d31c4d59702f3180ccc,select,ok,0,7,5
case_064,nominal,6,verdict,5cbf64dd9f2bc6760bd18efa29b29a360ad1f980625166175b3223c42131351b,verdict,ok,0,6,6
case_064,nominal,7,verdict,dcfb124df241d9dc507514a872f3b218aee5431918f3271f8c20faf784968c06,verdict,invalid,1,5,6
case_064,nominal,8,abort,e168c46bd68f49b715fcf17657609b01ab111c4a4b6d4e8511d60f65f1ce4712,verdict,invalid,2,4,6
case_064,retrieval_timeout_once,0,decompose,b69944b21a8c1b708189999e20b913ca565ca737172db1b2cc6cc985936df9f8,decompose,,0,12,0
case_064,retrieval_timeout_once,1,queries,3d25bcabac8fa471feb79783f13686b771b143735b8cccf0820cb02c808929c6,queries,ok,0,11,1
case_064,retrieval_timeout_once,2,retrieve,0d25a696b10679a7fcbe3375468ec50ca6d6c7621ad2ad1bf91747cba19284c7,retrieve,ok,0,10,2
case_064,retrieval_timeout_once,3,retrieve,190755ba8e74e12d932f5483e843b535b9648a20488e17d38942ce58107fff3a,retrieve,timeout,1,9,2
case_064,retrieval_timeout_once,4,qa,9c35e91c9ca734e807c06295a871087fbaa68d12c3ecf55cba7dce06bb1bd6dc,qa,ok,0,8,3
case_064,retrieval_timeout_once,5,coverage,4245f6bc33c1af8ad4bdd0e4a592912bd1a75992bc0a814fe8b93635cd1f4a97,coverage,ok,0,7,4
case_064,retrieval_timeout_once,6,select,73d2a7db5806ecd50d575c41080c605ea9a9f156e963de3b63c0d4a5122d62aa,select,ok,0,6,5
case_064,retrieval_timeout_once,7,verdict,abd8705391d719883d3b5a2cbbf8e0bb7261b2e8bc02f17875eba8c5e384cb3c,verdict,ok,0,5,6
case_064,retrieval_timeout_once,8,verdict,e3a34b20ffd1a13bb409a7c0ae2eb2429de5956b2271abda1233aab31b1e2413,verdict,invalid,1,4,6
case_064,retrieval_timeout_once,9,abort,260d7a1d578da8ce5e4af8ff23fbd855a4665fd50fcae64d97d308bf5eae0038,verdict,invalid,2,3,6
case_064,retrieval_timeout_persistent,0,decompose,b69944b21a8c1b708189999e20b913ca565ca737172db1b2cc6cc985936df9f8,decompose,,0,12,0
case_064,retrieval_timeout_persistent,1,queries,3d25bcabac8fa471feb79783f13686b771b143735b8cccf0820cb02c808929c6,queries,ok,0,11,1
case_064,retrieval_timeout_persistent,2,retrieve,0d25a696b10679a7fcbe3375468ec50ca6d6c7621ad2ad1bf91747cba19284c7,retrieve,ok,0,10,2
case_064,retrieval_timeout_persistent,3,retrieve,190755ba8e74e12d932f5483e843b535b9648a20488e17d38942ce58107fff3a,retrieve,timeout,1,9,2
case_064,retrieval_timeout_persistent,4,abort,064f4e4d0aeb4742b1e45b7043c59ce31ac289a1092af8a5340255f54c6057f2,retrieve,timeout,2,8,2
case_065,nominal,0,decompose,b69944b21a8c1b708189999e20b913ca565ca737172db1b2cc6cc985936df9f8,decompose,,0,12,0
case_065,nominal,1,queries,4e928a4b7b95ba24dce4d2d8980272053cad1d4a0048343520ee39d6ef79f868,queries,ok,0,11,1
case_065,nominal,2,retrieve,d1abc4749109f84fd307a19bc8446a0c839139ea6cdd2a32ff2c8d53f5cd8cc5,retrieve,ok,0,10,2
case_065,nominal,3,qa,6cb1d24c7f889ebbb47cc096dad53962f5fe9e98d93d9bf65148f1bf900b02e3,qa,ok,0,9,3
case_065,nominal,4,coverage,9783a5c5e45865845c9cef38ed54afa07555bf52566b4cf8b6376bf48d1229e1,coverage,ok,0,8,4
case_065,nominal,5,select,068fe32282ef23b1f4e79ba64305da274833a9d79e9558fa0b4d5e94c83fcf44,select,ok,0,7,5
case_065,nominal,6,verdict,942f8d665123dc6842bb84da5fcd850ffb794c9398a38cdd57028392d4babc1e,verdict,ok,0,6,6
case_065,nominal,7,finish,2f558f46e4e68747a9cbf81ac46fce24ee3ea6e59fe97f794fb5569ef3481955,terminal,ok,0,5,7
case_065,retrieval_timeout_once,0,decompose,b69944b21a8c1b708189999e20b913ca565ca737172db1b2cc6cc985936df9f8,decompose,,0,12,0
case_065,retrieval_timeout_once,1,queries,4e928a4b7b95ba24dce4d2d8980272053cad1d4a0048343520ee39d6ef79f868,queries,ok,0,11,1
case_065,retrieval_timeout_once,2,retrieve,d1abc4749109f84fd307a19bc8446a0c839139ea6cdd2a32ff2c8d53f5cd8cc5,retrieve,ok,0,10,2
case_065,retrieval_timeout_once,3,retrieve,f16a92e7fb89853ae0a2d99febc9fa98e25efa22e68bef27ca141a6b564427ec,retrieve,timeout,1,9,2
case_065,retrieval_timeout_once,4,qa,db5aae0f31821a6b82cbf68ee28a87cbcb0edcfca9790a013de315fe0af5933e,qa,ok,0,8,3
case_065,retrieval_timeout_once,5,coverage,3d1c28a03c7f13739cdb2cd09e4a15e91d1b53a8e4bc0492344984136a56f2aa,coverage,ok,0,7,4
case_065,retrieval_timeout_once,6,select,aac12ec56326423659b8ba4b93edbc7b3ff6c8839102327cf4262643630da4b3,select,ok,0,6,5
case_065,retrieval_timeout_once,7,verdict,6ef80bfdea6a4cf2956db6fc8290ea7800c72f8845ccba5fe08755bca6ea1e4c,verdict,ok,0,5,6
case_065,retrieval_timeout_once,8,finish,689c14c1c3814b958a5fa0bcb111feaa029dd2a499472f41b45588201e0ce59b,terminal,ok,0,4,7
case_065,retrieval_timeout_persistent,0,decompose,b69944b21a8c1b708189999e20b913ca565ca737172db1b2cc6cc985936df9f8,decompose,,0,12,0
case_065,retrieval_timeout_persistent,1,queries,4e928a4b7b95ba24dce4d2d8980272053cad1d4a0048343520ee39d6ef79f868,queries,ok,0,11,1
case_065,retrieval_timeout_persistent,2,retrieve,d1abc4749109f84fd307a19bc8446a0c839139ea6cdd2a32ff2c8d53f5cd8cc5,retrieve,ok,0,10,2
case_065,retrieval_timeout_persistent,3,retrieve,f16a92e7fb89853ae0a2d99febc9fa98e25efa22e68bef27ca141a6b564427ec,retrieve,timeout,1,9,2
case_065,retrieval_timeout_persistent,4,abort,2d89ebd4efb2e632891bdfe07288ae29bc9f4cd5a2af771cc25737d2043df507,retrieve,timeout,2,8,2
case_066,nominal,0,decompose,b69944b21a8c1b708189999e20b913ca565ca737172db1b2cc6cc985936df9f8,decompose,,0,12,0
case_066,nominal,1,queries,c93a3397038975a373a3eeea8aace3283cd4e93eb2122f6ec7233b609c5c1f1c,queries,ok,0,11,1
case_066,nominal,2,retrieve,687a497b324ea81ff863ff0b104850fdec510fda2ac1ad0799ee2a13dbf445b3,retrieve,ok,0,10,2
case_066,nominal,3,qa,2982d1e710adc78268bb20c1dba4b17bc492141cd75024ed484c4217fd85c8a8,qa,ok,0,9,3
case_066,nominal,4,coverage,bdce044666da70da9ce8916581899131b2a70a216af28ca2d6835cf7e1be65f5,coverage,empty,0,8,4
case_066,nominal,5,select,5de3992fecda34e78f1b1da6ac00a48e202b5af61f48ee47d9a6ba05a4b00693,select,ok,0,7,5
case_066,nominal,6,verdict,6a8a2ae9b296c996af1b3e5cd25061952aad80706fa90a19f68884ee212591f9,verdict,empty,0,6,6
case_066,nominal,7,finish,6138ca551075eb9ef8f3469380cc3abf73df07786eaf190c7a5dae02fd79230e,terminal,ok,0,5,7
case_066,retrieval_timeout_once,0,decompose,b69944b21a8c1b708189999e20b913ca565ca737172db1b2cc6cc985936df9f8,decompose,,0,12,0
case_066,retrieval_timeout_once,1,queries,c93a3397038975a373a3eeea8aace3283cd4e93eb2122f6ec7233b609c5c1f1c,queries,ok,0,11,1
case_066,retrieval_timeout_once,2,retrieve,687a497b324ea81ff863ff0b104850fdec510fda2ac1ad0799ee2a13dbf445b3,retrieve,ok,0,10,2
case_066,retrieval_timeout_once,3,retrieve,c535c43d9c03a21d45ec60ef7938310334555295fce825ba9b1275126a186b50,retrieve,timeout,1,9,2
case_066,retrieval_timeout_once,4,qa,e83143268980e38e92321acfa90e96060f12abe23eda63baaec2b5f09265d00a,qa,ok,0,8,3
case_066,retrieval_timeout_once,5,coverage,ccc4510fa1cf31293a589c740572884a8d175e3e9c1607a9104762d2327a714a,coverage,empty,0,7,4
case_066,retrieval_timeout_once,6,select,3d105f4654a84b677e810135f3f2ddd5e494470b401a1ff2981cbc4d97f074d7,select,ok,0,6,5
case_066,retrieval_timeout_once,7,verdict,58f70af90ac555356c07759c1bc9b9253f2bde2e4be60fd3eb96fedbdb8987a5,verdict,empty,0,5,6
case_066,retrieval_timeout_once,8,finish,7fa5d9c6f853182907cf88f8767dfea8afbd44ca1f7d50ead9d70036c036aeae,terminal,ok,0,4,7
case_066,retrieval_timeout_persistent,0,decompose,b69944b21a8c1b708189999e20b913ca565ca737172db1b2cc6cc985936df9f8,decompose,,0,12,0
case_066,retrieval_timeout_persistent,1,queries,c93a3397038975a373a3eeea8aace3283cd4e93eb2122f6ec7233b609c5c1f1c,queries,ok,0,11,1
case_066,retrieval_timeout_persistent,2,retrieve,687a497b324ea81ff863ff0b104850fdec510fda2ac1ad0799ee2a13dbf445b3,retrieve,ok,0,10,2
case_066,retrieval_timeout_persistent,3,retrieve,c535c43d9c03a21d45ec60ef7938310334555295fce825ba9b1275126a186b50,retrieve,timeout,1,9,2
case_066,retrieval_timeout_persistent,4,abort,27d512e85810ac9dba96713c739262e16074379620dd0ecd0728497b04363b8a,retrieve,timeout,2,8,2
case_067,nominal,0,decompose,b69944b21a8c1b708189999e20b913ca565ca737172db1b2cc6cc985936df9f8,decompose,,0,12,0
case_067,nominal,1,queries,c93a3397038975a373a3eeea8aace3283cd4e93eb2122f6ec7233b609c5c1f1c,queries,ok,0,11,1
case_067,nominal,2,retrieve,687a497b324ea81ff863ff0b104850fdec510fda2ac1ad0799ee2a13dbf445b3,retrieve,ok,0,10,2
case_067,nominal,3,qa,759e0a5e7120652894ba62016f3bb7378049d94f324bc84eb84d53fc587086e1,qa,ok,0,9,3
case_067,nominal,4,coverage,b797867a1ae7b858ac05a98baf710268195135939e5c20dc6646454bc392fee2,coverage,empty,0,8,4
case_067,nominal,5,select,babb47f594962ee8ef6f15079cf82b931802a92640bf2917f85a04596943dc68,select,ok,0,7,5
case_067,nominal,6,verdict,ed607ed0e56d76434c10f560d41259e3435d645780f0ddbd9b00f7d81d73a971,verdict,empty,0,6,6
case_067,nominal,7,verdict,b3277b65284de54741b7708a2ca15b799e30c2e8442930be4b909334df57f051,verdict,invalid,1,5,6
case_067,nominal,8,abort,591c1cc1479361a9d2ea69dc825fd173a80535d7ccb7eaeb37e234757183b695,verdict,invalid,2,4,6
case_067,retrieval_timeout_once,0,decompose,b69944b21a8c1b708189999e20b913ca565ca737172db1b2cc6cc985936df9f8,decompose,,0,12,0
case_067,retrieval_timeout_once,1,queries,c93a3397038975a373a3eeea8aace3283cd4e93eb2122f6ec7233b609c5c1f1c,queries,ok,0,11,1
case_067,retrieval_timeout_once,2,retrieve,687a497b324ea81ff863ff0b104850fdec510fda2ac1ad0799ee2a13dbf445b3,retrieve,ok,0,10,2
case_067,retrieval_timeout_once,3,retrieve,c535c43d9c03a21d45ec60ef7938310334555295fce825ba9b1275126a186b50,retrieve,timeout,1,9,2
case_067,retrieval_timeout_once,4,qa,a790c3c6b548fdd32cf540b28d582cbbc5d1d1fb68aa0eb5fd2235359cb96204,qa,ok,0,8,3
case_067,retrieval_timeout_once,5,coverage,a636226d1a77c95ecf7e6fbff411384101d9f8577a7a3252e03e3084d71bf699,coverage,empty,0,7,4
case_067,retrieval_timeout_once,6,select,2fec5712842936904fe282df02dd1a7ddea574367eab0fa00111ae33ddfdd57f,select,ok,0,6,5
case_067,retrieval_timeout_once,7,verdict,8f2c413056293395da48aa60091eea2d33a09d04a8728c949593c747b1943d06,verdict,empty,0,5,6
case_067,retrieval_timeout_once,8,verdict,44f7707bf686007b6649bbedecab8a3f390a0a04a0b6871a27326fe2a050bc79,verdict,invalid,1,4,6
case_067,retrieval_timeout_once,9,abort,c389910dcedeb2fc8de11f9f31426bfd125217fc51a0ed07ae84aed94166a7f4,verdict,invalid,2,3,6
case_067,retrieval_timeout_persistent,0,decompose,b69944b21a8c1b708189999e20b913ca565ca737172db1b2cc6cc985936df9f8,decompose,,0,12,0
case_067,retrieval_timeout_persistent,1,queries,c93a3397038975a373a3eeea8aace3283cd4e93eb2122f6ec7233b609c5c1f1c,queries,ok,0,11,1
case_067,retrieval_timeout_persistent,2,retrieve,687a497b324ea81ff863ff0b104850fdec510fda2ac1ad0799ee2a13dbf445b3,retrieve,ok,0,10,2
case_067,retrieval_timeout_persistent,3,retrieve,c535c43d9c03a21d45ec60ef7938310334555295fce825ba9b1275126a186b50,retrieve,timeout,1,9,2
case_067,retrieval_timeout_persistent,4,abort,27d512e85810ac9dba96713c739262e16074379620dd0ecd0728497b04363b8a,retrieve,timeout,2,8,2
case_068,nominal,0,decompose,b69944b21a8c1b708189999e20b913ca565ca737172db1b2cc6cc985936df9f8,decompose,,0,12,0
case_068,nominal,1,queries,3d25bcabac8fa471feb79783f13686b771b143735b8cccf0820cb02c808929c6,queries,ok,0,11,1
case_068,nominal,2,retrieve,d303e766583493d9dff273d091b4320ee571533ea20b220485a08d46bd64524b,retrieve,ok,0,10,2
case_068,nominal,3,qa,bd877be05ec80faabc2acffa68115e42a59cce7cb44765e38390267bea31ed53,qa,ok,0,9,3
case_068,nominal,4,coverage,6c9e97ba79724e914ab2899e3facf9028166c2c76c320f885c875ac7f2d3436a,coverage,ok,0,8,4
case_068,nominal,5,select,e2d48d1eb78337403e5616828110591768cac4b567ae35ae98215342ef5c9d5d,select,ok,0,7,5
case_068,nominal,6,verdict,4b3c85b23edb35ab80e9fb7f7ee90e84f04ebf151e1d18f4d4daea0baabac4dd,verdict,ok,0,6,6
case_068,nominal,7,verdict,146c83712205b9fe17ab07846238c10be273dabeb13cbaeb0d1415bce5a4f74c,verdict,invalid,1,5,6
case_068,nominal,8,abort,861d22de27299a6da53ee3f0dc35ef31a27dd109395e72ee87a1ed0c238b1687,verdict,invalid,2,4,6
case_068,retrieval_timeout_once,0,decompose,b69944b21a8c1b708189999e20b913ca565ca737172db1b2cc6cc985936df9f8,decompose,,0,12,0
case_068,retrieval_timeout_once,1,queries,3d25bcabac8fa471feb79783f13686b771b143735b8cccf0820cb02c808929c6,queries,ok,0,11,1
case_068,retrieval_timeout_once,2,retrieve,d303e766583493d9dff273d091b4320ee571533ea20b220485a08d46bd64524b,retrieve,ok,0,10,2
case_068,retrieval_timeout_once,3,retrieve,11d75ad8a3dd78bd10712aaab60f9df6f4fc3aa74d65bd9181e1a4ec5aaaeda0,retrieve,timeout,1,9,2
case_068,retrieval_timeout_once,4,qa,b76a11c92b8fd4d4d99cbc60091de10d72fceee79be6d4fca797b5730bdec9b1,qa,ok,0,8,3
case_068,retrieval_timeout_once,5,coverage,f741a36121fd69d04e9d27c9678e0e7225cec4c3b896aff271efd279bb4f3928,coverage,ok,0,7,4
case_068,retrieval_timeout_once,6,select,b395a5c2948c5421d20c1cdd7d9fc37838354cd9e451cd5c230f5b6eb13bdacd,select,ok,0,6,5
case_068,retrieval_timeout_once,7,verdict,34e917a9b4dcb27c3b3afb6f673f3cf4d9ad297cad11918460fcc436a5004b5c,verdict,ok,0,5,6
case_068,retrieval_timeout_once,8,verdict,f50e273d55215fdbec7a33a5bc9b6e85815e30fceb9b84c1be8cc762d9cff944,verdict,invalid,1,4,6
case_068,retrieval_timeout_once,9,abort,4d5831752927e0fd67bb854c474280e33029c7e710bb9b3a0bdb444f661ebee4,verdict,invalid,2,3,6
case_068,retrieval_timeout_persistent,0,decompose,b69944b21a8c1b708189999e20b913ca565ca737172db1b2cc6cc985936df9f8,decompose,,0,12,0
case_068,retrieval_timeout_persistent,1,queries,3d25bcabac8fa471feb79783f13686b771b143735b8cccf0820cb02c808929c6,queries,ok,0,11,1
case_068,retrieval_timeout_persistent,2,retrieve,d303e766583493d9dff273d091b4320ee571533ea20b220485a08d46bd64524b,retrieve,ok,0,10,2
case_068,retrieval_timeout_persistent,3,retrieve,11d75ad8a3dd78bd10712aaab60f9df6f4fc3aa74d65bd9181e1a4ec5aaaeda0,retrieve,timeout,1,9,2
case_068,retrieval_timeout_persistent,4,abort,bb97fd2737bd39f117130eeb20203c568bd1f229291d7a190762fe156a043c83,retrieve,timeout,2,8,2
case_069,nominal,0,decompose,b69944b21a8c1b708189999e20b913ca565ca737172db1b2cc6cc985936df9f8,decompose,,0,12,0
case_069,nominal,1,queries,3d25bcabac8fa471feb79783f13686b771b143735b8cccf0820cb02c808929c6,queries,ok,0,11,1
case_069,nominal,2,retrieve,beea96f74592c12fe1fd6e104d0a05391108368a31b1d064a2bf808ebdbe961f,retrieve,ok,0,10,2
case_069,nominal,3,qa,4e35f3986a64a99efef9e3588cc16987a1088312eda0c3b805226756eadc0586,qa,ok,0,9,3
case_069,nominal,4,coverage,389b8bc788e6ecf7aa74a9693d13d81d39c6b5a82a9c538cead2c6ccb80699e5,coverage,ok,0,8,4
case_069,nominal,5,select,4e1d51020bf04127dd8e34dbd36c21d7f5fa307e8b2cd77939827f72151abcc8,select,ok,0,7,5
case_069,nominal,6,verdict,2d71d66fd7f5f690d819fd6317edce1f002fbaffda2893bf812bfe527dcdf06f,verdict,ok,0,6,6
case_069,nominal,7,finish,e27482a0ae60a3bc4b2016703b808ac5426b1bf338c8f2c49a660b3dd362c7c7,terminal,ok,0,5,7
case_069,retrieval_timeout_once,0,decompose,b69944b21a8c1b708189999e20b913ca565ca737172db1b2cc6cc985936df9f8,decompose,,0,12,0
case_069,retrieval_timeout_once,1,queries,3d25bcabac8fa471feb79783f13686b771b143735b8cccf0820cb02c808929c6,queries,ok,0,11,1
case_069,retrieval_timeout_once,2,retrieve,beea96f74592c12fe1fd6e104d0a05391108368a31b1d064a2bf808ebdbe961f,retrieve,ok,0,10,2
case_069,retrieval_timeout_once,3,retrieve,f846564ca64d0e9b7caccfaf6d48c6d8f311e4e38eba2c047c85605ce3ffffa9,retrieve,timeout,1,9,2
case_069,retrieval_timeout_once,4,qa,683fc8e3d6bc1790995505cd29800a504305d7745d109055c1bda735602d4a82,qa,ok,0,8,3
case_069,retrieval_timeout_once,5,coverage,bc85c5ab430613bbc5e9ac22fa338ba967dcbc2b58207b486835c3699b184fb3,coverage,ok,0,7,4
case_069,retrieval_timeout_once,6,select,d12185ad3a074aae67082309c64e8d6d6c315097078b90c61fbb30572ea76021,select,ok,0,6,5
case_069,retrieval_timeout_once,7,verdict,b215e76629dba8c526fff30e258048c7c84243ccc7d44abaa318895e7185cd9a,verdict,ok,0,5,6
case_069,retrieval_timeout_once,8,finish,48ed4b7d1e63ccad6cace9fb4df6acbaac86ff5d039e0cb266e7cc5f941d6aef,terminal,ok,0,4,7
case_069,retrieval_timeout_persistent,0,decompose,b69944b21a8c1b708189999e20b913ca565ca737172db1b2cc6cc985936df9f8,decompose,,0,12,0
case_069,retrieval_timeout_persistent,1,queries,3d25bcabac8fa471feb79783f13686b771b143735b8cccf0820cb02c808929c6,queries,ok,0,11,1
case_069,retrieval_timeout_persistent,2,retrieve,beea96f74592c12fe1fd6e104d0a05391108368a31b1d064a2bf808ebdbe961f,retrieve,ok,0,10,2
case_069,retrieval_timeout_persistent,3,retrieve,f846564ca64d0e9b7caccfaf6d48c6d8f311e4e38eba2c047c85605ce3ffffa9,retrieve,timeout,1,9,2
case_069,retrieval_timeout_persistent,4,abort,036dfb94c78d5722bd3b83089bcad7224900ce636decea28ee0df649ff923e7c,retrieve,timeout,2,8,2
case_070,nominal,0,decompose,b69944b21a8c1b708189999e20b913ca565ca737172db1b2cc6cc985936df9f8,decompose,,0,12,0
case_070,nominal,1,queries,3d25bcabac8fa471feb79783f13686b771b143735b8cccf0820cb02c808929c6,queries,ok,0,11,1
case_070,nominal,2,retrieve,afe2fd4ee6de5373d715e48eb11b01ede63ba2a30d73f32059c55114f074703d,retrieve,ok,0,10,2
case_070,nominal,3,qa,b0f16b9fd323dd06b36944242d6d14cc27e2854066c28cb546b5b9f98b4605b1,qa,ok,0,9,3
case_070,nominal,4,coverage,1445fcfa7dfb65b9d6af915ae6bc6035d7cb34fe7d830fb4ec8f720acef71eed,coverage,ok,0,8,4
case_070,nominal,5,select,880710690092c277f0ce07986d2a764e8330186d901fe1d9c5c5cff412cf10ce,select,ok,0,7,5
case_070,nominal,6,verdict,107a533cde941ac7265ac2d4f4c758719fe3de7729f3f0bf7c482b2eda234a2e,verdict,ok,0,6,6
case_070,nominal,7,finish,4c01a3c7b63e41c3c6bcdf322c252415930ba4f88eb977cbce69d0c641be45b5,terminal,ok,0,5,7
case_070,retrieval_timeout_once,0,decompose,b69944b21a8c1b708189999e20b913ca565ca737172db1b2cc6cc985936df9f8,decompose,,0,12,0
case_070,retrieval_timeout_once,1,queries,3d25bcabac8fa471feb79783f13686b771b143735b8cccf0820cb02c808929c6,queries,ok,0,11,1
case_070,retrieval_timeout_once,2,retrieve,afe2fd4ee6de5373d715e48eb11b01ede63ba2a30d73f32059c55114f074703d,retrieve,ok,0,10,2
case_070,retrieval_timeout_once,3,retrieve,05f59d5f452124196ab625e644ebc07bf2952d7f33a488a0c8acdb86f49a631c,retrieve,timeout,1,9,2
case_070,retrieval_timeout_once,4,qa,c9c0d1a80488233454cb5813242bd2b61a6ee79962bb0a89782eb66f88ebd49c,qa,ok,0,8,3
case_070,retrieval_timeout_once,5,coverage,17cb178bd9a13d8dc4b8d381c3a886e0c18ac59273712f7814bd20bdc9a121e1,coverage,ok,0,7,4
case_070,retrieval_timeout_once,6,select,34d8dd5516bc4868af3d88da30594562d8ae457ae42edfb18726640a87278001,select,ok,0,6,5
case_070,retrieval_timeout_once,7,verdict,307294884ec4a0044e0c7945fff3adbbbe80f911069aef1d4d2c98c5cc3b5695,verdict,ok,0,5,6
case_070,retrieval_timeout_once,8,finish,0c54d3d2b6621258452515af9ab87469735030834c58460f600cc3c2eecd7638,terminal,ok,0,4,7
case_070,retrieval_timeout_persistent,0,decompose,b69944b21a8c1b708189999e20b913ca565ca737172db1b2cc6cc985936df9f8,decompose,,0,12,0
case_070,retrieval_timeout_persistent,1,queries,3d25bcabac8fa471feb79783f13686b771b143735b8cccf0820cb02c808929c6,queries,ok,0,11,1
case_070,retrieval_timeout_persistent,2,retrieve,afe2fd4ee6de5373d715e48eb11b01ede63ba2a30d73f32059c55114f074703d,retrieve,ok,0,10,2
case_070,retrieval_timeout_persistent,3,retrieve,05f59d5f452124196ab625e644ebc07bf2952d7f33a488a0c8acdb86f49a631c,retrieve,timeout,1,9,2
case_070,retrieval_timeout_persistent,4,abort,7accd533623f133d41be9d6737a68effee557531be60fa88c52c0144b8071b71,retrieve,timeout,2,8,2
case_071,nominal,0,decompose,b69944b21a8c1b708189999e20b913ca565ca737172db1b2cc6cc985936df9f8,decompose,,0,12,0
case_071,nominal,1,queries,3d25bcabac8fa471feb79783f13686b771b143735b8cccf0820cb02c808929c6,queries,ok,0,11,1
case_071,nominal,2,retrieve,0d25a696b10679a7fcbe3375468ec50ca6d6c7621ad2ad1bf91747cba19284c7,retrieve,ok,0,10,2
case_071,nominal,3,qa,5afd83e29b4a3055f336853be215aa8158a8e74837bd574b80ea45931fd5c8f0,qa,ok,0,9,3
case_071,nominal,4,coverage,55db61d20824ed69693d54ae9c174aff95c247c4173c55e831be7656ce345b50,coverage,empty,0,8,4
case_071,nominal,5,select,d92bbc60bb8b249bd50870dfe7ab08640094d78a19d73a437e6bd51abde9f036,select,ok,0,7,5
case_071,nominal,6,verdict,2105c56745186cd96d348c8d0cc36f7df57dc17084106d31386c3b4d9f81455b,verdict,empty,0,6,6
case_071,nominal,7,verdict,a88714b4153262b09612d13b4df94f2971e1f657a058cb26e08bb53d75681263,verdict,invalid,1,5,6
case_071,nominal,8,abort,2e74808e2426f950dbea3cd490defc6350a5fe6ccf56b304145df9a2a1579511,verdict,invalid,2,4,6
case_071,retrieval_timeout_once,0,decompose,b69944b21a8c1b708189999e20b913ca565ca737172db1b2cc6cc985936df9f8,decompose,,0,12,0
case_071,retrieval_timeout_once,1,queries,3d25bcabac8fa471feb79783f13686b771b143735b8cccf0820cb02c808929c6,queries,ok,0,11,1
case_071,retrieval_timeout_once,2,retrieve,0d25a696b10679a7fcbe3375468ec50ca6d6c7621ad2ad1bf91747cba19284c7,retrieve,ok,0,10,2
case_071,retrieval_timeout_once,3,retrieve,190755ba8e74e12d932f5483e843b535b9648a20488e17d38942ce58107fff3a,retrieve,timeout,1,9,2
case_071,retrieval_timeout_once,4,qa,4530d462d25e81781dfabe1c637026bcd883bc0ae9b94bf51afb230f47319be3,qa,ok,0,8,3
case_071,retrieval_timeout_once,5,coverage,a924d7f83f5c15afdf39cd09bc9d07aaf372f420486391544a2a4e74f89aa83a,coverage,empty,0,7,4
case_071,retrieval_timeout_once,6,select,0c6ad1691ce601fa50db31b7a46d64ad04f702c4aa41a06c55fa793831dffb2e,select,ok,0,6,5
case_071,retrieval_timeout_once,7,verdict,9d8d2444dfa9ca2c54fb75c16b7de120f162e114478ee0dd006c0200a01ea094,verdict,empty,0,5,6
case_071,retrieval_timeout_once,8,verdict,a0bd04ea22e14e748d2be3a4f3f82ea3826880adf7135210597fc9673fdedb6c,verdict,invalid,1,4,6
case_071,retrieval_timeout_once,9,abort,300201224802859d247e159ba14fa9f7882bb0bf92eda9e76f44f6c1a3725312,verdict,invalid,2,3,6
case_071,retrieval_timeout_persistent,0,decompose,b69944b21a8c1b708189999e20b913ca565ca737172db1b2cc6cc985936df9f8,decompose,,0,12,0
case_071,retrieval_timeout_persistent,1,queries,3d25bcabac8fa471feb79783f13686b771b143735b8cccf0820cb02c808929c6,queries,ok,0,11,1
case_071,retrieval_timeout_persistent,2,retrieve,0d25a696b10679a7fcbe3375468ec50ca6d6c7621ad2ad1bf91747cba19284c7,retrieve,ok,0,10,2
case_071,retrieval_timeout_persistent,3,retrieve,190755ba8e74e12d932f5483e843b535b9648a20488e17d38942ce58107fff3a,retrieve,timeout,1,9,2
case_071,retrieval_timeout_persistent,4,abort,064f4e4d0aeb4742b1e45b7043c59ce31ac289a1092af8a5340255f54c6057f2,retrieve,timeout,2,8,2
case_072,nominal,0,decompose,b69944b21a8c1b708189999e20b913ca565ca737172db1b2cc6cc985936df9f8,decompose,,0,12,0
case_072,nominal,1,queries,3d25bcabac8fa471feb79783f13686b771b143735b8cccf0820cb02c808929c6,queries,ok,0,11,1
case_072,nominal,2,retrieve,d303e766583493d9dff273d091b4320ee571533ea20b220485a08d46bd64524b,retrieve,ok,0,10,2
case_072,nominal,3,qa,ed8cfbaa5f72017fc6bc45a6496857523b17857310db8ecf884432225221895d,qa,ok,0,9,3
case_072,nominal,4,coverage,03bce8daf04c50e654ece6f89d853543e4882ee7a4408e69acfe86a897701676,coverage,ok,0,8,4
case_072,nominal,5,select,7b64da689e9b5c23d1ca9949ddbcddc986fe96c0511d07a999bdd4042524ce26,select,ok,0,7,5
case_072,nominal,6,verdict,ea3d0d1258b5ac03f8c6026e367015543de38c867d4d447f4cdfd787fbc8e1d1,verdict,ok,0,6,6
case_072,nominal,7,finish,c24164c45e93194f2fa5da176f94108eb54da5ef44c55949289180774cbd017c,terminal,ok,0,5,7
case_072,retrieval_timeout_once,0,decompose,b69944b21a8c1b708189999e20b913ca565ca737172db1b2cc6cc985936df9f8,decompose,,0,12,0
case_072,retrieval_timeout_once,1,queries,3d25bcabac8fa471feb79783f13686b771b143735b8cccf0820cb02c808929c6,queries,ok,0,11,1
case_072,retrieval_timeout_once,2,retrieve,d303e766583493d9dff273d091b4320ee571533ea20b220485a08d46bd64524b,retrieve,ok,0,10,2
case_072,retrieval_timeout_once,3,retrieve,11d75ad8a3dd78bd10712aaab60f9df6f4fc3aa74d65bd9181e1a4ec5aaaeda0,retrieve,timeout,1,9,2
case_072,retrieval_timeout_once,4,qa,bbcf14d9246cfce0e07dbeb08ed9f4b5831cfbe4ec9eaca6bf2e6f9851108e67,qa,ok,0,8,3
case_072,retrieval_timeout_once,5,coverage,fe744e45c8ab24af3e09c2f47743c766edc881b388872ef136b49f237c0cb206,coverage,ok,0,7,4
case_072,retrieval_timeout_once,6,select,60eae3a12587428bf66d9a808a19215e4d54b21fa70049159f94e06b0d50d6ce,select,ok,0,6,5
case_072,retrieval_timeout_once,7,verdict,3dd303a7d6047e2a400357bdde35a13a5aa25e74c4a7384f4c49e874c4a3784d,verdict,ok,0,5,6
case_072,retrieval_timeout_once,8,finish,5e9488791168c43ca442b5938cb043a62310d508c5ff12554f8d8e63208a22e1,terminal,ok,0,4,7
case_072,retrieval_timeout_persistent,0,decompose,b69944b21a8c1b708189999e20b913ca565ca737172db1b2cc6cc985936df9f8,decompose,,0,12,0
case_072,retrieval_timeout_persistent,1,queries,3d25bcabac8fa471feb79783f13686b771b143735b8cccf0820cb02c808929c6,queries,ok,0,11,1
case_072,retrieval_timeout_persistent,2,retrieve,d303e766583493d9dff273d091b4320ee571533ea20b220485a08d46bd64524b,retrieve,ok,0,10,2
case_072,retrieval_timeout_persistent,3,retrieve,11d75ad8a3dd78bd10712aaab60f9df6f4fc3aa74d65bd9181e1a4ec5aaaeda0,retrieve,timeout,1,9,2
case_072,retrieval_timeout_persistent,4,abort,bb97fd2737bd39f117130eeb20203c568bd1f229291d7a190762fe156a043c83,retrieve,timeout,2,8,2
case_073,nominal,0,decompose,b69944b21a8c1b708189999e20b913ca565ca737172db1b2cc6cc985936df9f8,decompose,,0,12,0
case_073,nominal,1,decompose,28c74773aa391cfff89709b522b94d9d972824054877421632c379516a0450ee,decompose,timeout,1,11,0
case_073,nominal,2,queries,59a87d79a94137326bc8861e884a16e887217772b477bc62f33c79af19faf9d8,queries,ok,0,10,1
case_073,nominal,3,retrieve,f00ac229193b84bf8757ea11a49d64e1fedabcd550faf938c2198356868e12c6,retrieve,ok,0,9,2
case_073,nominal,4,qa,69611a40dfc90de2d5097c69a8bdc44266cea853ae3fc17517538cd949423a1c,qa,ok,0,8,3
case_073,nominal,5,coverage,3b48a0bb8b7a85e9bb4d50b2e4817d05678453ba7debfaaa76aa78717c0ba880,coverage,ok,0,7,4
case_073,nominal,6,select,fb50ee83705065b2c07df9d01a204fb34a40b37979aa2102afe0d47a545d7d33,select,ok,0,6,5
case_073,nominal,7,verdict,5d8bd5dc92e3301eab90869545a6b0831fd08bb0a40d4f698fd61555981705c6,verdict,ok,0,5,6
case_073,nominal,8,finish,309761f4c3430f8879b945fc741f1b6619e78cde0c2ae0842c80a13615e99a08,terminal,ok,0,4,7
case_073,retrieval_timeout_once,0,decompose,b69944b21a8c1b708189999e20b913ca565ca737172db1b2cc6cc985936df9f8,decompose,,0,12,0
case_073,retrieval_timeout_once,1,decompose,28c74773aa391cfff89709b522b94d9d972824054877421632c379516a0450ee,decompose,timeout,1,11,0
case_073,retrieval_timeout_once,2,queries,59a87d79a94137326bc8861e884a16e887217772b477bc62f33c79af19faf9d8,queries,ok,0,10,1
case_073,retrieval_timeout_once,3,retrieve,f00ac229193b84bf8757ea11a49d64e1fedabcd550faf938c2198356868e12c6,retrieve,ok,0,9,2
case_073,retrieval_timeout_once,4,retrieve,8168c02fa74746d629ac471d1a1bd6ad3529376c719da9887466828c3e2294f8,retrieve,timeout,1,8,2
case_073,retrieval_timeout_once,5,qa,d463947bb162bc2a11574ca4fbdb9707f927bd6ba45568f18f7b4bf7d5498d62,qa,ok,0,7,3
case_073,retrieval_timeout_once,6,coverage,dbc25ae73aa4d0a8e83d726dda12095ceace01daa68260b8ee78a0deccf2812d,coverage,ok,0,6,4
case_073,retrieval_timeout_once,7,select,f97acc2e3fa61d6a718bc11eb731609c2790d916eb0dd55c30280d214177452b,select,ok,0,5,5
case_073,retrieval_timeout_once,8,verdict,f2254cc552ef5d100297881ec873384cf012c2fea8a3c146cd51a62481489ed1,verdict,ok,0,4,6
case_073,retrieval_timeout_once,9,finish,95580b33add1432d9138331a80c4cb32218580ac77324b37667e43ab9dd3c695,terminal,ok,0,3,7
case_073,retrieval_timeout_persistent,0,decompose,b69944b21a8c1b708189999e20b913ca565ca737172db1b2cc6cc985936df9f8,decompose,,0,12,0
case_073,retrieval_timeout_persistent,1,decompose,28c74773aa391cfff89709b522b94d9d972824054877421632c379516a0450ee,decompose,timeout,1,11,0
case_073,retrieval_timeout_persistent,2,queries,59a87d79a94137326bc8861e884a16e887217772b477bc62f33c79af19faf9d8,queries,ok,0,10,1
case_073,retrieval_timeout_persistent,3,retrieve,f00ac229193b84bf8757ea11a49d64e1fedabcd550faf938c2198356868e12c6,retrieve,ok,0,9,2
case_073,retrieval_timeout_persistent,4,retrieve,8168c02fa74746d629ac471d1a1bd6ad3529376c719da9887466828c3e2294f8,retrieve,timeout,1,8,2
case_073,retrieval_timeout_persistent,5,abort,3191e8f2c2502f6535637979a6cc74fcefac1472173b9c8b6d9fb9a3678bafbb,retrieve,timeout,2,7,2
case_074,nominal,0,decompose,b69944b21a8c1b708189999e20b913ca565ca737172db1b2cc6cc985936df9f8,decompose,,0,12,0
case_074,nominal,1,queries,3d25bcabac8fa471feb79783f13686b771b143735b8cccf0820cb02c808929c6,queries,ok,0,11,1
case_074,nominal,2,retrieve,beea96f74592c12fe1fd6e104d0a05391108368a31b1d064a2bf808ebdbe961f,retrieve,ok,0,10,2
case_074,nominal,3,qa,6a1019f7a606c81ee3a3dcea2d99014c65fbfef6416cae5c0a0d79ba96cb22af,qa,ok,0,9,3
case_074,nominal,4,coverage,d771e90c2d1e00ff7abb328bc04dbfba5e74408759ac2481f41a33ce14e63f5e,coverage,ok,0,8,4
case_074,nominal,5,select,454e48cc719361e72287e129fcf883c9a1834a85e5d01500e9755eae7c6ca403,select,ok,0,7,5
case_074,nominal,6,verdict,30e0c054e3a393510c09e934feeb4371e6d0ebe2f2738be4c970781d4b60e5c1,verdict,ok,0,6,6
case_074,nominal,7,verdict,67ce29c6e9076062bf7588a0957656523d6e81187d808d8ba69377b560159fbf,verdict,invalid,1,5,6
case_074,nominal,8,abort,657fd5cef8b7d862def636c162c0f1bbb947789917ced9bd6001d65b516cc7dd,verdict,invalid,2,4,6
case_074,retrieval_timeout_once,0,decompose,b69944b21a8c1b708189999e20b913ca565ca737172db1b2cc6cc985936df9f8,decompose,,0,12,0
case_074,retrieval_timeout_once,1,queries,3d25bcabac8fa471feb79783f13686b771b143735b8cccf0820cb02c808929c6,queries,ok,0,11,1
case_074,retrieval_timeout_once,2,retrieve,beea96f74592c12fe1fd6e104d0a05391108368a31b1d064a2bf808ebdbe961f,retrieve,ok,0,10,2
case_074,retrieval_timeout_once,3,retrieve,f846564ca64d0e9b7caccfaf6d48c6d8f311e4e38eba2c047c85605ce3ffffa9,retrieve,timeout,1,9,2
case_074,retrieval_timeout_once,4,qa,332a25bcfec2d4c8e4bca2110af101e4d20388b9f2de8eb33cccb08e754ccfe7,qa,ok,0,8,3
case_074,retrieval_timeout_once,5,coverage,03e64e1a95280705c475c7954b3eec970c4582993d9ca3d8f538cc80c9cc643f,coverage,ok,0,7,4
case_074,retrieval_timeout_once,6,select,52b005089566b2f8f571c4a6fbba1a594f73ea3e685dcac2e33656ad5c9c6848,select,ok,0,6,5
case_074,retrieval_timeout_once,7,verdict,512317a442eccdaf7d74752abf9df44541f0e80ab94be1bf0b6eb7ce5f23f2dd,verdict,ok,0,5,6
case_074,retrieval_timeout_once,8,verdict,f2bbefa4e8cbd6b9ed46c0f8ed6889b6f30b3d879fef54e7a654ad70b43e0020,verdict,invalid,1,4,6
case_074,retrieval_timeout_once,9,abort,d7391a43b94a20956ad8783489e5db8f2f16ca40e4e352a4ae9ab9a0d4527863,verdict,invalid,2,3,6
case_074,retrieval_timeout_persistent,0,decompose,b69944b21a8c1b708189999e20b913ca565ca737172db1b2cc6cc985936df9f8,decompose,,0,12,0
case_074,retrieval_timeout_persistent,1,queries,3d25bcabac8fa471feb79783f13686b771b143735b8cccf0820cb02c808929c6,queries,ok,0,11,1
case_074,retrieval_timeout_persistent,2,retrieve,beea96f74592c12fe1fd6e104d0a05391108368a31b1d064a2bf808ebdbe961f,retrieve,ok,0,10,2
case_074,retrieval_timeout_persistent,3,retrieve,f846564ca64d0e9b7caccfaf6d48c6d8f311e4e38eba2c047c85605ce3ffffa9,retrieve,timeout,1,9,2
case_074,retrieval_timeout_persistent,4,abort,036dfb94c78d5722bd3b83089bcad7224900ce636decea28ee0df649ff923e7c,retrieve,timeout,2,8,2
case_075,nominal,0,decompose,b69944b21a8c1b708189999e20b913ca565ca737172db1b2cc6cc985936df9f8,decompose,,0,12,0
case_075,nominal,1,queries,3d25bcabac8fa471feb79783f13686b771b143735b8cccf0820cb02c808929c6,queries,ok,0,11,1
case_075,nominal,2,retrieve,afe2fd4ee6de5373d715e48eb11b01ede63ba2a30d73f32059c55114f074703d,retrieve,ok,0,10,2
case_075,nominal,3,qa,0d9bfd8b2231ba054cc179193cc5f729876dbf1154a0a4e945a87b8b0f3b7fe0,qa,ok,0,9,3
case_075,nominal,4,coverage,0a6fb8b6e6e88638c293c9d5c0e2d09eb67941d045b777f00d98703a5d858dbb,coverage,ok,0,8,4
case_075,nominal,5,select,8a5aea8b5b8c3c8c528d7182a743f43569b1b1f321b94394f9b415b46f26c9cb,select,ok,0,7,5
case_075,nominal,6,verdict,6debc0f4a3d319decca2c5eb03b170d1388588404a31764a02cc80e6fe5ede95,verdict,ok,0,6,6
case_075,nominal,7,verdict,1d6e0648163cc7465db2343d1f317dd6836b51df89fbd2c5c139d0ca501f4411,verdict,invalid,1,5,6
case_075,nominal,8,abort,9c1b47744ee7ed2d75ca507bae1aef88df81de9d1a94f81d8e5c7ccf64197d8a,verdict,invalid,2,4,6
case_075,retrieval_timeout_once,0,decompose,b69944b21a8c1b708189999e20b913ca565ca737172db1b2cc6cc985936df9f8,decompose,,0,12,0
case_075,retrieval_timeout_once,1,queries,3d25bcabac8fa471feb79783f13686b771b143735b8cccf0820cb02c808929c6,queries,ok,0,11,1
case_075,retrieval_timeout_once,2,retrieve,afe2fd4ee6de5373d715e48eb11b01ede63ba2a30d73f32059c55114f074703d,retrieve,ok,0,10,2
case_075,retrieval_timeout_once,3,retrieve,05f59d5f452124196ab625e644ebc07bf2952d7f33a488a0c8acdb86f49a631c,retrieve,timeout,1,9,2
case_075,retrieval_timeout_once,4,qa,130c85c5394b32321d53af164a7d267833798af315bea7fa5a4dc22e6eadd3ac,qa,ok,0,8,3
case_075,retrieval_timeout_once,5,coverage,a8ef0e916ad85041f85f9c7d8347da7c74e9a5d9f92fbdc2eb6d8d1248c101c6,coverage,ok,0,7,4
case_075,retrieval_timeout_once,6,select,26b7d2de0b473714af23c56ac0267dced445f854c237b21430d6585c3dce595d,select,ok,0,6,5
case_075,retrieval_timeout_once,7,verdict,f37ca3727f4a40d409b5fadd318f5ef266128f9a877a7fa3c87745efc8f92d28,verdict,ok,0,5,6
case_075,retrieval_timeout_once,8,verdict,dde8bbdfa9014983809d1571ccc2ad58b0bf3ec74c8132edf6ee387b4a68eee2,verdict,invalid,1,4,6
case_075,retrieval_timeout_once,9,abort,39ed89f4e7a66fec3a39c6c22fb1425b563f2c0d2372958add2b81c906e9b8b2,verdict,invalid,2,3,6
case_075,retrieval_timeout_persistent,0,decompose,b69944b21a8c1b708189999e20b913ca565ca737172db1b2cc6cc985936df9f8,decompose,,0,12,0
case_075,retrieval_timeout_persistent,1,queries,3d25bcabac8fa471feb79783f13686b771b143735b8cccf0820cb02c808929c6,queries,ok,0,11,1
case_075,retrieval_timeout_persistent,2,retrieve,afe2fd4ee6de5373d715e48eb11b01ede63ba2a30d73f32059c55114f074703d,retrieve,ok,0,10,2
case_075,retrieval_timeout_persistent,3,retrieve,05f59d5f452124196ab625e644ebc07bf2952d7f33a488a0c8acdb86f49a631c,retrieve,timeout,1,9,2
case_075,retrieval_timeout_persistent,4,abort,7accd533623f133d41be9d6737a68effee557531be60fa88c52c0144b8071b71,retrieve,timeout,2,8,2
case_076,nominal,0,decompose,b69944b21a8c1b708189999e20b913ca565ca737172db1b2cc6cc985936df9f8,decompose,,0,12,0
case_076,nominal,1,queries,3d25bcabac8fa471feb79783f13686b771b143735b8cccf0820cb02c808929c6,queries,ok,0,11,1
case_076,nominal,2,retrieve,beea96f74592c12fe1fd6e104d0a05391108368a31b1d064a2bf808ebdbe961f,retrieve,ok,0,10,2
case_076,nominal,3,qa,9506b90e764de491c60f75022f24457c704ad68d4dc279a2fcccfd327721b5fe,qa,ok,0,9,3
case_076,nominal,4,coverage,34cf43e0c2f76ace7e7a0c269f6fd6d443fe8c66d6cec4fe3e44db8847dd90b1,coverage,empty,0,8,4
case_076,nominal,5,select,2ca0e5dab72bff0d3e0d84a3d25824849430056bad9aeb4dfc6293741d4e014c,select,ok,0,7,5
case_076,nominal,6,verdict,b71e1a98e7e0db337a83c910c940d069e7dc2cfd465e7902a18c0decd889ae5e,verdict,empty,0,6,6
case_076,nominal,7,finish,03c1557e269eb3521c033243f08fa29d194a219b4c80d92688345b8809a0b3e2,terminal,ok,0,5,7
case_076,retrieval_timeout_once,0,decompose,b69944b21a8c1b708189999e20b913ca565ca737172db1b2cc6cc985936df9f8,decompose,,0,12,0
case_076,retrieval_timeout_once,1,queries,3d25bcabac8fa471feb79783f13686b771b143735b8cccf0820cb02c808929c6,queries,ok,0,11,1
case_076,retrieval_timeout_once,2,retrieve,beea96f74592c12fe1fd6e104d0a05391108368a31b1d064a2bf808ebdbe961f,retrieve,ok,0,10,2
case_076,retrieval_timeout_once,3,retrieve,f846564ca64d0e9b7caccfaf6d48c6d8f311e4e38eba2c047c85605ce3ffffa9,retrieve,timeout,1,9,2
case_076,retrieval_timeout_once,4,qa,460b3c954d2e46c07d7d61381732509829e4c8f2b49ea7a85d23fa66b360c69b,qa,ok,0,8,3
case_076,retrieval_timeout_once,5,coverage,d6b05a0af2ec8183501cd6fba6754ce51927ad7c87b31b72e2e70fdcd855980b,coverage,empty,0,7,4
case_076,retrieval_timeout_once,6,select,78909d68b4265c50d28b7c4f9a12218792860f2b71b7448bf4fdbe5284234c5d,select,ok,0,6,5
case_076,retrieval_timeout_once,7,verdict,09a9f2f186d11ab76968eabded5e6d0da75236e5f59280b51b9ed6e94f649a60,verdict,empty,0,5,6
case_076,retrieval_timeout_once,8,finish,5fbded7a6c59cb62f4adcaf45577dc202e26a4ac467b7039d973d6ff8b3f1f0f,terminal,ok,0,4,7
case_076,retrieval_timeout_persistent,0,decompose,b69944b21a8c1b708189999e20b913ca565ca737172db1b2cc6cc985936df9f8,decompose,,0,12,0
case_076,retrieval_timeout_persistent,1,queries,3d25bcabac8fa471feb79783f13686b771b143735b8cccf0820cb02c808929c6,queries,ok,0,11,1
case_076,retrieval_timeout_persistent,2,retrieve,beea96f74592c12fe1fd6e104d0a05391108368a31b1d064a2bf808ebdbe961f,retrieve,ok,0,10,2
case_076,retrieval_timeout_persistent,3,retrieve,f846564ca64d0e9b7caccfaf6d48c6d8f311e4e38eba2c047c85605ce3ffffa9,retrieve,timeout,1,9,2
case_076,retrieval_timeout_persistent,4,abort,036dfb94c78d5722bd3b83089bcad7224900ce636decea28ee0df649ff923e7c,retrieve,timeout,2,8,2
case_077,nominal,0,decompose,b69944b21a8c1b708189999e20b913ca565ca737172db1b2cc6cc985936df9f8,decompose,,0,12,0
case_077,nominal,1,queries,3d25bcabac8fa471feb79783f13686b771b143735b8cccf0820cb02c808929c6,queries,ok,0,11,1
case_077,nominal,2,retrieve,beea96f74592c12fe1fd6e104d0a05391108368a31b1d064a2bf808ebdbe961f,retrieve,ok,0,10,2
case_077,nominal,3,qa,29ebccbe51b7d4c5b2be2bc82db5d7a1c7c29ac12fa9a22f3eda1a6f65025a88,qa,ok,0,9,3
case_077,nominal,4,coverage,14258642bce5ce4137e6ae547f6afa80271f1a6d30507c7d6c79e71c742335f4,coverage,empty,0,8,4
case_077,nominal,5,select,243c7a986f422252f3c69a552ae870f1bf4c425ffc9bba2cbde4b7d254d1c3c8,select,ok,0,7,5
case_077,nominal,6,verdict,721b25a2fbbc0d3087a93b3f629685d3467a91a7a90019ecdb7541db84e2294b,verdict,empty,0,6,6
case_077,nominal,7,verdict,553ec1ee7012a73a55047e60b001f0e41abd1827aa84d808d0cb62ba5bb44e52,verdict,invalid,1,5,6
case_077,nominal,8,abort,b168276f440dfe38f28d4dd531ff2c4a981513da5c589b2e3bbc89c9bbea7429,verdict,invalid,2,4,6
case_077,retrieval_timeout_once,0,decompose,b69944b21a8c1b708189999e20b913ca565ca737172db1b2cc6cc985936df9f8,decompose,,0,12,0
case_077,retrieval_timeout_once,1,queries,3d25bcabac8fa471feb79783f13686b771b143735b8cccf0820cb02c808929c6,queries,ok,0,11,1
case_077,retrieval_timeout_once,2,retrieve,beea96f74592c12fe1fd6e104d0a05391108368a31b1d064a2bf808ebdbe961f,retrieve,ok,0,10,2
case_077,retrieval_timeout_once,3,retrieve,f846564ca64d0e9b7caccfaf6d48c6d8f311e4e38eba2c047c85605ce3ffffa9,retrieve,timeout,1,9,2
case_077,retrieval_timeout_once,4,qa,2270c6b54224558c2b4d0258b098d02586061abaf1c6c39a551a48c1860e40b0,qa,ok,0,8,3
case_077,retrieval_timeout_once,5,coverage,61f0bf26a46a4582e7c5dec5882e9e22f3b3c926b968aa4ebc962897743f399c,coverage,empty,0,7,4
case_077,retrieval_timeout_once,6,select,db8af35c1031467677a15ea88de8a8fd6987a3d3ecaa5211338cdea2cb73e637,select,ok,0,6,5
case_077,retrieval_timeout_once,7,verdict,ed5c69882b400d448923444710e57c1ae069592f3d234b56268dc273899d0aee,verdict,empty,0,5,6
case_077,retrieval_timeout_once,8,verdict,504cfba8890a55578f8664d30fd2fb9c03b6bbb56d49b557f4f8792fc6ce74f7,verdict,invalid,1,4,6
case_077,retrieval_timeout_once,9,abort,6cf83b8e12c5ed1cee420c3ca500c54164ac7aec0a80ecf0038a5d12a3c453f5,verdict,invalid,2,3,6
case_077,retrieval_timeout_persistent,0,decompose,b69944b21a8c1b708189999e20b913ca565ca737172db1b2cc6cc985936df9f8,decompose,,0,12,0
case_077,retrieval_timeout_persistent,1,queries,3d25bcabac8fa471feb79783f13686b771b143735b8cccf0820cb02c808929c6,queries,ok,0,11,1
case_077,retrieval_timeout_persistent,2,retrieve,beea96f74592c12fe1fd6e104d0a05391108368a31b1d064a2bf808ebdbe961f,retrieve,ok,0,10,2
case_077,retrieval_timeout_persistent,3,retrieve,f846564ca64d0e9b7caccfaf6d48c6d8f311e4e38eba2c047c85605ce3ffffa9,retrieve,timeout,1,9,2
case_077,retrieval_timeout_persistent,4,abort,036dfb94c78d5722bd3b83089bcad7224900ce636decea28ee0df649ff923e7c,retrieve,timeout,2,8,2
case_078,nominal,0,decompose,b69944b21a8c1b708189999e20b913ca565ca737172db1b2cc6cc985936df9f8,decompose,,0,12,0
case_078,nominal,1,queries,3d25bcabac8fa471feb79783f13686b771b143735b8cccf0820cb02c808929c6,queries,ok,0,11,1
case_078,nominal,2,retrieve,d303e766583493d9dff273d091b4320ee571533ea20b220485a08d46bd64524b,retrieve,ok,0,10,2
case_078,nominal,3,qa,d0000d0e3d1fc7e95e635e70e9aa2312036cadea0d7a9cb9b96258bcc8518385,qa,ok,0,9,3
case_078,nominal,4,coverage,ababa86f933daf8488e3223357c83594efe93bf61dfcc806cc7e3657e7dc4ab8,coverage,ok,0,8,4
case_078,nominal,5,select,449408976a1e5f7568c5d896a13f8766c8970d6748f260584e883669b48baf84,select,ok,0,7,5
case_078,nominal,6,verdict,42fdc33730ecfb836ae1f6ead9a59c58ed62349cdf27272aaa57fd2cf4afb8a0,verdict,ok,0,6,6
case_078,nominal,7,finish,a3837db434f32509daaf40ec4c14b869c0b949f99d8705661bbff23915d7f815,terminal,ok,0,5,7
case_078,retrieval_timeout_once,0,decompose,b69944b21a8c1b708189999e20b913ca565ca737172db1b2cc6cc985936df9f8,decompose,,0,12,0
case_078,retrieval_timeout_once,1,queries,3d25bcabac8fa471feb79783f13686b771b143735b8cccf0820cb02c808929c6,queries,ok,0,11,1
case_078,retrieval_timeout_once,2,retrieve,d303e766583493d9dff273d091b4320ee571533ea20b220485a08d46bd64524b,retrieve,ok,0,10,2
case_078,retrieval_timeout_once,3,retrieve,11d75ad8a3dd78bd10712aaab60f9df6f4fc3aa74d65bd9181e1a4ec5aaaeda0,retrieve,timeout,1,9,2
case_078,retrieval_timeout_once,4,qa,3c52bec545247fd47546f2e1eac161540a44bcdb78d07b2d8ca4a437d8a5ee5e,qa,ok,0,8,3
case_078,retrieval_timeout_once,5,coverage,20af91770864c9265ba2accae73bafbbd26d21f5323d22ccebb8a8bdf6a15811,coverage,ok,0,7,4
case_078,retrieval_timeout_once,6,select,76cf83cef4f18748b7a999ca7596d1a520431bf7e0a3fb5b274c0cda17842a7f,select,ok,0,6,5
case_078,retrieval_timeout_once,7,verdict,894c065d85706d89d38ab9d7e7e0f51cc3a70ac7e76cfb116974d231b7f23fa8,verdict,ok,0,5,6
case_078,retrieval_timeout_once,8,finish,329b61d70855f8cbb3b2c909b3bdd4141dfc53d3afda5cd704cdad2e13b64cd5,terminal,ok,0,4,7
case_078,retrieval_timeout_persistent,0,decompose,b69944b21a8c1b708189999e20b913ca565ca737172db1b2cc6cc985936df9f8,decompose,,0,12,0
case_078,retrieval_timeout_persistent,1,queries,3d25bcabac8fa471feb79783f13686b771b143735b8cccf0820cb02c808929c6,queries,ok,0,11,1
case_078,retrieval_timeout_persistent,2,retrieve,d303e766583493d9dff273d091b4320ee571533ea20b220485a08d46bd64524b,retrieve,ok,0,10,2
case_078,retrieval_timeout_persistent,3,retrieve,11d75ad8a3dd78bd10712aaab60f9df6f4fc3aa74d65bd9181e1a4ec5aaaeda0,retrieve,timeout,1,9,2
case_078,retrieval_timeout_persistent,4,abort,bb97fd2737bd39f117130eeb20203c568bd1f229291d7a190762fe156a043c83,retrieve,timeout,2,8,2
case_079,nominal,0,decompose,b69944b21a8c1b708189999e20b913ca565ca737172db1b2cc6cc985936df9f8,decompose,,0,12,0
case_079,nominal,1,queries,c93a3397038975a373a3eeea8aace3283cd4e93eb2122f6ec7233b609c5c1f1c,queries,ok,0,11,1
case_079,nominal,2,retrieve,3a6548a82741f12860d74fa90a4beb4dd8b2c6fc658dfa0d88fc33945a0cb4a3,retrieve,ok,0,10,2
case_079,nominal,3,qa,b3105e623fafbd3e214cee6f6bf68688df50df00f34d6f9afc2c92c833b93fa7,qa,ok,0,9,3
case_079,nominal,4,coverage,4eb624d89ae4ab0f3319b496da34395ed08fd9e044199a4c7062854a67521ef2,coverage,ok,0,8,4
case_079,nominal,5,select,b3a8ec29ae2c4ca83839bd9bce6759ff392073796a543433e07d0d29054b5868,select,ok,0,7,5
case_079,nominal,6,verdict,2b5efd3d90e36cebb17fbf0fe7c60ed776f9bc6f26cfde217d32b0b4fc93356d,verdict,ok,0,6,6
case_079,nominal,7,finish,950974b0d51d3bb05a196df873929e1ca8407fda7f488936b286191e6937f790,terminal,ok,0,5,7
case_079,retrieval_timeout_once,0,decompose,b69944b21a8c1b708189999e20b913ca565ca737172db1b2cc6cc985936df9f8,decompose,,0,12,0
case_079,retrieval_timeout_once,1,queries,c93a3397038975a373a3eeea8aace3283cd4e93eb2122f6ec7233b609c5c1f1c,queries,ok,0,11,1
case_079,retrieval_timeout_once,2,retrieve,3a6548a82741f12860d74fa90a4beb4dd8b2c6fc658dfa0d88fc33945a0cb4a3,retrieve,ok,0,10,2
case_079,retrieval_timeout_once,3,retrieve,50bba0227f13ae7aa1170dd15bbecec7a331a40591c798461b08a9885cc2a959,retrieve,timeout,1,9,2
case_079,retrieval_timeout_once,4,qa,d23dd74d896c62e399e68ee3aa54013e59f43e2c061931603c0a4664d6fa6297,qa,ok,0,8,3
case_079,retrieval_timeout_once,5,coverage,81a7434dc7f81a8a256c519189d73abcf7458cf5fe9c2cfe40e99e5fc0ee9c21,coverage,ok,0,7,4
case_079,retrieval_timeout_once,6,select,bb78a8129a4f063ee6522a7db6e8e3201441677cfa7a0627160b5b724c4b18bf,select,ok,0,6,5
case_079,retrieval_timeout_once,7,verdict,c3fe88ea0cdfedd4614453408a6b96277f5a299132316495a4edbcfffe68e020,verdict,ok,0,5,6
case_079,retrieval_timeout_once,8,finish,4c0c25802ca9d687c5485aa8fafe93e82120006ec34970c559f8501157e438b6,terminal,ok,0,4,7
case_079,retrieval_timeout_persistent,0,decompose,b69944b21a8c1b708189999e20b913ca565ca737172db1b2cc6cc985936df9f8,decompose,,0,12,0
case_079,retrieval_timeout_persistent,1,queries,c93a3397038975a373a3eeea8aace3283cd4e93eb2122f6ec7233b609c5c1f1c,queries,ok,0,11,1
case_079,retrieval_timeout_persistent,2,retrieve,3a6548a82741f12860d74fa90a4beb4dd8b2c6fc658dfa0d88fc33945a0cb4a3,retrieve,ok,0,10,2
case_079,retrieval_timeout_persistent,3,retrieve,50bba0227f13ae7aa1170dd15bbecec7a331a40591c798461b08a9885cc2a959,retrieve,timeout,1,9,2
case_079,retrieval_timeout_persistent,4,abort,ee9f987abbede3be91a8a0532b76b3a687b87d0136f45725576ad5b967ff84cd,retrieve,timeout,2,8,2
case_080,nominal,0,decompose,b69944b21a8c1b708189999e20b913ca565ca737172db1b2cc6cc985936df9f8,decompose,,0,12,0
case_080,nominal,1,queries,3d25bcabac8fa471feb79783f13686b771b143735b8cccf0820cb02c808929c6,queries,ok,0,11,1
case_080,nominal,2,retrieve,beea96f74592c12fe1fd6e104d0a05391108368a31b1d064a2bf808ebdbe961f,retrieve,ok,0,10,2
case_080,nominal,3,qa,8d62d16fc060224fc99e294e7b87dbb6b3cbd5609bf1ca915a8ec7f5d5b1d240,qa,ok,0,9,3
case_080,nominal,4,coverage,6bae37afa5a7ee7a42f3cc74589c20f74a4cedb6bed5e98d1cb77b7a796a696e,coverage,empty,0,8,4
case_080,nominal,5,select,7a95dd429103b3e808ed7135d4d954d63330fcbc062f809159fbd2cc8716eb84,select,ok,0,7,5
case_080,nominal,6,verdict,edac8041a7d827f859ca5cc657b9518a48dc9adb92e7c3d694a5b2c084b8e319,verdict,empty,0,6,6
case_080,nominal,7,finish,4fe38b2864fcc98480ba454d4f300d204955d39cd8e1d530022db8c92194e638,terminal,ok,0,5,7
case_080,retrieval_timeout_once,0,decompose,b69944b21a8c1b708189999e20b913ca565ca737172db1b2cc6cc985936df9f8,decompose,,0,12,0
case_080,retrieval_timeout_once,1,queries,3d25bcabac8fa471feb79783f13686b771b143735b8cccf0820cb02c808929c6,queries,ok,0,11,1
case_080,retrieval_timeout_once,2,retrieve,beea96f74592c12fe1fd6e104d0a05391108368a31b1d064a2bf808ebdbe961f,retrieve,ok,0,10,2
case_080,retrieval_timeout_once,3,retrieve,f846564ca64d0e9b7caccfaf6d48c6d8f311e4e38eba2c047c85605ce3ffffa9,retrieve,timeout,1,9,2
case_080,retrieval_timeout_once,4,qa,470cbcb8c899adbdd4e43e188193c4a7b97120cb1d48ea8f7394feb68c543396,qa,ok,0,8,3
case_080,retrieval_timeout_once,5,coverage,838cb04c4f6ae9aab94af2ff5041cbaa6e73d63ad789e2b105470ee84bf2a0c7,coverage,empty,0,7,4
case_080,retrieval_timeout_once,6,select,a5f12d745a9082c30b795cf9e9d7d368137e54aa72f9068f473d50b2b64e813e,select,ok,0,6,5
case_080,retrieval_timeout_once,7,verdict,1ce7e65718d7ae554d45d78cd24cea034e55b9afb6e9a2d621bb68922debb200,verdict,empty,0,5,6
case_080,retrieval_timeout_once,8,finish,c01620302d5ae7dafcfb5b062fdab5286ff50ddee22fb58f318afcd58594b26c,terminal,ok,0,4,7
case_080,retrieval_timeout_persistent,0,decompose,b69944b21a8c1b708189999e20b913ca565ca737172db1b2cc6cc985936df9f8,decompose,,0,12,0
case_080,retrieval_timeout_persistent,1,queries,3d25bcabac8fa471feb79783f13686b771b143735b8cccf0820cb02c808929c6,queries,ok,0,11,1
case_080,retrieval_timeout_persistent,2,retrieve,beea96f74592c12fe1fd6e104d0a05391108368a31b1d064a2bf808ebdbe961f,retrieve,ok,0,10,2
case_080,retrieval_timeout_persistent,3,retrieve,f846564ca64d0e9b7caccfaf6d48c6d8f311e4e38eba2c047c85605ce3ffffa9,retrieve,timeout,1,9,2
case_080,retrieval_timeout_persistent,4,abort,036dfb94c78d5722bd3b83089bcad7224900ce636decea28ee0df649ff923e7c,retrieve,timeout,2,8,2
case_081,nominal,0,decompose,b69944b21a8c1b708189999e20b913ca565ca737172db1b2cc6cc985936df9f8,decompose,,0,12,0
case_081,nominal,1,queries,3d25bcabac8fa471feb79783f13686b771b143735b8cccf0820cb02c808929c6,queries,ok,0,11,1
case_081,nominal,2,retrieve,0d25a696b10679a7fcbe3375468ec50ca6d6c7621ad2ad1bf91747cba19284c7,retrieve,ok,0,10,2
case_081,nominal,3,qa,a3d7e9195d83bfbc07dbba5809ea6ba44d4ae4fa26baa87726c2a3b57a0f07e4,qa,ok,0,9,3
case_081,nominal,4,coverage,43d30c487c3f79b0dcdf3bdf55477c790e9cda26682290f94bb0d3454abb5935,coverage,ok,0,8,4
case_081,nominal,5,select,0edbdfe76018cfe7e0ccdeecd3c3cf48253216c2400c52fcce583b000886dc67,select,ok,0,7,5
case_081,nominal,6,verdict,46c61fe84bf1eb42b945894841d600e241960a79601ce1fbd0c0e9741ebd941e,verdict,ok,0,6,6
case_081,nominal,7,finish,7f575b525b300d72eaae7431bed4533292ab1b96d24df43e0baa6b7cfc470791,terminal,ok,0,5,7
case_081,retrieval_timeout_once,0,decompose,b69944b21a8c1b708189999e20b913ca565ca737172db1b2cc6cc985936df9f8,decompose,,0,12,0
case_081,retrieval_timeout_once,1,queries,3d25bcabac8fa471feb79783f13686b771b143735b8cccf0820cb02c808929c6,queries,ok,0,11,1
case_081,retrieval_timeout_once,2,retrieve,0d25a696b10679a7fcbe3375468ec50ca6d6c7621ad2ad1bf91747cba19284c7,retrieve,ok,0,10,2
case_081,retrieval_timeout_once,3,retrieve,190755ba8e74e12d932f5483e843b535b9648a20488e17d38942ce58107fff3a,retrieve,timeout,1,9,2
case_081,retrieval_timeout_once,4,qa,7cf57d29a02661c025f62d8fd1dd1b576fe676beefc1105943992afb6f900ed4,qa,ok,0,8,3
case_081,retrieval_timeout_once,5,coverage,03c4637f50ed7f7c82fedf16fa38b8ccfb706fb24acfe82b9e812f76ac05dbc0,coverage,ok,0,7,4
case_081,retrieval_timeout_once,6,select,4753d662c0707e909ee26f97b7c569b4aa64f1803dacba7c7a863de65cfbd187,select,ok,0,6,5
case_081,retrieval_timeout_once,7,verdict,1865dcbc9e7a2a07aac2dd99c98d9d9ec016f00907dce26c9f6be169ed137f9b,verdict,ok,0,5,6
case_081,retrieval_timeout_once,8,finish,a08babc7b7d89e295bed0d15dc281c769027f66b687f0ecc184e221d810e9450,terminal,ok,0,4,7
case_081,retrieval_timeout_persistent,0,decompose,b69944b21a8c1b708189999e20b913ca565ca737172db1b2cc6cc985936df9f8,decompose,,0,12,0
case_081,retrieval_timeout_persistent,1,queries,3d25bcabac8fa471feb79783f13686b771b143735b8cccf0820cb02c808929c6,queries,ok,0,11,1
case_081,retrieval_timeout_persistent,2,retrieve,0d25a696b10679a7fcbe3375468ec50ca6d6c7621ad2ad1bf91747cba19284c7,retrieve,ok,0,10,2
case_081,retrieval_timeout_persistent,3,retrieve,190755ba8e74e12d932f5483e843b535b9648a20488e17d38942ce58107fff3a,retrieve,timeout,1,9,2
case_081,retrieval_timeout_persistent,4,abort,064f4e4d0aeb4742b1e45b7043c59ce31ac289a1092af8a5340255f54c6057f2,retrieve,timeout,2,8,2
case_082,nominal,0,decompose,b69944b21a8c1b708189999e20b913ca565ca737172db1b2cc6cc985936df9f8,decompose,,0,12,0
case_082,nominal,1,queries,3d25bcabac8fa471feb79783f13686b771b143735b8cccf0820cb02c808929c6,queries,ok,0,11,1
case_082,nominal,2,retrieve,0d25a696b10679a7fcbe3375468ec50ca6d6c7621ad2ad1bf91747cba19284c7,retrieve,ok,0,10,2
case_082,nominal,3,qa,c25f59d58bc21c609fda41c49b64fa31894cf3df350eec659f4080246246150d,qa,ok,0,9,3
case_082,nominal,4,coverage,97615600d1e044abf2af5e8eb361552ba4feeb4002d524cf482071e12ff2c8a5,coverage,ok,0,8,4
case_082,nominal,5,select,fe4d873fd71c73a459a1782ff07d08fd07c90469ca20e540d7c8939592fa2a4e,select,ok,0,7,5
case_082,nominal,6,verdict,ceff00c0b432178590922bbdf48db00e1b1f50f911e451bfdf5ff3a695b79ad4,verdict,ok,0,6,6
case_082,nominal,7,finish,b1f247caabba230efc9324a9852b4a02c83e813ba65bfe77a9cca723b89c28ec,terminal,ok,0,5,7
case_082,retrieval_timeout_once,0,decompose,b69944b21a8c1b708189999e20b913ca565ca737172db1b2cc6cc985936df9f8,decompose,,0,12,0
case_082,retrieval_timeout_once,1,queries,3d25bcabac8fa471feb79783f13686b771b143735b8cccf0820cb02c808929c6,queries,ok,0,11,1
case_082,retrieval_timeout_once,2,retrieve,0d25a696b10679a7fcbe3375468ec50ca6d6c7621ad2ad1bf91747cba19284c7,retrieve,ok,0,10,2
case_082,retrieval_timeout_once,3,retrieve,190755ba8e74e12d932f5483e843b535b9648a20488e17d38942ce58107fff3a,retrieve,timeout,1,9,2
case_082,retrieval_timeout_once,4,qa,93957673b3ddc74aafc535ac57b786bd0de13e351a0051ee54501802daa5bc50,qa,ok,0,8,3
case_082,retrieval_timeout_once,5,coverage,d27b9a27c82b2934a458181c3d7c20be4c46e64ef4ec37ce941c597f289d66be,coverage,ok,0,7,4
case_082,retrieval_timeout_once,6,select,fae9aeb6645853b8c8da5eeac4d0d9932e4f8c69a6cb20ba21a1ee1bad44247d,select,ok,0,6,5
case_082,retrieval_timeout_once,7,verdict,a5ee3bb0724f8b39a700ef6ce957c7cb8d1812d303136d65b34954629b17cbca,verdict,ok,0,5,6
case_082,retrieval_timeout_once,8,finish,abc005e45a012b7f5aa0c17dc9dc169e19a680a3b1593e2e78047a2dbd329096,terminal,ok,0,4,7
case_082,retrieval_timeout_persistent,0,decompose,b69944b21a8c1b708189999e20b913ca565ca737172db1b2cc6cc985936df9f8,decompose,,0,12,0
case_082,retrieval_timeout_persistent,1,queries,3d25bcabac8fa471feb79783f13686b771b143735b8cccf0820cb02c808929c6,queries,ok,0,11,1
case_082,retrieval_timeout_persistent,2,retrieve,0d25a696b10679a7fcbe3375468ec50ca6d6c7621ad2ad1bf91747cba19284c7,retrieve,ok,0,10,2
case_082,retrieval_timeout_persistent,3,retrieve,190755ba8e74e12d932f5483e843b535b9648a20488e17d38942ce58107fff3a,retrieve,timeout,1,9,2
case_082,retrieval_timeout_persistent,4,abort,064f4e4d0aeb4742b1e45b7043c59ce31ac289a1092af8a5340255f54c6057f2,retrieve,timeout,2,8,2
case_083,nominal,0,decompose,b69944b21a8c1b708189999e20b913ca565ca737172db1b2cc6cc985936df9f8,decompose,,0,12,0
case_083,nominal,1,queries,3d25bcabac8fa471feb79783f13686b771b143735b8cccf0820cb02c808929c6,queries,ok,0,11,1
case_083,nominal,2,retrieve,d303e766583493d9dff273d091b4320ee571533ea20b220485a08d46bd64524b,retrieve,ok,0,10,2
case_083,nominal,3,qa,6d38d0dcd9e5809333426578e024201c454f3cd3893648fb859d8d4895375fa4,qa,ok,0,9,3
case_083,nominal,4,coverage,c04250e39721dca9a337fffe42d1429001ce1b5df884a502dec32fc6869bbdb4,coverage,ok,0,8,4
case_083,nominal,5,select,42b6e9f92a7af4bb2ba6ae40df4e82c17618b847d7a1376fb9d85d22152d8cde,select,ok,0,7,5
case_083,nominal,6,verdict,3c6e2f82ef3017051d3effc52b0364ff1fd6538c5708cb1866c85b6065fc3ac0,verdict,ok,0,6,6
case_083,nominal,7,finish,28ad71ac6f2d1f4936e0761e1390275d79e6a632965c3621bd53f04fb85cfb8a,terminal,ok,0,5,7
case_083,retrieval_timeout_once,0,decompose,b69944b21a8c1b708189999e20b913ca565ca737172db1b2cc6cc985936df9f8,decompose,,0,12,0
case_083,retrieval_timeout_once,1,queries,3d25bcabac8fa471feb79783f13686b771b143735b8cccf0820cb02c808929c6,queries,ok,0,11,1
case_083,retrieval_timeout_once,2,retrieve,d303e766583493d9dff273d091b4320ee571533ea20b220485a08d46bd64524b,retrieve,ok,0,10,2
case_083,retrieval_timeout_once,3,retrieve,11d75ad8a3dd78bd10712aaab60f9df6f4fc3aa74d65bd9181e1a4ec5aaaeda0,retrieve,timeout,1,9,2
case_083,retrieval_timeout_once,4,qa,e4dbb8776372917be8b06e3df0baf1121288e7c0f170e7c716e63885206733cc,qa,ok,0,8,3
case_083,retrieval_timeout_once,5,coverage,7ff3c665f6c7ab9061f4de1ac2d1d3672710a330c3489bb7c3fbf14bf508f44c,coverage,ok,0,7,4
case_083,retrieval_timeout_once,6,select,9155c606eb1327267658a4650ef246819666fddfcaf9e9d7b962f7bd9503ff67,select,ok,0,6,5
case_083,retrieval_timeout_once,7,verdict,cf1230bd05c863d0e9415e86a917d7e1c073d4354774ba26c01c1f74a323fde5,verdict,ok,0,5,6
case_083,retrieval_timeout_once,8,finish,8415395b68920fe1513d5f092886b8cf7ca70528d64e799c42e3df00be8e8718,terminal,ok,0,4,7
case_083,retrieval_timeout_persistent,0,decompose,b69944b21a8c1b708189999e20b913ca565ca737172db1b2cc6cc985936df9f8,decompose,,0,12,0
case_083,retrieval_timeout_persistent,1,queries,3d25bcabac8fa471feb79783f13686b771b143735b8cccf0820cb02c808929c6,queries,ok,0,11,1
case_083,retrieval_timeout_persistent,2,retrieve,d303e766583493d9dff273d091b4320ee571533ea20b220485a08d46bd64524b,retrieve,ok,0,10,2
case_083,retrieval_timeout_persistent,3,retrieve,11d75ad8a3dd78bd10712aaab60f9df6f4fc3aa74d65bd9181e1a4ec5aaaeda0,retrieve,timeout,1,9,2
case_083,retrieval_timeout_persistent,4,abort,bb97fd2737bd39f117130eeb20203c568bd1f229291d7a190762fe156a043c83,retrieve,timeout,2,8,2
case_084,nominal,0,decompose,b69944b21a8c1b708189999e20b913ca565ca737172db1b2cc6cc985936df9f8,decompose,,0,12,0
case_084,nominal,1,queries,3d25bcabac8fa471feb79783f13686b771b143735b8cccf0820cb02c808929c6,queries,ok,0,11,1
case_084,nominal,2,retrieve,0d25a696b10679a7fcbe3375468ec50ca6d6c7621ad2ad1bf91747cba19284c7,retrieve,ok,0,10,2
case_084,nominal,3,qa,50140e9a0d1f858eb9af08bd0a33862e54e26bf5ceaf188d58abde25ed1a09cf,qa,ok,0,9,3
case_084,nominal,4,coverage,ad36841da4887bc0f52244cd66beba5fdaa0a51d852b204a911f91c1b3f084c1,coverage,empty,0,8,4
case_084,nominal,5,select,61aad297bed9e6f8072e68688f05aa4d4862d475bf669f2e28399507edd022c7,select,ok,0,7,5
case_084,nominal,6,verdict,1f23487c19eb78b14f11b73b9551d89b47a9b37be1200b2c67cb07eeda8f04ad,verdict,empty,0,6,6
case_084,nominal,7,verdict,0728284dfe0c4b679c7bc6cad4ce9258419bb86109c2c68221987a7a8a27cb57,verdict,invalid,1,5,6
case_084,nominal,8,abort,73fa61b2b9643827a22e735d2ff4bec57670f484ad9462939cef72efb9d20738,verdict,invalid,2,4,6
case_084,retrieval_timeout_once,0,decompose,b69944b21a8c1b708189999e20b913ca565ca737172db1b2cc6cc985936df9f8,decompose,,0,12,0
case_084,retrieval_timeout_once,1,queries,3d25bcabac8fa471feb79783f13686b771b143735b8cccf0820cb02c808929c6,queries,ok,0,11,1
case_084,retrieval_timeout_once,2,retrieve,0d25a696b10679a7fcbe3375468ec50ca6d6c7621ad2ad1bf91747cba19284c7,retrieve,ok,0,10,2
case_084,retrieval_timeout_once,3,retrieve,190755ba8e74e12d932f5483e843b535b9648a20488e17d38942ce58107fff3a,retrieve,timeout,1,9,2
case_084,retrieval_timeout_once,4,qa,afb7f0c79f606be8de1e1fa7a55bdb4ac746f64152afc04a24eda358a5b2dd81,qa,ok,0,8,3
case_084,retrieval_timeout_once,5,coverage,5ba8b8991da2a94963e7b550ea5ed723343777603fc3c6ee68b158922dddb0cc,coverage,empty,0,7,4
case_084,retrieval_timeout_once,6,select,509f56d33e4f864955927c33ac3683cd58f60a787fa9eb0a79c338452c6a07da,select,ok,0,6,5
case_084,retrieval_timeout_once,7,verdict,60cf347ed3289a704c5ad041ac48abeea1e3a75bf0607d32232d89d7484b341d,verdict,empty,0,5,6
case_084,retrieval_timeout_once,8,verdict,83ca0600039bc8bacc4da24f9fce998e9a88ac2618848e159800149d7861adf2,verdict,invalid,1,4,6
case_084,retrieval_timeout_once,9,abort,487be27d2e766ab2bcb8adb064da9b467ce3017c7caa27264a3c5c26ccb4fa6c,verdict,invalid,2,3,6
case_084,retrieval_timeout_persistent,0,decompose,b69944b21a8c1b708189999e20b913ca565ca737172db1b2cc6cc985936df9f8,decompose,,0,12,0
case_084,retrieval_timeout_persistent,1,queries,3d25bcabac8fa471feb79783f13686b771b143735b8cccf0820cb02c808929c6,queries,ok,0,11,1
case_084,retrieval_timeout_persistent,2,retrieve,0d25a696b10679a7fcbe3375468ec50ca6d6c7621ad2ad1bf91747cba19284c7,retrieve,ok,0,10,2
case_084,retrieval_timeout_persistent,3,retrieve,190755ba8e74e12d932f5483e843b535b9648a20488e17d38942ce58107fff3a,retrieve,timeout,1,9,2
case_084,retrieval_timeout_persistent,4,abort,064f4e4d0aeb4742b1e45b7043c59ce31ac289a1092af8a5340255f54c6057f2,retrieve,timeout,2,8,2
case_085,nominal,0,decompose,b69944b21a8c1b708189999e20b913ca565ca737172db1b2cc6cc985936df9f8,decompose,,0,12,0
case_085,nominal,1,queries,c93a3397038975a373a3eeea8aace3283cd4e93eb2122f6ec7233b609c5c1f1c,queries,ok,0,11,1
case_085,nominal,2,retrieve,c50ea4ca5aaf0afe512bb46c37531ec46fcb35eb23d1fa2a3b51f9f5caac8194,retrieve,ok,0,10,2
case_085,nominal,3,qa,401581f78127c0e7cbe5ed9374d7f689a2830ab98cc1d2c40a5a9c8fb8935429,qa,ok,0,9,3
case_085,nominal,4,coverage,b281df76f8ef0b5315ce1411f6c2549e9b056a5c461277d8ab89cbff078cf9ee,coverage,empty,0,8,4
case_085,nominal,5,select,179392746d66e474a8e3123033bf7f057bb7f8c0da84a5780772a3e21d435da2,select,ok,0,7,5
case_085,nominal,6,verdict,42a6ac08a3d523d621aec2bd2ae130a74cff35b1cf4f11c88a0cf913b1551cfb,verdict,empty,0,6,6
case_085,nominal,7,finish,9f97d4438739688fbf8b3ad019de5c48c68c8b64689b499eda935e544a4cc154,terminal,ok,0,5,7
case_085,retrieval_timeout_once,0,decompose,b69944b21a8c1b708189999e20b913ca565ca737172db1b2cc6cc985936df9f8,decompose,,0,12,0
case_085,retrieval_timeout_once,1,queries,c93a3397038975a373a3eeea8aace3283cd4e93eb2122f6ec7233b609c5c1f1c,queries,ok,0,11,1
case_085,retrieval_timeout_once,2,retrieve,c50ea4ca5aaf0afe512bb46c37531ec46fcb35eb23d1fa2a3b51f9f5caac8194,retrieve,ok,0,10,2
case_085,retrieval_timeout_once,3,retrieve,b0078ff303fbea03eb90a9453201bb2ef6bf735deb0ff5d8f63f5f5b6f47d59b,retrieve,timeout,1,9,2
case_085,retrieval_timeout_once,4,qa,1962ae5bd61fcf3b556923397a142c9218891d5d23dd4519bc5e82fcb135a6e4,qa,ok,0,8,3
case_085,retrieval_timeout_once,5,coverage,0b736f7ecf0bd0587189b0dbd6db949640922ade1fbe52949107f28a25232384,coverage,empty,0,7,4
case_085,retrieval_timeout_once,6,select,1b2279066434849f3daf1f52ab7e2b136239ac0a076929473b62ece790fb61fb,select,ok,0,6,5
case_085,retrieval_timeout_once,7,verdict,ea196b47dc0dc3b74850dbc2bb10b621dcb732974da29b0f1829e39abfd71564,verdict,empty,0,5,6
case_085,retrieval_timeout_once,8,finish,00f272b3cdc82be6367cf9b1a69ed196be2e8ed2c699887b899a5b0fb3119acd,terminal,ok,0,4,7
case_085,retrieval_timeout_persistent,0,decompose,b69944b21a8c1b708189999e20b913ca565ca737172db1b2cc6cc985936df9f8,decompose,,0,12,0
case_085,retrieval_timeout_persistent,1,queries,c93a3397038975a373a3eeea8aace3283cd4e93eb2122f6ec7233b609c5c1f1c,queries,ok,0,11,1
case_085,retrieval_timeout_persistent,2,retrieve,c50ea4ca5aaf0afe512bb46c37531ec46fcb35eb23d1fa2a3b51f9f5caac8194,retrieve,ok,0,10,2
case_085,retrieval_timeout_persistent,3,retrieve,b0078ff303fbea03eb90a9453201bb2ef6bf735deb0ff5d8f63f5f5b6f47d59b,retrieve,timeout,1,9,2
case_085,retrieval_timeout_persistent,4,abort,3fb0952156d962986946bd376d6f67b5967916e0400ab3cf4037df5425960fd6,retrieve,timeout,2,8,2
case_086,nominal,0,decompose,b69944b21a8c1b708189999e20b913ca565ca737172db1b2cc6cc985936df9f8,decompose,,0,12,0
case_086,nominal,1,queries,3d25bcabac8fa471feb79783f13686b771b143735b8cccf0820cb02c808929c6,queries,ok,0,11,1
case_086,nominal,2,retrieve,d303e766583493d9dff273d091b4320ee571533ea20b220485a08d46bd64524b,retrieve,ok,0,10,2
case_086,nominal,3,qa,c064ee0d4ad97bb648b85e1f06fbec7e9d3ccf169bbf909b05fbf82301295755,qa,ok,0,9,3
case_086,nominal,4,coverage,f8bfaade73bf97a082b6b608a8da0f64dab2cb26fdd8c2c4ea006712d95d8ca5,coverage,ok,0,8,4
case_086,nominal,5,select,b0a42bfda78102479a639d9d6cb789a2ccb51507bf88bf454e9671bf4c0e5041,select,ok,0,7,5
case_086,nominal,6,verdict,dcd3790c92478a035722949b68207607ddc6aff3d7f8ebc2eca66b1819facfb5,verdict,ok,0,6,6
case_086,nominal,7,verdict,8af4add4a197905b4cdd11b74edc8da654d546dc04da05da3879cb30827c3186,verdict,invalid,1,5,6
case_086,nominal,8,abort,c7f59da3c967daf875a7f2780729e08a533c6245216b5f98a82bd115e347eecb,verdict,invalid,2,4,6
case_086,retrieval_timeout_once,0,decompose,b69944b21a8c1b708189999e20b913ca565ca737172db1b2cc6cc985936df9f8,decompose,,0,12,0
case_086,retrieval_timeout_once,1,queries,3d25bcabac8fa471feb79783f13686b771b143735b8cccf0820cb02c808929c6,queries,ok,0,11,1
case_086,retrieval_timeout_once,2,retrieve,d303e766583493d9dff273d091b4320ee571533ea20b220485a08d46bd64524b,retrieve,ok,0,10,2
case_086,retrieval_timeout_once,3,retrieve,11d75ad8a3dd78bd10712aaab60f9df6f4fc3aa74d65bd9181e1a4ec5aaaeda0,retrieve,timeout,1,9,2
case_086,retrieval_timeout_once,4,qa,78895ae85b65922a0735700f753ca16e5d1cc4839ed0d8ffd4ddce37f119f85b,qa,ok,0,8,3
case_086,retrieval_timeout_once,5,coverage,fd6f65734f4ba61fd736cf6ac26b38a3ba219550ec4371c014baadbc76244213,coverage,ok,0,7,4
case_086,retrieval_timeout_once,6,select,2a9ded02f3b54595c3c9247ad80fb82cb688c3ec58605fb38dce25bee576402d,select,ok,0,6,5
case_086,retrieval_timeout_once,7,verdict,ecd648fbf212115a1ca0c3e0cc3b708830772b532bd40b7b3425a9a55fce27c6,verdict,ok,0,5,6
case_086,retrieval_timeout_once,8,verdict,0161d5de655c2a993c20c390ec6191fad6eff286dae3e48e386bcd6aa42bc659,verdict,invalid,1,4,6
case_086,retrieval_timeout_once,9,abort,e38aebbdfc7cd61ca86f99dd13315f4fea9441c51fab975d7a3cb63dc0e1b593,verdict,invalid,2,3,6
case_086,retrieval_timeout_persistent,0,decompose,b69944b21a8c1b708189999e20b913ca565ca737172db1b2cc6cc985936df9f8,decompose,,0,12,0
case_086,retrieval_timeout_persistent,1,queries,3d25bcabac8fa471feb79783f13686b771b143735b8cccf0820cb02c808929c6,queries,ok,0,11,1
case_086,retrieval_timeout_persistent,2,retrieve,d303e766583493d9dff273d091b4320ee571533ea20b220485a08d46bd64524b,retrieve,ok,0,10,2
case_086,retrieval_timeout_persistent,3,retrieve,11d75ad8a3dd78bd10712aaab60f9df6f4fc3aa74d65bd9181e1a4ec5aaaeda0,retrieve,timeout,1,9,2
case_086,retrieval_timeout_persistent,4,abort,bb97fd2737bd39f117130eeb20203c568bd1f229291d7a190762fe156a043c83,retrieve,timeout,2,8,2
case_087,nominal,0,decompose,b69944b21a8c1b708189999e20b913ca565ca737172db1b2cc6cc985936df9f8,decompose,,0,12,0
case_087,nominal,1,queries,3d25bcabac8fa471feb79783f13686b771b143735b8cccf0820cb02c808929c6,queries,ok,0,11,1
case_087,nominal,2,retrieve,d303e766583493d9dff273d091b4320ee571533ea20b220485a08d46bd64524b,retrieve,ok,0,10,2
case_087,nominal,3,qa,f4e361f21183128a2dd8aaf0f699bab4c793da9019a81522670539effe3ba8c1,qa,ok,0,9,3
case_087,nominal,4,coverage,32f3504a4e75182d8d3caa8e007e1eb2108ce718487df5784ea386e03ce3a1d0,coverage,ok,0,8,4
case_087,nominal,5,select,f3b634559436c5ae85b8cae6b453c67e794ad8313a1c160883efd290a9296919,select,ok,0,7,5
case_087,nominal,6,verdict,168174014536d04077ffdce9ef4b057e778d5a6b9e0a691b3f2cc822e3ab055b,verdict,ok,0,6,6
case_087,nominal,7,finish,f441da7b3b4d426ad7cf803f5cab45e188b44a1186a5cb048b6a524e1dcc5df4,terminal,ok,0,5,7
case_087,retrieval_timeout_once,0,decompose,b69944b21a8c1b708189999e20b913ca565ca737172db1b2cc6cc985936df9f8,decompose,,0,12,0
case_087,retrieval_timeout_once,1,queries,3d25bcabac8fa471feb79783f13686b771b143735b8cccf0820cb02c808929c6,queries,ok,0,11,1
case_087,retrieval_timeout_once,2,retrieve,d303e766583493d9dff273d091b4320ee571533ea20b220485a08d46bd64524b,retrieve,ok,0,10,2
case_087,retrieval_timeout_once,3,retrieve,11d75ad8a3dd78bd10712aaab60f9df6f4fc3aa74d65bd9181e1a4ec5aaaeda0,retrieve,timeout,1,9,2
case_087,retrieval_timeout_once,4,qa,a29ca18bd348f9e0ea0688ebd90c38fefc9b7167a1106db37a625eb24b9af10d,qa,ok,0,8,3
case_087,retrieval_timeout_once,5,coverage,e9d6859b6ea0fc16a801c41fe677bea93d31410596897de3e5293831709a51de,coverage,ok,0,7,4
case_087,retrieval_timeout_once,6,select,43bff57067559e462c208428be9cb85af3e290a7175967a005edfb4f0f05edee,select,ok,0,6,5
case_087,retrieval_timeout_once,7,verdict,3cfa0e46686f34d560fca36f5367bb4c3cb631847c0fe0a4c1eba47587eacb58,verdict,ok,0,5,6
case_087,retrieval_timeout_once,8,finish,6859d65da9930b4a6d55ecb3a32e985a560de0ecb0da70753ea1c461fc6322b4,terminal,ok,0,4,7
case_087,retrieval_timeout_persistent,0,decompose,b69944b21a8c1b708189999e20b913ca565ca737172db1b2cc6cc985936df9f8,decompose,,0,12,0
case_087,retrieval_timeout_persistent,1,queries,3d25bcabac8fa471feb79783f13686b771b143735b8cccf0820cb02c808929c6,queries,ok,0,11,1
case_087,retrieval_timeout_persistent,2,retrieve,d303e766583493d9dff273d091b4320ee571533ea20b220485a08d46bd64524b,retrieve,ok,0,10,2
case_087,retrieval_timeout_persistent,3,retrieve,11d75ad8a3dd78bd10712aaab60f9df6f4fc3aa74d65bd9181e1a4ec5aaaeda0,retrieve,timeout,1,9,2
case_087,retrieval_timeout_persistent,4,abort,bb97fd2737bd39f117130eeb20203c568bd1f229291d7a190762fe156a043c83,retrieve,timeout,2,8,2
case_088,nominal,0,decompose,b69944b21a8c1b708189999e20b913ca565ca737172db1b2cc6cc985936df9f8,decompose,,0,12,0
case_088,nominal,1,queries,3d25bcabac8fa471feb79783f13686b771b143735b8cccf0820cb02c808929c6,queries,ok,0,11,1
case_088,nominal,2,retrieve,0d25a696b10679a7fcbe3375468ec50ca6d6c7621ad2ad1bf91747cba19284c7,retrieve,ok,0,10,2
case_088,nominal,3,qa,b1c2c52bcd5ac9312b15abc3634dc4aa0b6c0c3a754e3450d3033e0bfff92bd0,qa,ok,0,9,3
case_088,nominal,4,coverage,73a1781ae71ee650985fd3c38bacc2afa7885af6b498a134740c0eb1d3f30858,coverage,empty,0,8,4
case_088,nominal,5,select,e8318f3d14df6d0e4ad0e19f822cdbf0853d2015e7f8748cbbb98c9d7df5cb68,select,ok,0,7,5
case_088,nominal,6,verdict,24d06b04f8258d6a7386779a6ce8e350616daf864c31abf6981908230fba7c3f,verdict,empty,0,6,6
case_088,nominal,7,verdict,ef12a891adea5d4d53ed000f6c061845d80af77e173633427b0f517a8ce1b5b2,verdict,invalid,1,5,6
case_088,nominal,8,abort,afa2de0e889f980f64245534b3486fa1172745ff92bd6c82f49f1871efcf6e9e,verdict,invalid,2,4,6
case_088,retrieval_timeout_once,0,decompose,b69944b21a8c1b708189999e20b913ca565ca737172db1b2cc6cc985936df9f8,decompose,,0,12,0
case_088,retrieval_timeout_once,1,queries,3d25bcabac8fa471feb79783f13686b771b143735b8cccf0820cb02c808929c6,queries,ok,0,11,1
case_088,retrieval_timeout_once,2,retrieve,0d25a696b10679a7fcbe3375468ec50ca6d6c7621ad2ad1bf91747cba19284c7,retrieve,ok,0,10,2
case_088,retrieval_timeout_once,3,retrieve,190755ba8e74e12d932f5483e843b535b9648a20488e17d38942ce58107fff3a,retrieve,timeout,1,9,2
case_088,retrieval_timeout_once,4,qa,f27e372a7cae3f37372655f2371109f897064887b597b46f632324d5b8242a07,qa,ok,0,8,3
case_088,retrieval_timeout_once,5,coverage,1aeb6af1caad9bae7f8335ba18b24444863d90383201a1f074ca413040ad7baa,coverage,empty,0,7,4
case_088,retrieval_timeout_once,6,select,d2305a83f8d000a91c87b47345cc70581d7dda86911fe34e044b53f8ab638a4b,select,ok,0,6,5
case_088,retrieval_timeout_once,7,verdict,8c0eac2b34d0e90e0634a3c668adacaea08d9a11330d754fe57e4122f42e10b4,verdict,empty,0,5,6
case_088,retrieval_timeout_once,8,verdict,a6e2c42aba92ac6064616fa49f7c8db7609f1c114ce488c7f3952b8d9328f507,verdict,invalid,1,4,6
case_088,retrieval_timeout_once,9,abort,87123f12cf7077dedf00f7f6e10c18e6cd354b856152c107aab1b80168584f41,verdict,invalid,2,3,6
case_088,retrieval_timeout_persistent,0,decompose,b69944b21a8c1b708189999e20b913ca565ca737172db1b2cc6cc985936df9f8,decompose,,0,12,0
case_088,retrieval_timeout_persistent,1,queries,3d25bcabac8fa471feb79783f13686b771b143735b8cccf0820cb02c808929c6,queries,ok,0,11,1
case_088,retrieval_timeout_persistent,2,retrieve,0d25a696b10679a7fcbe3375468ec50ca6d6c7621ad2ad1bf91747cba19284c7,retrieve,ok,0,10,2
case_088,retrieval_timeout_persistent,3,retrieve,190755ba8e74e12d932f5483e843b535b9648a20488e17d38942ce58107fff3a,retrieve,timeout,1,9,2
case_088,retrieval_timeout_persistent,4,abort,064f4e4d0aeb4742b1e45b7043c59ce31ac289a1092af8a5340255f54c6057f2,retrieve,timeout,2,8,2
case_089,nominal,0,decompose,b69944b21a8c1b708189999e20b913ca565ca737172db1b2cc6cc985936df9f8,decompose,,0,12,0
case_089,nominal,1,queries,3d25bcabac8fa471feb79783f13686b771b143735b8cccf0820cb02c808929c6,queries,ok,0,11,1
case_089,nominal,2,retrieve,afe2fd4ee6de5373d715e48eb11b01ede63ba2a30d73f32059c55114f074703d,retrieve,ok,0,10,2
case_089,nominal,3,qa,ab9e7c574c02bcd88beecfc4b18eea69c4fdb7f52c99763332b15ec93e021766,qa,ok,0,9,3
case_089,nominal,4,coverage,e429d44e4be749fec4011d218103b940c5b9119a1a2a28d2fe4a4bf013f9fbd6,coverage,empty,0,8,4
case_089,nominal,5,select,2d5e0be618bf525aa91b333144ce2815cf84d5ddababb8dcc27e278ea48ffbbd,select,ok,0,7,5
case_089,nominal,6,verdict,8b6a04f470488a404689d196d964584326517255bde670ac9394401601a2202f,verdict,empty,0,6,6
case_089,nominal,7,verdict,9a7e43ceb34c22d792e34ad273072efae4c756635aa76c3dfbda1ceead072f6f,verdict,invalid,1,5,6
case_089,nominal,8,abort,4604c90677dab05f4ad0820921662ca54da59364b79a383bae4e68c4e5b63a71,verdict,invalid,2,4,6
case_089,retrieval_timeout_once,0,decompose,b69944b21a8c1b708189999e20b913ca565ca737172db1b2cc6cc985936df9f8,decompose,,0,12,0
case_089,retrieval_timeout_once,1,queries,3d25bcabac8fa471feb79783f13686b771b143735b8cccf0820cb02c808929c6,queries,ok,0,11,1
case_089,retrieval_timeout_once,2,retrieve,afe2fd4ee6de5373d715e48eb11b01ede63ba2a30d73f32059c55114f074703d,retrieve,ok,0,10,2
case_089,retrieval_timeout_once,3,retrieve,05f59d5f452124196ab625e644ebc07bf2952d7f33a488a0c8acdb86f49a631c,retrieve,timeout,1,9,2
case_089,retrieval_timeout_once,4,qa,1b734793f24e5de0a047daf7651e25f4799ffa7fba7ac46bba1ccdb3ca2eaaf0,qa,ok,0,8,3
case_089,retrieval_timeout_once,5,coverage,eba9d7ddeed8d8205cbf7891d0ed92f688ef583884f2ad7f91ad2653f4dba133,coverage,empty,0,7,4
case_089,retrieval_timeout_once,6,select,2817cde24b1957cabac32df5977e6eb760e71ee4e5493728753769c96b2ea825,select,ok,0,6,5
case_089,retrieval_timeout_once,7,verdict,fa0323309419e619a578c07c447d91bffd2c83485ec99f3f5054ef345691efbe,verdict,empty,0,5,6
case_089,retrieval_timeout_once,8,verdict,f835998e30734a714812fb83fc86ce68a9e4d2d1c1edf1648c72379110a398e3,verdict,invalid,1,4,6
case_089,retrieval_timeout_once,9,abort,7d9bc1d36374a6fcc35a274826396ba2e992b4d1151d57b6c316601b8f24fabd,verdict,invalid,2,3,6
case_089,retrieval_timeout_persistent,0,decompose,b69944b21a8c1b708189999e20b913ca565ca737172db1b2cc6cc985936df9f8,decompose,,0,12,0
case_089,retrieval_timeout_persistent,1,queries,3d25bcabac8fa471feb79783f13686b771b143735b8cccf0820cb02c808929c6,queries,ok,0,11,1
case_089,retrieval_timeout_persistent,2,retrieve,afe2fd4ee6de5373d715e48eb11b01ede63ba2a30d73f32059c55114f074703d,retrieve,ok,0,10,2
case_089,retrieval_timeout_persistent,3,retrieve,05f59d5f452124196ab625e644ebc07bf2952d7f33a488a0c8acdb86f49a631c,retrieve,timeout,1,9,2
case_089,retrieval_timeout_persistent,4,abort,7accd533623f133d41be9d6737a68effee557531be60fa88c52c0144b8071b71,retrieve,timeout,2,8,2
case_090,nominal,0,decompose,b69944b21a8c1b708189999e20b913ca565ca737172db1b2cc6cc985936df9f8,decompose,,0,12,0
case_090,nominal,1,queries,3d25bcabac8fa471feb79783f13686b771b143735b8cccf0820cb02c808929c6,queries,ok,0,11,1
case_090,nominal,2,retrieve,beea96f74592c12fe1fd6e104d0a05391108368a31b1d064a2bf808ebdbe961f,retrieve,ok,0,10,2
case_090,nominal,3,qa,2a6fb0cbdbaf201df269d740359044a5204947c7ca473c9c794e8f06aee9d8c3,qa,ok,0,9,3
case_090,nominal,4,coverage,33b08289d44f1b856bceb6d20d4cb93dcc9b3c31a64652fa329ef29281f0875f,coverage,ok,0,8,4
case_090,nominal,5,select,3f9e977052c75fc67d628030779541c89f71879a41a93b3f70673bf191086091,select,ok,0,7,5
case_090,nominal,6,verdict,6543fabfaf33efd08d2c77cbb5c45025456b89e506b32463165d517e578df15d,verdict,ok,0,6,6
case_090,nominal,7,finish,4b1dd67a06b590d15cce77cd0c158faaaef8dc864409db53bd6c7e4ccb6b7bca,terminal,ok,0,5,7
case_090,retrieval_timeout_once,0,decompose,b69944b21a8c1b708189999e20b913ca565ca737172db1b2cc6cc985936df9f8,decompose,,0,12,0
case_090,retrieval_timeout_once,1,queries,3d25bcabac8fa471feb79783f13686b771b143735b8cccf0820cb02c808929c6,queries,ok,0,11,1
case_090,retrieval_timeout_once,2,retrieve,beea96f74592c12fe1fd6e104d0a05391108368a31b1d064a2bf808ebdbe961f,retrieve,ok,0,10,2
case_090,retrieval_timeout_once,3,retrieve,f846564ca64d0e9b7caccfaf6d48c6d8f311e4e38eba2c047c85605ce3ffffa9,retrieve,timeout,1,9,2
case_090,retrieval_timeout_once,4,qa,a1ece967e3ce5e2e4b44a83d748b8b554abad8f5693bc2e9c9958d4bbc80e464,qa,ok,0,8,3
case_090,retrieval_timeout_once,5,coverage,d1c6b4a8cbc567d6958a72405bf33bf6664de1a3b5c3a4938594c2ec7c6b409b,coverage,ok,0,7,4
case_090,retrieval_timeout_once,6,select,9f8c1fe2d94976be4a35e293440a5535494610e4831a613d564253021960786c,select,ok,0,6,5
case_090,retrieval_timeout_once,7,verdict,e5cab2cc48fcd743e33e19b1fffc1c1d3775d46dc186b1b48a704e7e3d77425d,verdict,ok,0,5,6
case_090,retrieval_timeout_once,8,finish,779bce04ac0b255f20636c94718a6625035e1acf325ae5a0fe103210d13ba66f,terminal,ok,0,4,7
case_090,retrieval_timeout_persistent,0,decompose,b69944b21a8c1b708189999e20b913ca565ca737172db1b2cc6cc985936df9f8,decompose,,0,12,0
case_090,retrieval_timeout_persistent,1,queries,3d25bcabac8fa471feb79783f13686b771b143735b8cccf0820cb02c808929c6,queries,ok,0,11,1
case_090,retrieval_timeout_persistent,2,retrieve,beea96f74592c12fe1fd6e104d0a05391108368a31b1d064a2bf808ebdbe961f,retrieve,ok,0,10,2
case_090,retrieval_timeout_persistent,3,retrieve,f846564ca64d0e9b7caccfaf6d48c6d8f311e4e38eba2c047c85605ce3ffffa9,retrieve,timeout,1,9,2
case_090,retrieval_timeout_persistent,4,abort,036dfb94c78d5722bd3b83089bcad7224900ce636decea28ee0df649ff923e7c,retrieve,timeout,2,8,2
case_091,nominal,0,decompose,b69944b21a8c1b708189999e20b913ca565ca737172db1b2cc6cc985936df9f8,decompose,,0,12,0
case_091,nominal,1,queries,3d25bcabac8fa471feb79783f13686b771b143735b8cccf0820cb02c808929c6,queries,ok,0,11,1
case_091,nominal,2,retrieve,d303e766583493d9dff273d091b4320ee571533ea20b220485a08d46bd64524b,retrieve,ok,0,10,2
case_091,nominal,3,qa,921b7d69cee74b0c6744b563830fc3441f6a9fbad5c6bbf5db5d5bf0af42fc0d,qa,ok,0,9,3
case_091,nominal,4,coverage,c95543ffe8953f5b680567e2f9268c4157aa45a369a9d960803ca9062d6b65ce,coverage,ok,0,8,4
case_091,nominal,5,select,36df06d313d5a7982b3ba59a9eef915fb47561df94d4024d9de12251bca7c981,select,ok,0,7,5
case_091,nominal,6,verdict,5c20e8820a5d685d3faf0b501031db57b0bc8cc5ca2101761c3f3599ac61ec78,verdict,ok,0,6,6
case_091,nominal,7,verdict,31ae4c0f07e80b2544bad9ef17d49ca4477f935b3873d26b66b3c0288f85ea99,verdict,invalid,1,5,6
case_091,nominal,8,abort,3f09ed095943a5fe9836a90ab7c9f9817c71dfc59595fb883f1bf47a3d6dd0de,verdict,invalid,2,4,6
case_091,retrieval_timeout_once,0,decompose,b69944b21a8c1b708189999e20b913ca565ca737172db1b2cc6cc985936df9f8,decompose,,0,12,0
case_091,retrieval_timeout_once,1,queries,3d25bcabac8fa471feb79783f13686b771b143735b8cccf0820cb02c808929c6,queries,ok,0,11,1
case_091,retrieval_timeout_once,2,retrieve,d303e766583493d9dff273d091b4320ee571533ea20b220485a08d46bd64524b,retrieve,ok,0,10,2
case_091,retrieval_timeout_once,3,retrieve,11d75ad8a3dd78bd10712aaab60f9df6f4fc3aa74d65bd9181e1a4ec5aaaeda0,retrieve,timeout,1,9,2
case_091,retrieval_timeout_once,4,qa,7ef89e0d75709dfb44552de8527d6e02451da6f81550ca4dc4e25541a8ce04bb,qa,ok,0,8,3
case_091,retrieval_timeout_once,5,coverage,54098351e8a59830990acef43bc0b23b40632b7e8ba54071293eb2ebe35e5292,coverage,ok,0,7,4
case_091,retrieval_timeout_once,6,select,cbc818747a4ffbb9a9e64408ca80567691e98bbbd7c02ef409384210d7b82632,select,ok,0,6,5
case_091,retrieval_timeout_once,7,verdict,d82cad93cd92cd81a846f4e501a91b78cab76589f7dc9d6dc98073aaf2c555c6,verdict,ok,0,5,6
case_091,retrieval_timeout_once,8,verdict,b4db3daab0c9d250067f097c78f57baf3789512c46196fbf7a86aabe110846fd,verdict,invalid,1,4,6
case_091,retrieval_timeout_once,9,abort,e01b8c52625b384e69b41ea46688d0af67b55fa23a7699fa6044777f05b9c383,verdict,invalid,2,3,6
case_091,retrieval_timeout_persistent,0,decompose,b69944b21a8c1b708189999e20b913ca565ca737172db1b2cc6cc985936df9f8,decompose,,0,12,0
case_091,retrieval_timeout_persistent,1,queries,3d25bcabac8fa471feb79783f13686b771b143735b8cccf0820cb02c808929c6,queries,ok,0,11,1
case_091,retrieval_timeout_persistent,2,retrieve,d303e766583493d9dff273d091b4320ee571533ea20b220485a08d46bd64524b,retrieve,ok,0,10,2
case_091,retrieval_timeout_persistent,3,retrieve,11d75ad8a3dd78bd10712aaab60f9df6f4fc3aa74d65bd9181e1a4ec5aaaeda0,retrieve,timeout,1,9,2
case_091,retrieval_timeout_persistent,4,abort,bb97fd2737bd39f117130eeb20203c568bd1f229291d7a190762fe156a043c83,retrieve,timeout,2,8,2
case_092,nominal,0,decompose,b69944b21a8c1b708189999e20b913ca565ca737172db1b2cc6cc985936df9f8,decompose,,0,12,0
case_092,nominal,1,queries,3d25bcabac8fa471feb79783f13686b771b143735b8cccf0820cb02c808929c6,queries,ok,0,11,1
case_092,nominal,2,retrieve,beea96f74592c12fe1fd6e104d0a05391108368a31b1d064a2bf808ebdbe961f,retrieve,ok,0,10,2
case_092,nominal,3,qa,230e2fea89129d06f185b3467782db77ce2047b359440534a94ed9464f255071,qa,ok,0,9,3
case_092,nominal,4,coverage,74b3e473e4ef50a00d4d0734b4eddccf70e8e7590aa2241651f1743784c0b8de,coverage,ok,0,8,4
case_092,nominal,5,select,d3247aae2d35006171a6aeb2bade27c0051ddb1a3953988afd5bebada9b61393,select,ok,0,7,5
case_092,nominal,6,verdict,2ac3c367505f1a0a31373f7f68ba8e7d8c8bcdb6126ebd995dce3fa468ba64ac,verdict,ok,0,6,6
case_092,nominal,7,finish,e1c3c2d27104551ad4dc1b7a9b2a7990a663a8b32dd7b0d704d4d5dad2ed327b,terminal,ok,0,5,7
case_092,retrieval_timeout_once,0,decompose,b69944b21a8c1b708189999e20b913ca565ca737172db1b2cc6cc985936df9f8,decompose,,0,12,0
case_092,retrieval_timeout_once,1,queries,3d25bcabac8fa471feb79783f13686b771b143735b8cccf0820cb02c808929c6,queries,ok,0,11,1
case_092,retrieval_timeout_once,2,retrieve,beea96f74592c12fe1fd6e104d0a05391108368a31b1d064a2bf808ebdbe961f,retrieve,ok,0,10,2
case_092,retrieval_timeout_once,3,retrieve,f846564ca64d0e9b7caccfaf6d48c6d8f311e4e38eba2c047c85605ce3ffffa9,retrieve,timeout,1,9,2
case_092,retrieval_timeout_once,4,qa,bb693c46c1d2017f38a497279f15953f4fc45428c159a1d4a62508416d5a64fa,qa,ok,0,8,3
case_092,retrieval_timeout_once,5,coverage,e4d61184234b2017e4d51efabf90a926da0d1813a2ec74c80ef830e8a20bf534,coverage,ok,0,7,4
case_092,retrieval_timeout_once,6,select,943271b397261e9cc560486cc45617acb57b25add128ba9b382b18d9af06694d,select,ok,0,6,5
case_092,retrieval_timeout_once,7,verdict,1901b7216b6634e3a35a955480ebbee08b1296aae3f26e6a7ec9cf773447d823,verdict,ok,0,5,6
case_092,retrieval_timeout_once,8,finish,c1ae1da294c71d42e61fc89734a6ec8b0993a551a2683f21b129a427e315fe3c,terminal,ok,0,4,7
case_092,retrieval_timeout_persistent,0,decompose,b69944b21a8c1b708189999e20b913ca565ca737172db1b2cc6cc985936df9f8,decompose,,0,12,0
case_092,retrieval_timeout_persistent,1,queries,3d25bcabac8fa471feb79783f13686b771b143735b8cccf0820cb02c808929c6,queries,ok,0,11,1
case_092,retrieval_timeout_persistent,2,retrieve,beea96f74592c12fe1fd6e104d0a05391108368a31b1d064a2bf808ebdbe961f,retrieve,ok,0,10,2
case_092,retrieval_timeout_persistent,3,retrieve,f846564ca64d0e9b7caccfaf6d48c6d8f311e4e38eba2c047c85605ce3ffffa9,retrieve,timeout,1,9,2
case_092,retrieval_timeout_persistent,4,abort,036dfb94c78d5722bd3b83089bcad7224900ce636decea28ee0df649ff923e7c,retrieve,timeout,2,8,2
case_093,nominal,0,decompose,b69944b21a8c1b708189999e20b913ca565ca737172db1b2cc6cc985936df9f8,decompose,,0,12,0
case_093,nominal,1,queries,3d25bcabac8fa471feb79783f13686b771b143735b8cccf0820cb02c808929c6,queries,ok,0,11,1
case_093,nominal,2,retrieve,d303e766583493d9dff273d091b4320ee571533ea20b220485a08d46bd64524b,retrieve,ok,0,10,2
case_093,nominal,3,qa,f7ae2f44e160a7eb1aa2dcd946bd17732c45fc939d4595112b4738c5c06be0a1,qa,ok,0,9,3
case_093,nominal,4,coverage,ad1ece4ac407681af60f9dc3cfabd757822a869693937f7cbfa883af61c6872d,coverage,ok,0,8,4
case_093,nominal,5,select,3b1332fdb57f4e96e790e9b6d9063ff0f9d8e9cb61c2b9369a710cc8e292e6e7,select,ok,0,7,5
case_093,nominal,6,verdict,09bfc2ebd09a6b1fd9776f0bc8a9dba381124731e0c38e4f0004fcc3005b281e,verdict,ok,0,6,6
case_093,nominal,7,verdict,7bf6deae499e957f66471ab3f2a0faefac168636eab448c446ca05f44c5d9dd0,verdict,invalid,1,5,6
case_093,nominal,8,abort,6e3f70ae7842a2a9bf26f54a3a592d8124a9607be6cbc3404e0a8ff1186e3387,verdict,invalid,2,4,6
case_093,retrieval_timeout_once,0,decompose,b69944b21a8c1b708189999e20b913ca565ca737172db1b2cc6cc985936df9f8,decompose,,0,12,0
case_093,retrieval_timeout_once,1,queries,3d25bcabac8fa471feb79783f13686b771b143735b8cccf0820cb02c808929c6,queries,ok,0,11,1
case_093,retrieval_timeout_once,2,retrieve,d303e766583493d9dff273d091b4320ee571533ea20b220485a08d46bd64524b,retrieve,ok,0,10,2
case_093,retrieval_timeout_once,3,retrieve,11d75ad8a3dd78bd10712aaab60f9df6f4fc3aa74d65bd9181e1a4ec5aaaeda0,retrieve,timeout,1,9,2
case_093,retrieval_timeout_once,4,qa,0f506dea3598a1ccea7b917c8b2f9c11b5ec9ee72d83bbc3e0d63b4a0a54f624,qa,ok,0,8,3
case_093,retrieval_timeout_once,5,coverage,9ad122a1c11e1a75ca4c5845dbce9cd3ff28a655790af231f4767c40a854a1c6,coverage,ok,0,7,4
case_093,retrieval_timeout_once,6,select,05fe6cd258d350665b11d69bb51eb997d5b5ba9573245bbdd8b83060caa6f16b,select,ok,0,6,5
case_093,retrieval_timeout_once,7,verdict,8efc9f0e01f9a3dfe81ae4d918d1f64ef092ade5c4dea3ac9952087755c9a584,verdict,ok,0,5,6
case_093,retrieval_timeout_once,8,verdict,50fb817e218baedcd9952d0cd6af0c109216f738ab09ed45c0d6942965b83010,verdict,invalid,1,4,6
case_093,retrieval_timeout_once,9,abort,4f9f220483f80ce0be2ae5121a4e6b39cf3f211549484cc3a4b127ccee4e34ed,verdict,invalid,2,3,6
case_093,retrieval_timeout_persistent,0,decompose,b69944b21a8c1b708189999e20b913ca565ca737172db1b2cc6cc985936df9f8,decompose,,0,12,0
case_093,retrieval_timeout_persistent,1,queries,3d25bcabac8fa471feb79783f13686b771b143735b8cccf0820cb02c808929c6,queries,ok,0,11,1
case_093,retrieval_timeout_persistent,2,retrieve,d303e766583493d9dff273d091b4320ee571533ea20b220485a08d46bd64524b,retrieve,ok,0,10,2
case_093,retrieval_timeout_persistent,3,retrieve,11d75ad8a3dd78bd10712aaab60f9df6f4fc3aa74d65bd9181e1a4ec5aaaeda0,retrieve,timeout,1,9,2
case_093,retrieval_timeout_persistent,4,abort,bb97fd2737bd39f117130eeb20203c568bd1f229291d7a190762fe156a043c83,retrieve,timeout,2,8,2
case_094,nominal,0,decompose,b69944b21a8c1b708189999e20b913ca565ca737172db1b2cc6cc985936df9f8,decompose,,0,12,0
case_094,nominal,1,queries,3d25bcabac8fa471feb79783f13686b771b143735b8cccf0820cb02c808929c6,queries,ok,0,11,1
case_094,nominal,2,retrieve,beea96f74592c12fe1fd6e104d0a05391108368a31b1d064a2bf808ebdbe961f,retrieve,ok,0,10,2
case_094,nominal,3,qa,11cb079b1d21eda0ef3911542827bfab6cecd9ec8332a219b8d42b092c56432e,qa,ok,0,9,3
case_094,nominal,4,coverage,93d0dfaeda3c9685efffbdf15b5459277c1cd5e2efbea23d4b92e21face2bfb4,coverage,empty,0,8,4
case_094,nominal,5,select,8e74bbf1a465e05cf39b33e2a31d44f1532edbddc86eb043923c0b04aa4ec1e0,select,ok,0,7,5
case_094,nominal,6,verdict,567717b588ac385641b0d7e912f8fdf6bee272b44d7decf426b47085b179f20d,verdict,empty,0,6,6
case_094,nominal,7,finish,8998f14d2a88532c10ab1051044c503d78b91122d26a1eed5d9751193430f190,terminal,ok,0,5,7
case_094,retrieval_timeout_once,0,decompose,b69944b21a8c1b708189999e20b913ca565ca737172db1b2cc6cc985936df9f8,decompose,,0,12,0
case_094,retrieval_timeout_once,1,queries,3d25bcabac8fa471feb79783f13686b771b143735b8cccf0820cb02c808929c6,queries,ok,0,11,1
case_094,retrieval_timeout_once,2,retrieve,beea96f74592c12fe1fd6e104d0a05391108368a31b1d064a2bf808ebdbe961f,retrieve,ok,0,10,2
case_094,retrieval_timeout_once,3,retrieve,f846564ca64d0e9b7caccfaf6d48c6d8f311e4e38eba2c047c85605ce3ffffa9,retrieve,timeout,1,9,2
case_094,retrieval_timeout_once,4,qa,a7fe5835a608fcec75dc813bdedf3fbb1a043619edf1ceabf0957de4f25630a0,qa,ok,0,8,3
case_094,retrieval_timeout_once,5,coverage,0a3ba556b7c4aa74dbf1dbd5598170e500b1731fc28e66349c0bb0207569a272,coverage,empty,0,7,4
case_094,retrieval_timeout_once,6,select,40a82ab8d8c727f1be6c0cc0c7959c6a751ad2b5d42b0e60d5a237154f30c179,select,ok,0,6,5
case_094,retrieval_timeout_once,7,verdict,23bf570efb9d33a1783b3db7143f474ce59bb74d36086da6a8fece0e18bedcb5,verdict,empty,0,5,6
case_094,retrieval_timeout_once,8,finish,b370443a8399fdad44910a417d5457af08da02f92eb1958aa5daa9fcae0ba77d,terminal,ok,0,4,7
case_094,retrieval_timeout_persistent,0,decompose,b69944b21a8c1b708189999e20b913ca565ca737172db1b2cc6cc985936df9f8,decompose,,0,12,0
case_094,retrieval_timeout_persistent,1,queries,3d25bcabac8fa471feb79783f13686b771b143735b8cccf0820cb02c808929c6,queries,ok,0,11,1
case_094,retrieval_timeout_persistent,2,retrieve,beea96f74592c12fe1fd6e104d0a05391108368a31b1d064a2bf808ebdbe961f,retrieve,ok,0,10,2
case_094,retrieval_timeout_persistent,3,retrieve,f846564ca64d0e9b7caccfaf6d48c6d8f311e4e38eba2c047c85605ce3ffffa9,retrieve,timeout,1,9,2
case_094,retrieval_timeout_persistent,4,abort,036dfb94c78d5722bd3b83089bcad7224900ce636decea28ee0df649ff923e7c,retrieve,timeout,2,8,2
case_095,nominal,0,decompose,b69944b21a8c1b708189999e20b913ca565ca737172db1b2cc6cc985936df9f8,decompose,,0,12,0
case_095,nominal,1,queries,3d25bcabac8fa471feb79783f13686b771b143735b8cccf0820cb02c808929c6,queries,ok,0,11,1
case_095,nominal,2,retrieve,beea96f74592c12fe1fd6e104d0a05391108368a31b1d064a2bf808ebdbe961f,retrieve,ok,0,10,2
case_095,nominal,3,qa,66e6889fb8c006d94c0fc186f53a6919513ec214b23079736b07a5075f73257d,qa,ok,0,9,3
case_095,nominal,4,coverage,790a966dd8334abee3f512788ce06c82408a3b2e9b95ed7743e7e9d12b08ca76,coverage,ok,0,8,4
case_095,nominal,5,select,a505e04fcd96fb4042500ce4dee53a3366eb39a5891349c6223aaca57eecb224,select,ok,0,7,5
case_095,nominal,6,verdict,1af91f183b66874c13d1d55b0535bbb8ada80c8b5aa682c69856d0704c0f1ea6,verdict,ok,0,6,6
case_095,nominal,7,finish,9261e1819416cdcb51762917468adc479a4f97051107292800c824b47b219b1e,terminal,ok,0,5,7
case_095,retrieval_timeout_once,0,decompose,b69944b21a8c1b708189999e20b913ca565ca737172db1b2cc6cc985936df9f8,decompose,,0,12,0
case_095,retrieval_timeout_once,1,queries,3d25bcabac8fa471feb79783f13686b771b143735b8cccf0820cb02c808929c6,queries,ok,0,11,1
case_095,retrieval_timeout_once,2,retrieve,beea96f74592c12fe1fd6e104d0a05391108368a31b1d064a2bf808ebdbe961f,retrieve,ok,0,10,2
case_095,retrieval_timeout_once,3,retrieve,f846564ca64d0e9b7caccfaf6d48c6d8f311e4e38eba2c047c85605ce3ffffa9,retrieve,timeout,1,9,2
case_095,retrieval_timeout_once,4,qa,7f9434ff65e1c429cdc2e97f8343d239009b3bcf29152e91363e3c2597b12d3c,qa,ok,0,8,3
case_095,retrieval_timeout_once,5,coverage,cd0406e78e465e929c8aa2583791ca09b286d368e0d867e199ff0f9399730d40,coverage,ok,0,7,4
case_095,retrieval_timeout_once,6,select,01179ae1f12db33b18384d8f9a33d9402d11a17b182592fdeb4ed471a703fd19,select,ok,0,6,5
case_095,retrieval_timeout_once,7,verdict,64ff1f905d83cb6fa008241acc3540f9309bf26203baa2e3905ef9d12496ae1f,verdict,ok,0,5,6
case_095,retrieval_timeout_once,8,finish,0eae620a41136fec7202a0807d6ce272421cb81b674c73e21971fc034239c2c2,terminal,ok,0,4,7
case_095,retrieval_timeout_persistent,0,decompose,b69944b21a8c1b708189999e20b913ca565ca737172db1b2cc6cc985936df9f8,decompose,,0,12,0
case_095,retrieval_timeout_persistent,1,queries,3d25bcabac8fa471feb79783f13686b771b143735b8cccf0820cb02c808929c6,queries,ok,0,11,1
case_095,retrieval_timeout_persistent,2,retrieve,beea96f74592c12fe1fd6e104d0a05391108368a31b1d064a2bf808ebdbe961f,retrieve,ok,0,10,2
case_095,retrieval_timeout_persistent,3,retrieve,f846564ca64d0e9b7caccfaf6d48c6d8f311e4e38eba2c047c85605ce3ffffa9,retrieve,timeout,1,9,2
case_095,retrieval_timeout_persistent,4,abort,036dfb94c78d5722bd3b83089bcad7224900ce636decea28ee0df649ff923e7c,retrieve,timeout,2,8,2
case_096,nominal,0,decompose,b69944b21a8c1b708189999e20b913ca565ca737172db1b2cc6cc985936df9f8,decompose,,0,12,0
case_096,nominal,1,queries,3d25bcabac8fa471feb79783f13686b771b143735b8cccf0820cb02c808929c6,queries,ok,0,11,1
case_096,nominal,2,retrieve,beea96f74592c12fe1fd6e104d0a05391108368a31b1d064a2bf808ebdbe961f,retrieve,ok,0,10,2
case_096,nominal,3,qa,04a43703f9674974e89d8d9cb099a94c74684d4cf4ec9d6424e3001070bfa0ce,qa,ok,0,9,3
case_096,nominal,4,coverage,f63a533a8b8e84902a378d066f6f5fadf85a7bfd1f13d9711586be64c24ac224,coverage,ok,0,8,4
case_096,nominal,5,select,63e9b6e5a1f198c24a98593a99ebfe5314c19a9d0a1ba4f2937fe14292b20df8,select,ok,0,7,5
case_096,nominal,6,verdict,4484b8d07e76f042c42ae75a49645310af0c4508952b8cd869eed561addca684,verdict,ok,0,6,6
case_096,nominal,7,finish,3bea787a808ef67345475a00ad36bf9f62ae51d1af11b7c7f2cac9778946ef5c,terminal,ok,0,5,7
case_096,retrieval_timeout_once,0,decompose,b69944b21a8c1b708189999e20b913ca565ca737172db1b2cc6cc985936df9f8,decompose,,0,12,0
case_096,retrieval_timeout_once,1,queries,3d25bcabac8fa471feb79783f13686b771b143735b8cccf0820cb02c808929c6,queries,ok,0,11,1
case_096,retrieval_timeout_once,2,retrieve,beea96f74592c12fe1fd6e104d0a05391108368a31b1d064a2bf808ebdbe961f,retrieve,ok,0,10,2
case_096,retrieval_timeout_once,3,retrieve,f846564ca64d0e9b7caccfaf6d48c6d8f311e4e38eba2c047c85605ce3ffffa9,retrieve,timeout,1,9,2
case_096,retrieval_timeout_once,4,qa,4e2d7aeedddb9e2bf876fb3344eba20c206afebd8e25b0e0ae50f58f7782565a,qa,ok,0,8,3
case_096,retrieval_timeout_once,5,coverage,62053f2fa403f159ceefc712706cf9ebe3c7a079c3dd1712055094e632537b23,coverage,ok,0,7,4
case_096,retrieval_timeout_once,6,select,2da246b9998aa9bce66dc689098178a629d5af5079472f98c85fb86eab881dc0,select,ok,0,6,5
case_096,retrieval_timeout_once,7,verdict,80568ba6293f69492e9fd28b73fe154e4b0e570bf31ba316373ebb98cc5b74f0,verdict,ok,0,5,6
case_096,retrieval_timeout_once,8,finish,b9b2ebc5c6bd4e7affdb14d1f13d14f8afb16315fb288281f35dea542e30fd8f,terminal,ok,0,4,7
case_096,retrieval_timeout_persistent,0,decompose,b69944b21a8c1b708189999e20b913ca565ca737172db1b2cc6cc985936df9f8,decompose,,0,12,0
case_096,retrieval_timeout_persistent,1,queries,3d25bcabac8fa471feb79783f13686b771b143735b8cccf0820cb02c808929c6,queries,ok,0,11,1
case_096,retrieval_timeout_persistent,2,retrieve,beea96f74592c12fe1fd6e104d0a05391108368a31b1d064a2bf808ebdbe961f,retrieve,ok,0,10,2
case_096,retrieval_timeout_persistent,3,retrieve,f846564ca64d0e9b7caccfaf6d48c6d8f311e4e38eba2c047c85605ce3ffffa9,retrieve,timeout,1,9,2
case_096,retrieval_timeout_persistent,4,abort,036dfb94c78d5722bd3b83089bcad7224900ce636decea28ee0df649ff923e7c,retrieve,timeout,2,8,2
case_097,nominal,0,decompose,b69944b21a8c1b708189999e20b913ca565ca737172db1b2cc6cc985936df9f8,decompose,,0,12,0
case_097,nominal,1,queries,3d25bcabac8fa471feb79783f13686b771b143735b8cccf0820cb02c808929c6,queries,ok,0,11,1
case_097,nominal,2,retrieve,beea96f74592c12fe1fd6e104d0a05391108368a31b1d064a2bf808ebdbe961f,retrieve,ok,0,10,2
case_097,nominal,3,qa,ed77dc9982e3fab16e82fe194febed2730483b25b00566449c199ea092ebec29,qa,ok,0,9,3
case_097,nominal,4,coverage,055cde2f9ed667b74f844d4eaa798652a078d44485555a6e2b94f807d234fbab,coverage,empty,0,8,4
case_097,nominal,5,select,c8368d6cad0bd724b7385e28b4a95f2137962c267e1be44f5b417fe04653a020,select,ok,0,7,5
case_097,nominal,6,verdict,e14fbbc5cac22876e0ecac1586271fdc46b68f4c9e066d418fa9296bb8013ecb,verdict,empty,0,6,6
case_097,nominal,7,finish,f920fc75d5543b4cb23b79e0f68460a89c9833775ecee3d8669bef15773ac544,terminal,ok,0,5,7
case_097,retrieval_timeout_once,0,decompose,b69944b21a8c1b708189999e20b913ca565ca737172db1b2cc6cc985936df9f8,decompose,,0,12,0
case_097,retrieval_timeout_once,1,queries,3d25bcabac8fa471feb79783f13686b771b143735b8cccf0820cb02c808929c6,queries,ok,0,11,1
case_097,retrieval_timeout_once,2,retrieve,beea96f74592c12fe1fd6e104d0a05391108368a31b1d064a2bf808ebdbe961f,retrieve,ok,0,10,2
case_097,retrieval_timeout_once,3,retrieve,f846564ca64d0e9b7caccfaf6d48c6d8f311e4e38eba2c047c85605ce3ffffa9,retrieve,timeout,1,9,2
case_097,retrieval_timeout_once,4,qa,cc6e767956264741a39987303a845e9f532e4f1437b13532041b0fd8ab607567,qa,ok,0,8,3
case_097,retrieval_timeout_once,5,coverage,7dc5ae342d168cd3224aa1cd834e42efa35daedf3d5d5a08f418bcd332003f8c,coverage,empty,0,7,4
case_097,retrieval_timeout_once,6,select,7b0c83ad07e78a5c88ea37dde08444ef180b894407c65a7e1bbf6b73b5891272,select,ok,0,6,5
case_097,retrieval_timeout_once,7,verdict,7ce36e1e09dd18d75ac22b8cf11d21924568af8bf5036fd121360e4775f90425,verdict,empty,0,5,6
case_097,retrieval_timeout_once,8,finish,376ab96909e095549b8898dd31d8a1659651e7248e144757878673c1fddf0b05,terminal,ok,0,4,7
case_097,retrieval_timeout_persistent,0,decompose,b69944b21a8c1b708189999e20b913ca565ca737172db1b2cc6cc985936df9f8,decompose,,0,12,0
case_097,retrieval_timeout_persistent,1,queries,3d25bcabac8fa471feb79783f13686b771b143735b8cccf0820cb02c808929c6,queries,ok,0,11,1
case_097,retrieval_timeout_persistent,2,retrieve,beea96f74592c12fe1fd6e104d0a05391108368a31b1d064a2bf808ebdbe961f,retrieve,ok,0,10,2
case_097,retrieval_timeout_persistent,3,retrieve,f846564ca64d0e9b7caccfaf6d48c6d8f311e4e38eba2c047c85605ce3ffffa9,retrieve,timeout,1,9,2
case_097,retrieval_timeout_persistent,4,abort,036dfb94c78d5722bd3b83089bcad7224900ce636decea28ee0df649ff923e7c,retrieve,timeout,2,8,2
case_098,nominal,0,decompose,b69944b21a8c1b708189999e20b913ca565ca737172db1b2cc6cc985936df9f8,decompose,,0,12,0
case_098,nominal,1,queries,c93a3397038975a373a3eeea8aace3283cd4e93eb2122f6ec7233b609c5c1f1c,queries,ok,0,11,1
case_098,nominal,2,retrieve,48feb5e3a7e403bbfd2ed1f894ddef016136757d310418947035abd59cfcc0ed,retrieve,ok,0,10,2
case_098,nominal,3,qa,e6635f44bcfd9a3e84fc37e6fa451127fcd22b7403afd797e114f8963ec791bf,qa,ok,0,9,3
case_098,nominal,4,coverage,6f4d4a52bb0b9c69d8058d983164955ca2ebd73849e0147d7b4362a1ff5f1e74,coverage,ok,0,8,4
case_098,nominal,5,select,6a037408afe15274c262cc60373ac9b945b3e832e612d036f3a612853fa2d045,select,ok,0,7,5
case_098,nominal,6,verdict,495635d3ce29393f5e5c320d92b00242db1f43c5f0d026e71917d3a3b58549b0,verdict,ok,0,6,6
case_098,nominal,7,finish,77b62cc080d858c9ddd9eba5ba264dab630563c1d7ca47b1003ddb6b29c8175e,terminal,ok,0,5,7
case_098,retrieval_timeout_once,0,decompose,b69944b21a8c1b708189999e20b913ca565ca737172db1b2cc6cc985936df9f8,decompose,,0,12,0
case_098,retrieval_timeout_once,1,queries,c93a3397038975a373a3eeea8aace3283cd4e93eb2122f6ec7233b609c5c1f1c,queries,ok,0,11,1
case_098,retrieval_timeout_once,2,retrieve,48feb5e3a7e403bbfd2ed1f894ddef016136757d310418947035abd59cfcc0ed,retrieve,ok,0,10,2
case_098,retrieval_timeout_once,3,retrieve,52f4837bba752f0574ff155b74bcf52dd313fdab0af488b07c8442854a1c2c81,retrieve,timeout,1,9,2
case_098,retrieval_timeout_once,4,qa,797a5268083f3bca72bed520548ce21e4b93a2bfa40e3a80a1a597d9a65c7c04,qa,ok,0,8,3
case_098,retrieval_timeout_once,5,coverage,331c550dc6d5730166e9b3fb4742c66a37948a4c9ce2e59d5d8b928b71dbcc51,coverage,ok,0,7,4
case_098,retrieval_timeout_once,6,select,5fe8285c3d8bf89066032075680bca4e898ceec97b678eb6d8108f10633f8595,select,ok,0,6,5
case_098,retrieval_timeout_once,7,verdict,537a54a14f777b02ac1139f9d2b75baebe88bc680c4d349517247ad2ae9e84a4,verdict,ok,0,5,6
case_098,retrieval_timeout_once,8,finish,d2296dfd46a2765211e90745fc1874fdb30575c8653d24dc01f36d6988c1e1a9,terminal,ok,0,4,7
case_098,retrieval_timeout_persistent,0,decompose,b69944b21a8c1b708189999e20b913ca565ca737172db1b2cc6cc985936df9f8,decompose,,0,12,0
case_098,retrieval_timeout_persistent,1,queries,c93a3397038975a373a3eeea8aace3283cd4e93eb2122f6ec7233b609c5c1f1c,queries,ok,0,11,1
case_098,retrieval_timeout_persistent,2,retrieve,48feb5e3a7e403bbfd2ed1f894ddef016136757d310418947035abd59cfcc0ed,retrieve,ok,0,10,2
case_098,retrieval_timeout_persistent,3,retrieve,52f4837bba752f0574ff155b74bcf52dd313fdab0af488b07c8442854a1c2c81,retrieve,timeout,1,9,2
case_098,retrieval_timeout_persistent,4,abort,2768cc52646a434d720c0f6253054457fd543e4b4a356d7f18673e8e6340737c,retrieve,timeout,2,8,2
case_099,nominal,0,decompose,b69944b21a8c1b708189999e20b913ca565ca737172db1b2cc6cc985936df9f8,decompose,,0,12,0
case_099,nominal,1,queries,3d25bcabac8fa471feb79783f13686b771b143735b8cccf0820cb02c808929c6,queries,ok,0,11,1
case_099,nominal,2,retrieve,beea96f74592c12fe1fd6e104d0a05391108368a31b1d064a2bf808ebdbe961f,retrieve,ok,0,10,2
case_099,nominal,3,qa,a61d1252cf4a53e788431e9086dcb8c09ca119b93e28cb01adfecc18114f1763,qa,ok,0,9,3
case_099,nominal,4,coverage,743d3a5ec0180be21ad4f1d65f9a7eb3dcdaf3c3bc0cbbc907a9ed53675e6993,coverage,ok,0,8,4
case_099,nominal,5,select,790ec2ff63385e3fa2ac964d316b1dd9c9704c05461cba26245a1aad83203007,select,ok,0,7,5
case_099,nominal,6,verdict,6eb1e61911e583808b05144cb7393250656d4a995f8288a7af5d976149028a55,verdict,ok,0,6,6
case_099,nominal,7,verdict,0f71f7284f32922930a8152a995eec14d14c515a9024a7ec13dec39223e4d8a1,verdict,invalid,1,5,6
case_099,nominal,8,abort,64e5ab8af6c96fbabce0f69e2340fff54629238bd1c1d461299a8bd71409238c,verdict,invalid,2,4,6
case_099,retrieval_timeout_once,0,decompose,b69944b21a8c1b708189999e20b913ca565ca737172db1b2cc6cc985936df9f8,decompose,,0,12,0
case_099,retrieval_timeout_once,1,queries,3d25bcabac8fa471feb79783f13686b771b143735b8cccf0820cb02c808929c6,queries,ok,0,11,1
case_099,retrieval_timeout_once,2,retrieve,beea96f74592c12fe1fd6e104d0a05391108368a31b1d064a2bf808ebdbe961f,retrieve,ok,0,10,2
case_099,retrieval_timeout_once,3,retrieve,f846564ca64d0e9b7caccfaf6d48c6d8f311e4e38eba2c047c85605ce3ffffa9,retrieve,timeout,1,9,2
case_099,retrieval_timeout_once,4,qa,f5ee5260dc03353b7f2e862dc530d964ddcaad35a35242ff984145c20a97a511,qa,ok,0,8,3
case_099,retrieval_timeout_once,5,coverage,b9ed2789cdf8f18edd929d741fc3b959480adeee0ec575430d83925666490511,coverage,ok,0,7,4
case_099,retrieval_timeout_once,6,select,6babaa2e6e09f14ba538c7e19b01894b521b25dc50416ecaa8b52d2655db3f0d,select,ok,0,6,5
case_099,retrieval_timeout_once,7,verdict,fabd4434c0654a4f9e7cd5bcaf9d9a5d704b22fd121c12fd30e0dba5c411a222,verdict,ok,0,5,6
case_099,retrieval_timeout_once,8,verdict,eb8b68b2924cee59a382e302718c1857da35a6d2b86d48db3224ae1841a30ea4,verdict,invalid,1,4,6
case_099,retrieval_timeout_once,9,abort,ec3aac2f95558fcd0ebe17edccbc0d7c0f874afd62ed0be86ce2d970059511af,verdict,invalid,2,3,6
case_099,retrieval_timeout_persistent,0,decompose,b69944b21a8c1b708189999e20b913ca565ca737172db1b2cc6cc985936df9f8,decompose,,0,12,0
case_099,retrieval_timeout_persistent,1,queries,3d25bcabac8fa471feb79783f13686b771b143735b8cccf0820cb02c808929c6,queries,ok,0,11,1
case_099,retrieval_timeout_persistent,2,retrieve,beea96f74592c12fe1fd6e104d0a05391108368a31b1d064a2bf808ebdbe961f,retrieve,ok,0,10,2
case_099,retrieval_timeout_persistent,3,retrieve,f846564ca64d0e9b7caccfaf6d48c6d8f311e4e38eba2c047c85605ce3ffffa9,retrieve,timeout,1,9,2
case_099,retrieval_timeout_persistent,4,abort,036dfb94c78d5722bd3b83089bcad7224900ce636decea28ee0df649ff923e7c,retrieve,timeout,2,8,2
case_100,nominal,0,decompose,b69944b21a8c1b708189999e20b913ca565ca737172db1b2cc6cc985936df9f8,decompose,,0,12,0
case_100,nominal,1,queries,3d25bcabac8fa471feb79783f13686b771b143735b8cccf0820cb02c808929c6,queries,ok,0,11,1
case_100,nominal,2,retrieve,d303e766583493d9dff273d091b4320ee571533ea20b220485a08d46bd64524b,retrieve,ok,0,10,2
case_100,nominal,3,qa,e1a62e991d50843e086021d45803da4ddb5d2ccd6420cc1c61ba3ea4825c9000,qa,ok,0,9,3
case_100,nominal,4,coverage,2582cc56b9be69cc4b0d21dd317345f9f524d7714dfdd7e0db0aee2e9163e494,coverage,ok,0,8,4
case_100,nominal,5,select,0d8598ab15afe71d34ace8b8a88d36de86e0514517881423269fb302939a38f9,select,ok,0,7,5
case_100,nominal,6,verdict,c46500b6bdf396dd491645753bbabd2deaa65edea75b6ad3f824424fe254b9a3,verdict,ok,0,6,6
case_100,nominal,7,verdict,16ba93aa6663dae1c3709fef00e5f608328ccb9c9a9b5576d1476d3ad5af37d9,verdict,invalid,1,5,6
case_100,nominal,8,abort,6fd955915b08d0a9bb45f54c187b72e6142cb5a93a97aeb7f0990e432d91a0a1,verdict,invalid,2,4,6
case_100,retrieval_timeout_once,0,decompose,b69944b21a8c1b708189999e20b913ca565ca737172db1b2cc6cc985936df9f8,decompose,,0,12,0
case_100,retrieval_timeout_once,1,queries,3d25bcabac8fa471feb79783f13686b771b143735b8cccf0820cb02c808929c6,queries,ok,0,11,1
case_100,retrieval_timeout_once,2,retrieve,d303e766583493d9dff273d091b4320ee571533ea20b220485a08d46bd64524b,retrieve,ok,0,10,2
case_100,retrieval_timeout_once,3,retrieve,11d75ad8a3dd78bd10712aaab60f9df6f4fc3aa74d65bd9181e1a4ec5aaaeda0,retrieve,timeout,1,9,2
case_100,retrieval_timeout_once,4,qa,0ccd80d06fcd43ca1cfd519a5305479d8c5053abf3a7d3a144c556c1f4c211fe,qa,ok,0,8,3
case_100,retrieval_timeout_once,5,coverage,8e3da925642bb8337a8bb821320d530599fd9a5dcd615cd66f1b6d7c4a6e113a,coverage,ok,0,7,4
case_100,retrieval_timeout_once,6,select,9478f19d81bc28c7c47c0ff8f1e4fe3b45f11d961717b802050a241e62e2e8c1,select,ok,0,6,5
case_100,retrieval_timeout_once,7,verdict,a94fdee7996c7fbcd143dabc08ae6568b3e28d130060e6644c1728ab3a46efbe,verdict,ok,0,5,6
case_100,retrieval_timeout_once,8,verdict,752fd34491a659acc8758b8beb20d8beecaa09824af6a00b254d87cd42aeb2e1,verdict,invalid,1,4,6
case_100,retrieval_timeout_once,9,abort,fc0514dafd92a78f8c75511dcc916237ed0bd4f84fddc992c9644535c20c6409,verdict,invalid,2,3,6
case_100,retrieval_timeout_persistent,0,decompose,b69944b21a8c1b708189999e20b913ca565ca737172db1b2cc6cc985936df9f8,decompose,,0,12,0
case_100,retrieval_timeout_persistent,1,queries,3d25bcabac8fa471feb79783f13686b771b143735b8cccf0820cb02c808929c6,queries,ok,0,11,1
case_100,retrieval_timeout_persistent,2,retrieve,d303e766583493d9dff273d091b4320ee571533ea20b220485a08d46bd64524b,retrieve,ok,0,10,2
case_100,retrieval_timeout_persistent,3,retrieve,11d75ad8a3dd78bd10712aaab60f9df6f4fc3aa74d65bd9181e1a4ec5aaaeda0,retrieve,timeout,1,9,2
case_100,retrieval_timeout_persistent,4,abort,bb97fd2737bd39f117130eeb20203c568bd1f229291d7a190762fe156a043c83,retrieve,timeout,2,8,2
