deployment,comparison_pass,raw_pass,case_id,candidate_id,decision,outcome
gemini,1,1,case_001,C01,include,ok
gemini,1,1,case_001,C02,include,ok
gemini,1,1,case_001,C03,include,ok
gemini,1,1,case_001,C04,include,ok
gemini,1,1,case_001,C05,include,ok
gemini,1,1,case_001,C06,include,ok
gemini,1,1,case_001,C07,include,ok
gemini,1,1,case_001,C08,include,ok
gemini,1,1,case_001,C09,include,ok
gemini,1,1,case_001,C10,include,ok
gemini,1,1,case_002,C01,exclude,ok
gemini,1,1,case_002,C02,exclude,ok
gemini,1,1,case_002,C03,exclude,ok
gemini,1,1,case_002,C04,exclude,ok
gemini,1,1,case_002,C05,exclude,ok
gemini,1,1,case_002,C06,exclude,ok
gemini,1,1,case_002,C07,exclude,ok
gemini,1,1,case_002,C08,exclude,ok
gemini,1,1,case_002,C09,exclude,ok
gemini,1,1,case_002,C10,exclude,ok
gemini,1,1,case_003,C01,exclude,ok
gemini,1,1,case_003,C02,exclude,ok
gemini,1,1,case_003,C03,exclude,ok
gemini,1,1,case_003,C04,exclude,ok
gemini,1,1,case_003,C05,exclude,ok
gemini,1,1,case_003,C06,exclude,ok
gemini,1,1,case_003,C07,exclude,ok
gemini,1,1,case_003,C08,exclude,ok
gemini,1,1,case_003,C09,exclude,ok
gemini,1,1,case_003,C10,exclude,ok
gemini,1,1,case_004,C01,include,ok
gemini,1,1,case_004,C02,exclude,ok
gemini,1,1,case_004,C03,exclude,ok
gemini,1,1,case_004,C04,exclude,ok
gemini,1,1,case_004,C05,exclude,ok
gemini,1,1,case_004,C06,exclude,ok
gemini,1,1,case_004,C07,exclude,ok
gemini,1,1,case_004,C08,exclude,ok
gemini,1,1,case_004,C09,exclude,ok
gemini,1,1,case_004,C10,exclude,ok
gemini,1,1,case_005,C01,exclude,ok
gemini,1,1,case_005,C02,exclude,ok
gemini,1,1,case_005,C03,exclude,ok
gemini,1,1,case_005,C04,exclude,ok
gemini,1,1,case_005,C05,exclude,ok
gemini,1,1,case_005,C06,exclude,ok
gemini,1,1,case_005,C07,exclude,ok
gemini,1,1,case_005,C08,exclude,ok
gemini,1,1,case_005,C09,exclude,ok
gemini,1,1,case_005,C10,exclude,ok
gemini,1,1,case_006,C01,exclude,ok
gemini,1,1,case_006,C02,exclude,ok
gemini,1,1,case_006,C03,exclude,ok
gemini,1,1,case_006,C04,exclude,ok
gemini,1,1,case_006,C05,exclude,ok
gemini,1,1,case_006,C06,exclude,ok
gemini,1,1,case_006,C07,exclude,ok
gemini,1,1,case_006,C08,exclude,ok
gemini,1,1,case_006,C09,exclude,ok
gemini,1,1,case_006,C10,exclude,ok
gemini,1,1,case_007,C01,include,ok
gemini,1,1,case_007,C02,exclude,ok
gemini,1,1,case_007,C03,include,ok
gemini,1,1,case_007,C04,exclude,ok
gemini,1,1,case_007,C05,include,ok
gemini,1,1,case_007,C06,include,ok
gemini,1,1,case_007,C07,include,ok
gemini,1,1,case_007,C08,exclude,ok
gemini,1,1,case_007,C09,exclude,ok
gemini,1,1,case_007,C10,exclude,ok
gemini,1,1,case_008,C01,exclude,ok
gemini,1,1,case_008,C02,exclude,ok
gemini,1,1,case_008,C03,exclude,ok
gemini,1,1,case_008,C04,exclude,ok
gemini,1,1,case_008,C05,include,ok
gemini,1,1,case_008,C06,include,ok
gemini,1,1,case_008,C07,include,ok
gemini,1,1,case_008,C08,include,ok
gemini,1,1,case_008,C09,include,ok
gemini,1,1,case_008,C10,include,ok
gemini,1,1,case_009,C01,include,ok
gemini,1,1,case_009,C02,exclude,ok
gemini,1,1,case_009,C03,include,ok
gemini,1,1,case_009,C04,exclude,ok
gemini,1,1,case_009,C05,exclude,ok
gemini,1,1,case_009,C06,exclude,ok
gemini,1,1,case_009,C07,exclude,ok
gemini,1,1,case_009,C08,exclude,ok
gemini,1,1,case_009,C09,exclude,ok
gemini,1,1,case_009,C10,exclude,ok
gemini,1,1,case_010,C01,include,ok
gemini,1,1,case_010,C02,include,ok
gemini,1,1,case_010,C03,include,ok
gemini,1,1,case_010,C04,include,ok
gemini,1,1,case_010,C05,include,ok
gemini,1,1,case_010,C06,include,ok
gemini,1,1,case_010,C07,include,ok
gemini,1,1,case_010,C08,include,ok
gemini,1,1,case_010,C09,include,ok
gemini,1,1,case_010,C10,include,ok
gemini,1,1,case_011,C01,exclude,ok
gemini,1,1,case_011,C02,exclude,ok
gemini,1,1,case_011,C03,exclude,ok
gemini,1,1,case_011,C04,include,ok
gemini,1,1,case_011,C05,include,ok
gemini,1,1,case_011,C06,exclude,ok
gemini,1,1,case_011,C07,include,ok
gemini,1,1,case_011,C08,exclude,ok
gemini,1,1,case_011,C09,exclude,ok
gemini,1,1,case_011,C10,exclude,ok
gemini,1,1,case_012,C01,include,ok
gemini,1,1,case_012,C02,include,ok
gemini,1,1,case_012,C03,exclude,ok
gemini,1,1,case_012,C04,exclude,ok
gemini,1,1,case_012,C05,exclude,ok
gemini,1,1,case_012,C06,exclude,ok
gemini,1,1,case_012,C07,exclude,ok
gemini,1,1,case_012,C08,exclude,ok
gemini,1,1,case_012,C09,exclude,ok
gemini,1,1,case_012,C10,exclude,ok
gemini,1,1,case_013,C01,exclude,ok
gemini,1,1,case_013,C02,exclude,ok
gemini,1,1,case_013,C03,exclude,ok
gemini,1,1,case_013,C04,exclude,ok
gemini,1,1,case_013,C05,exclude,ok
gemini,1,1,case_013,C06,exclude,ok
gemini,1,1,case_013,C07,exclude,ok
gemini,1,1,case_013,C08,exclude,ok
gemini,1,1,case_013,C09,exclude,ok
gemini,1,1,case_013,C10,exclude,ok
gemini,1,1,case_014,C01,include,ok
gemini,1,1,case_014,C02,exclude,ok
gemini,1,1,case_014,C03,exclude,ok
gemini,1,1,case_014,C04,include,ok
gemini,1,1,case_014,C05,exclude,ok
gemini,1,1,case_014,C06,exclude,ok
gemini,1,1,case_014,C07,include,ok
gemini,1,1,case_014,C08,include,ok
gemini,1,1,case_014,C09,exclude,ok
gemini,1,1,case_014,C10,exclude,ok
gemini,1,1,case_015,C01,exclude,ok
gemini,1,1,case_015,C02,exclude,ok
gemini,1,1,case_015,C03,exclude,ok
gemini,1,1,case_015,C04,exclude,ok
gemini,1,1,case_015,C05,exclude,ok
gemini,1,1,case_015,C06,exclude,ok
gemini,1,1,case_015,C07,exclude,ok
gemini,1,1,case_015,C08,exclude,ok
gemini,1,1,case_015,C09,exclude,ok
gemini,1,1,case_015,C10,exclude,ok
gemini,1,1,case_016,C01,include,ok
gemini,1,1,case_016,C02,include,ok
gemini,1,1,case_016,C03,include,ok
gemini,1,1,case_016,C04,include,ok
gemini,1,1,case_016,C05,include,ok
gemini,1,1,case_016,C06,exclude,ok
gemini,1,1,case_016,C07,include,ok
gemini,1,1,case_016,C08,exclude,ok
gemini,1,1,case_016,C09,exclude,ok
gemini,1,1,case_016,C10,exclude,ok
gemini,1,1,case_017,C01,exclude,ok
gemini,1,1,case_017,C02,exclude,ok
gemini,1,1,case_017,C03,exclude,ok
gemini,1,1,case_017,C04,exclude,ok
gemini,1,1,case_017,C05,exclude,ok
gemini,1,1,case_017,C06,exclude,ok
gemini,1,1,case_017,C07,exclude,ok
gemini,1,1,case_017,C08,exclude,ok
gemini,1,1,case_017,C09,exclude,ok
gemini,1,1,case_017,C10,exclude,ok
gemini,1,1,case_018,C01,exclude,ok
gemini,1,1,case_018,C02,exclude,ok
gemini,1,1,case_018,C03,exclude,ok
gemini,1,1,case_018,C04,exclude,ok
gemini,1,1,case_018,C05,exclude,ok
gemini,1,1,case_018,C06,exclude,ok
gemini,1,1,case_018,C07,exclude,ok
gemini,1,1,case_018,C08,exclude,ok
gemini,1,1,case_018,C09,exclude,ok
gemini,1,1,case_018,C10,exclude,ok
gemini,1,1,case_019,C01,exclude,ok
gemini,1,1,case_019,C02,exclude,ok
gemini,1,1,case_019,C03,exclude,ok
gemini,1,1,case_019,C04,exclude,ok
gemini,1,1,case_019,C05,exclude,ok
gemini,1,1,case_019,C06,include,ok
gemini,1,1,case_019,C07,include,ok
gemini,1,1,case_019,C08,exclude,ok
gemini,1,1,case_019,C09,exclude,ok
gemini,1,1,case_019,C10,exclude,ok
gemini,1,1,case_020,C01,exclude,ok
gemini,1,1,case_020,C02,exclude,ok
gemini,1,1,case_020,C03,include,ok
gemini,1,1,case_020,C04,exclude,ok
gemini,1,1,case_020,C05,exclude,ok
gemini,1,1,case_020,C06,exclude,ok
gemini,1,1,case_020,C07,exclude,ok
gemini,1,1,case_020,C08,exclude,ok
gemini,1,1,case_020,C09,exclude,ok
gemini,1,1,case_020,C10,exclude,ok
gemini,1,1,case_021,C01,include,ok
gemini,1,1,case_021,C02,exclude,ok
gemini,1,1,case_021,C03,include,ok
gemini,1,1,case_021,C04,include,ok
gemini,1,1,case_021,C05,exclude,ok
gemini,1,1,case_021,C06,include,ok
gemini,1,1,case_021,C07,include,ok
gemini,1,1,case_021,C08,include,ok
gemini,1,1,case_021,C09,include,ok
gemini,1,1,case_021,C10,include,ok
gemini,1,1,case_022,C01,exclude,ok
gemini,1,1,case_022,C02,exclude,ok
gemini,1,1,case_022,C03,include,ok
gemini,1,1,case_022,C04,exclude,ok
gemini,1,1,case_022,C05,exclude,ok
gemini,1,1,case_022,C06,exclude,ok
gemini,1,1,case_022,C07,exclude,ok
gemini,1,1,case_022,C08,exclude,ok
gemini,1,1,case_022,C09,exclude,ok
gemini,1,1,case_022,C10,exclude,ok
gemini,1,1,case_023,C01,include,ok
gemini,1,1,case_023,C02,include,ok
gemini,1,1,case_023,C03,include,ok
gemini,1,1,case_023,C04,include,ok
gemini,1,1,case_023,C05,include,ok
gemini,1,1,case_023,C06,include,ok
gemini,1,1,case_023,C07,include,ok
gemini,1,1,case_023,C08,include,ok
gemini,1,1,case_023,C09,include,ok
gemini,1,1,case_023,C10,include,ok
gemini,1,1,case_024,C01,exclude,ok
gemini,1,1,case_024,C02,exclude,ok
gemini,1,1,case_024,C03,exclude,ok
gemini,1,1,case_024,C04,exclude,ok
gemini,1,1,case_024,C05,include,ok
gemini,1,1,case_024,C06,exclude,ok
gemini,1,1,case_024,C07,exclude,ok
gemini,1,1,case_024,C08,exclude,ok
gemini,1,1,case_024,C09,exclude,ok
gemini,1,1,case_024,C10,exclude,ok
gemini,1,1,case_025,C01,include,ok
gemini,1,1,case_025,C02,include,ok
gemini,1,1,case_025,C03,include,ok
gemini,1,1,case_025,C04,exclude,ok
gemini,1,1,case_025,C05,include,ok
gemini,1,1,case_025,C06,include,ok
gemini,1,1,case_025,C07,exclude,ok
gemini,1,1,case_025,C08,exclude,ok
gemini,1,1,case_025,C09,include,ok
gemini,1,1,case_025,C10,exclude,ok
gemini,1,1,case_026,C01,include,ok
gemini,1,1,case_026,C02,exclude,ok
gemini,1,1,case_026,C03,include,ok
gemini,1,1,case_026,C04,include,ok
gemini,1,1,case_026,C05,include,ok
gemini,1,1,case_026,C06,include,ok
gemini,1,1,case_026,C07,include,ok
gemini,1,1,case_026,C08,include,ok
gemini,1,1,case_026,C09,include,ok
gemini,1,1,case_026,C10,include,ok
gemini,1,1,case_027,C01,include,ok
gemini,1,1,case_027,C02,include,ok
gemini,1,1,case_027,C03,exclude,ok
gemini,1,1,case_027,C04,exclude,ok
gemini,1,1,case_027,C05,include,ok
gemini,1,1,case_027,C06,include,ok
gemini,1,1,case_027,C07,include,ok
gemini,1,1,case_027,C08,exclude,ok
gemini,1,1,case_027,C09,include,ok
gemini,1,1,case_027,C10,include,ok
gemini,1,1,case_028,C01,include,ok
gemini,1,1,case_028,C02,include,ok
gemini,1,1,case_028,C03,include,ok
gemini,1,1,case_028,C04,include,ok
gemini,1,1,case_028,C05,include,ok
gemini,1,1,case_028,C06,include,ok
gemini,1,1,case_028,C07,include,ok
gemini,1,1,case_028,C08,include,ok
gemini,1,1,case_028,C09,include,ok
gemini,1,1,case_028,C10,include,ok
gemini,1,1,case_029,C01,exclude,ok
gemini,1,1,case_029,C02,include,ok
gemini,1,1,case_029,C03,include,ok
gemini,1,1,case_029,C04,include,ok
gemini,1,1,case_029,C05,exclude,ok
gemini,1,1,case_029,C06,exclude,ok
gemini,1,1,case_029,C07,exclude,ok
gemini,1,1,case_029,C08,exclude,ok
gemini,1,1,case_029,C09,exclude,ok
gemini,1,1,case_029,C10,exclude,ok
gemini,1,1,case_030,C01,exclude,ok
gemini,1,1,case_030,C02,exclude,ok
gemini,1,1,case_030,C03,exclude,ok
gemini,1,1,case_030,C04,exclude,ok
gemini,1,1,case_030,C05,exclude,ok
gemini,1,1,case_030,C06,exclude,ok
gemini,1,1,case_030,C07,exclude,ok
gemini,1,1,case_030,C08,exclude,ok
gemini,1,1,case_030,C09,exclude,ok
gemini,1,1,case_030,C10,exclude,ok
gemini,1,1,case_031,C01,include,ok
gemini,1,1,case_031,C02,include,ok
gemini,1,1,case_031,C03,include,ok
gemini,1,1,case_031,C04,include,ok
gemini,1,1,case_031,C05,exclude,ok
gemini,1,1,case_031,C06,include,ok
gemini,1,1,case_031,C07,include,ok
gemini,1,1,case_031,C08,include,ok
gemini,1,1,case_031,C09,include,ok
gemini,1,1,case_031,C10,include,ok
gemini,1,1,case_032,C01,include,ok
gemini,1,1,case_032,C02,exclude,ok
gemini,1,1,case_032,C03,exclude,ok
gemini,1,1,case_032,C04,exclude,ok
gemini,1,1,case_032,C05,exclude,ok
gemini,1,1,case_032,C06,exclude,ok
gemini,1,1,case_032,C07,exclude,ok
gemini,1,1,case_032,C08,exclude,ok
gemini,1,1,case_032,C09,exclude,ok
gemini,1,1,case_032,C10,exclude,ok
gemini,1,1,case_033,C01,include,ok
gemini,1,1,case_033,C02,include,ok
gemini,1,1,case_033,C03,include,ok
gemini,1,1,case_033,C04,exclude,ok
gemini,1,1,case_033,C05,include,ok
gemini,1,1,case_033,C06,exclude,ok
gemini,1,1,case_033,C07,exclude,ok
gemini,1,1,case_033,C08,exclude,ok
gemini,1,1,case_033,C09,exclude,ok
gemini,1,1,case_033,C10,exclude,ok
gemini,1,1,case_034,C01,exclude,ok
gemini,1,1,case_034,C02,include,ok
gemini,1,1,case_034,C03,exclude,ok
gemini,1,1,case_034,C04,exclude,ok
gemini,1,1,case_034,C05,exclude,ok
gemini,1,1,case_034,C06,include,ok
gemini,1,1,case_034,C07,exclude,ok
gemini,1,1,case_034,C08,exclude,ok
gemini,1,1,case_034,C09,exclude,ok
gemini,1,1,case_034,C10,include,ok
gemini,1,1,case_035,C01,exclude,ok
gemini,1,1,case_035,C02,exclude,ok
gemini,1,1,case_035,C03,exclude,ok
gemini,1,1,case_035,C04,exclude,ok
gemini,1,1,case_035,C05,exclude,ok
gemini,1,1,case_035,C06,exclude,ok
gemini,1,1,case_035,C07,exclude,ok
gemini,1,1,case_035,C08,exclude,ok
gemini,1,1,case_035,C09,exclude,ok
gemini,1,1,case_035,C10,exclude,ok
gemini,1,1,case_036,C01,exclude,ok
gemini,1,1,case_036,C02,exclude,ok
gemini,1,1,case_036,C03,include,ok
gemini,1,1,case_036,C04,exclude,ok
gemini,1,1,case_036,C05,exclude,ok
gemini,1,1,case_036,C06,exclude,ok
gemini,1,1,case_036,C07,exclude,ok
gemini,1,1,case_036,C08,exclude,ok
gemini,1,1,case_036,C09,include,ok
gemini,1,1,case_036,C10,exclude,ok
gemini,1,1,case_037,C01,exclude,ok
gemini,1,1,case_037,C02,exclude,ok
gemini,1,1,case_037,C03,include,ok
gemini,1,1,case_037,C04,include,ok
gemini,1,1,case_037,C05,include,ok
gemini,1,1,case_037,C06,exclude,ok
gemini,1,1,case_037,C07,include,ok
gemini,1,1,case_037,C08,exclude,ok
gemini,1,1,case_037,C09,include,ok
gemini,1,1,case_037,C10,include,ok
gemini,1,1,case_038,C01,include,ok
gemini,1,1,case_038,C02,include,ok
gemini,1,1,case_038,C03,include,ok
gemini,1,1,case_038,C04,include,ok
gemini,1,1,case_038,C05,exclude,ok
gemini,1,1,case_038,C06,exclude,ok
gemini,1,1,case_038,C07,exclude,ok
gemini,1,1,case_038,C08,include,ok
gemini,1,1,case_038,C09,exclude,ok
gemini,1,1,case_038,C10,exclude,ok
gemini,1,1,case_039,C01,exclude,ok
gemini,1,1,case_039,C02,exclude,ok
gemini,1,1,case_039,C03,exclude,ok
gemini,1,1,case_039,C04,exclude,ok
gemini,1,1,case_039,C05,exclude,ok
gemini,1,1,case_039,C06,exclude,ok
gemini,1,1,case_039,C07,exclude,ok
gemini,1,1,case_039,C08,exclude,ok
gemini,1,1,case_039,C09,exclude,ok
gemini,1,1,case_039,C10,exclude,ok
gemini,1,1,case_040,C01,exclude,ok
gemini,1,1,case_040,C02,include,ok
gemini,1,1,case_040,C03,include,ok
gemini,1,1,case_040,C04,include,ok
gemini,1,1,case_040,C05,include,ok
gemini,1,1,case_040,C06,include,ok
gemini,1,1,case_040,C07,include,ok
gemini,1,1,case_040,C08,include,ok
gemini,1,1,case_040,C09,exclude,ok
gemini,1,1,case_040,C10,include,ok
gemini,1,1,case_041,C01,exclude,ok
gemini,1,1,case_041,C02,exclude,ok
gemini,1,1,case_041,C03,exclude,ok
gemini,1,1,case_041,C04,exclude,ok
gemini,1,1,case_041,C05,exclude,ok
gemini,1,1,case_041,C06,exclude,ok
gemini,1,1,case_041,C07,exclude,ok
gemini,1,1,case_041,C08,exclude,ok
gemini,1,1,case_041,C09,exclude,ok
gemini,1,1,case_041,C10,exclude,ok
gemini,1,1,case_042,C01,exclude,ok
gemini,1,1,case_042,C02,include,ok
gemini,1,1,case_042,C03,include,ok
gemini,1,1,case_042,C04,include,ok
gemini,1,1,case_042,C05,exclude,ok
gemini,1,1,case_042,C06,include,ok
gemini,1,1,case_042,C07,exclude,ok
gemini,1,1,case_042,C08,exclude,ok
gemini,1,1,case_042,C09,include,ok
gemini,1,1,case_042,C10,include,ok
gemini,1,1,case_043,C01,include,ok
gemini,1,1,case_043,C02,include,ok
gemini,1,1,case_043,C03,include,ok
gemini,1,1,case_043,C04,include,ok
gemini,1,1,case_043,C05,exclude,ok
gemini,1,1,case_043,C06,include,ok
gemini,1,1,case_043,C07,exclude,ok
gemini,1,1,case_043,C08,exclude,ok
gemini,1,1,case_043,C09,include,ok
gemini,1,1,case_043,C10,exclude,ok
gemini,1,1,case_044,C01,include,ok
gemini,1,1,case_044,C02,include,ok
gemini,1,1,case_044,C03,include,ok
gemini,1,1,case_044,C04,exclude,ok
gemini,1,1,case_044,C05,include,ok
gemini,1,1,case_044,C06,exclude,ok
gemini,1,1,case_044,C07,exclude,ok
gemini,1,1,case_044,C08,exclude,ok
gemini,1,1,case_044,C09,include,ok
gemini,1,1,case_044,C10,exclude,ok
gemini,1,1,case_045,C01,exclude,ok
gemini,1,1,case_045,C02,exclude,ok
gemini,1,1,case_045,C03,exclude,ok
gemini,1,1,case_045,C04,exclude,ok
gemini,1,1,case_045,C05,exclude,ok
gemini,1,1,case_045,C06,exclude,ok
gemini,1,1,case_045,C07,exclude,ok
gemini,1,1,case_045,C08,exclude,ok
gemini,1,1,case_045,C09,exclude,ok
gemini,1,1,case_045,C10,exclude,ok
gemini,1,1,case_046,C01,include,ok
gemini,1,1,case_046,C02,include,ok
gemini,1,1,case_046,C03,include,ok
gemini,1,1,case_046,C04,include,ok
gemini,1,1,case_046,C05,include,ok
gemini,1,1,case_046,C06,include,ok
gemini,1,1,case_046,C07,include,ok
gemini,1,1,case_046,C08,include,ok
gemini,1,1,case_046,C09,include,ok
gemini,1,1,case_046,C10,include,ok
gemini,1,1,case_047,C01,include,ok
gemini,1,1,case_047,C02,exclude,ok
gemini,1,1,case_047,C03,exclude,ok
gemini,1,1,case_047,C04,exclude,ok
gemini,1,1,case_047,C05,exclude,ok
gemini,1,1,case_047,C06,exclude,ok
gemini,1,1,case_047,C07,include,ok
gemini,1,1,case_047,C08,exclude,ok
gemini,1,1,case_047,C09,exclude,ok
gemini,1,1,case_047,C10,exclude,ok
gemini,1,1,case_048,C01,exclude,ok
gemini,1,1,case_048,C02,include,ok
gemini,1,1,case_048,C03,exclude,ok
gemini,1,1,case_048,C04,include,ok
gemini,1,1,case_048,C05,include,ok
gemini,1,1,case_048,C06,include,ok
gemini,1,1,case_048,C07,exclude,ok
gemini,1,1,case_048,C08,include,ok
gemini,1,1,case_048,C09,include,ok
gemini,1,1,case_048,C10,include,ok
gemini,1,1,case_049,C01,include,ok
gemini,1,1,case_049,C02,exclude,ok
gemini,1,1,case_049,C03,include,ok
gemini,1,1,case_049,C04,include,ok
gemini,1,1,case_049,C05,include,ok
gemini,1,1,case_049,C06,include,ok
gemini,1,1,case_049,C07,include,ok
gemini,1,1,case_049,C08,exclude,ok
gemini,1,1,case_049,C09,include,ok
gemini,1,1,case_049,C10,include,ok
gemini,1,1,case_050,C01,include,ok
gemini,1,1,case_050,C02,exclude,ok
gemini,1,1,case_050,C03,exclude,ok
gemini,1,1,case_050,C04,exclude,ok
gemini,1,1,case_050,C05,exclude,ok
gemini,1,1,case_050,C06,exclude,ok
gemini,1,1,case_050,C07,exclude,ok
gemini,1,1,case_050,C08,exclude,ok
gemini,1,1,case_050,C09,exclude,ok
gemini,1,1,case_050,C10,exclude,ok
gemini,1,1,case_051,C01,exclude,ok
gemini,1,1,case_051,C02,include,ok
gemini,1,1,case_051,C03,exclude,ok
gemini,1,1,case_051,C04,exclude,ok
gemini,1,1,case_051,C05,include,ok
gemini,1,1,case_051,C06,exclude,ok
gemini,1,1,case_051,C07,exclude,ok
gemini,1,1,case_051,C08,exclude,ok
gemini,1,1,case_051,C09,exclude,ok
gemini,1,1,case_051,C10,exclude,ok
gemini,1,1,case_052,C01,exclude,ok
gemini,1,1,case_052,C02,exclude,ok
gemini,1,1,case_052,C03,exclude,ok
gemini,1,1,case_052,C04,exclude,ok
gemini,1,1,case_052,C05,exclude,ok
gemini,1,1,case_052,C06,exclude,ok
gemini,1,1,case_052,C07,exclude,ok
gemini,1,1,case_052,C08,exclude,ok
gemini,1,1,case_052,C09,exclude,ok
gemini,1,1,case_052,C10,exclude,ok
gemini,1,1,case_053,C01,exclude,ok
gemini,1,1,case_053,C02,include,ok
gemini,1,1,case_053,C03,exclude,ok
gemini,1,1,case_053,C04,include,ok
gemini,1,1,case_053,C05,exclude,ok
gemini,1,1,case_053,C06,exclude,ok
gemini,1,1,case_053,C07,exclude,ok
gemini,1,1,case_053,C08,include,ok
gemini,1,1,case_053,C09,include,ok
gemini,1,1,case_053,C10,include,ok
gemini,1,1,case_054,C01,exclude,ok
gemini,1,1,case_054,C02,exclude,ok
gemini,1,1,case_054,C03,exclude,ok
gemini,1,1,case_054,C04,exclude,ok
gemini,1,1,case_054,C05,include,ok
gemini,1,1,case_054,C06,exclude,ok
gemini,1,1,case_054,C07,exclude,ok
gemini,1,1,case_054,C08,exclude,ok
gemini,1,1,case_054,C09,exclude,ok
gemini,1,1,case_054,C10,exclude,ok
gemini,1,1,case_055,C01,exclude,ok
gemini,1,1,case_055,C02,exclude,ok
gemini,1,1,case_055,C03,exclude,ok
gemini,1,1,case_055,C04,exclude,ok
gemini,1,1,case_055,C05,exclude,ok
gemini,1,1,case_055,C06,exclude,ok
gemini,1,1,case_055,C07,exclude,ok
gemini,1,1,case_055,C08,exclude,ok
gemini,1,1,case_055,C09,exclude,ok
gemini,1,1,case_055,C10,exclude,ok
gemini,1,1,case_056,C01,exclude,ok
gemini,1,1,case_056,C02,exclude,ok
gemini,1,1,case_056,C03,exclude,ok
gemini,1,1,case_056,C04,exclude,ok
gemini,1,1,case_056,C05,exclude,ok
gemini,1,1,case_056,C06,exclude,ok
gemini,1,1,case_056,C07,exclude,ok
gemini,1,1,case_056,C08,exclude,ok
gemini,1,1,case_056,C09,exclude,ok
gemini,1,1,case_056,C10,exclude,ok
gemini,1,1,case_057,C01,exclude,ok
gemini,1,1,case_057,C02,exclude,ok
gemini,1,1,case_057,C03,exclude,ok
gemini,1,1,case_057,C04,include,ok
gemini,1,1,case_057,C05,exclude,ok
gemini,1,1,case_057,C06,include,ok
gemini,1,1,case_057,C07,include,ok
gemini,1,1,case_057,C08,exclude,ok
gemini,1,1,case_057,C09,exclude,ok
gemini,1,1,case_057,C10,exclude,ok
gemini,1,1,case_058,C01,include,ok
gemini,1,1,case_058,C02,exclude,ok
gemini,1,1,case_058,C03,include,ok
gemini,1,1,case_058,C04,include,ok
gemini,1,1,case_058,C05,include,ok
gemini,1,1,case_058,C06,exclude,ok
gemini,1,1,case_058,C07,include,ok
gemini,1,1,case_058,C08,exclude,ok
gemini,1,1,case_058,C09,exclude,ok
gemini,1,1,case_058,C10,include,ok
gemini,1,1,case_059,C01,include,ok
gemini,1,1,case_059,C02,include,ok
gemini,1,1,case_059,C03,include,ok
gemini,1,1,case_059,C04,include,ok
gemini,1,1,case_059,C05,include,ok
gemini,1,1,case_059,C06,include,ok
gemini,1,1,case_059,C07,exclude,ok
gemini,1,1,case_059,C08,exclude,ok
gemini,1,1,case_059,C09,exclude,ok
gemini,1,1,case_059,C10,exclude,ok
gemini,1,1,case_060,C01,include,ok
gemini,1,1,case_060,C02,include,ok
gemini,1,1,case_060,C03,exclude,ok
gemini,1,1,case_060,C04,exclude,ok
gemini,1,1,case_060,C05,exclude,ok
gemini,1,1,case_060,C06,exclude,ok
gemini,1,1,case_060,C07,exclude,ok
gemini,1,1,case_060,C08,exclude,ok
gemini,1,1,case_060,C09,exclude,ok
gemini,1,1,case_060,C10,exclude,ok
gemini,1,1,case_061,C01,exclude,ok
gemini,1,1,case_061,C02,include,ok
gemini,1,1,case_061,C03,include,ok
gemini,1,1,case_061,C04,include,ok
gemini,1,1,case_061,C05,include,ok
gemini,1,1,case_061,C06,include,ok
gemini,1,1,case_061,C07,include,ok
gemini,1,1,case_061,C08,include,ok
gemini,1,1,case_061,C09,include,ok
gemini,1,1,case_061,C10,include,ok
gemini,1,1,case_062,C01,include,ok
gemini,1,1,case_062,C02,include,ok
gemini,1,1,case_062,C03,exclude,ok
gemini,1,1,case_062,C04,exclude,ok
gemini,1,1,case_062,C05,include,ok
gemini,1,1,case_062,C06,include,ok
gemini,1,1,case_062,C07,exclude,ok
gemini,1,1,case_062,C08,exclude,ok
gemini,1,1,case_062,C09,exclude,ok
gemini,1,1,case_062,C10,include,ok
gemini,1,1,case_063,C01,exclude,ok
gemini,1,1,case_063,C02,exclude,ok
gemini,1,1,case_063,C03,exclude,ok
gemini,1,1,case_063,C04,exclude,ok
gemini,1,1,case_063,C05,include,ok
gemini,1,1,case_063,C06,exclude,ok
gemini,1,1,case_063,C07,exclude,ok
gemini,1,1,case_063,C08,exclude,ok
gemini,1,1,case_063,C09,exclude,ok
gemini,1,1,case_063,C10,exclude,ok
gemini,1,1,case_064,C01,exclude,ok
gemini,1,1,case_064,C02,exclude,ok
gemini,1,1,case_064,C03,exclude,ok
gemini,1,1,case_064,C04,exclude,ok
gemini,1,1,case_064,C05,exclude,ok
gemini,1,1,case_064,C06,exclude,ok
gemini,1,1,case_064,C07,exclude,ok
gemini,1,1,case_064,C08,include,ok
gemini,1,1,case_064,C09,exclude,ok
gemini,1,1,case_064,C10,exclude,ok
gemini,1,1,case_065,C01,exclude,ok
gemini,1,1,case_065,C02,exclude,ok
gemini,1,1,case_065,C03,exclude,ok
gemini,1,1,case_065,C04,include,ok
gemini,1,1,case_065,C05,exclude,ok
gemini,1,1,case_065,C06,exclude,ok
gemini,1,1,case_065,C07,exclude,ok
gemini,1,1,case_065,C08,exclude,ok
gemini,1,1,case_065,C09,include,ok
gemini,1,1,case_065,C10,exclude,ok
gemini,1,1,case_066,C01,exclude,ok
gemini,1,1,case_066,C02,exclude,ok
gemini,1,1,case_066,C03,exclude,ok
gemini,1,1,case_066,C04,exclude,ok
gemini,1,1,case_066,C05,exclude,ok
gemini,1,1,case_066,C06,exclude,ok
gemini,1,1,case_066,C07,exclude,ok
gemini,1,1,case_066,C08,exclude,ok
gemini,1,1,case_066,C09,exclude,ok
gemini,1,1,case_066,C10,exclude,ok
gemini,1,1,case_067,C01,exclude,ok
gemini,1,1,case_067,C02,include,ok
gemini,1,1,case_067,C03,include,ok
gemini,1,1,case_067,C04,exclude,ok
gemini,1,1,case_067,C05,include,ok
gemini,1,1,case_067,C06,exclude,ok
gemini,1,1,case_067,C07,include,ok
gemini,1,1,case_067,C08,include,ok
gemini,1,1,case_067,C09,include,ok
gemini,1,1,case_067,C10,exclude,ok
gemini,1,1,case_068,C01,include,ok
gemini,1,1,case_068,C02,exclude,ok
gemini,1,1,case_068,C03,exclude,ok
gemini,1,1,case_068,C04,exclude,ok
gemini,1,1,case_068,C05,exclude,ok
gemini,1,1,case_068,C06,exclude,ok
gemini,1,1,case_068,C07,exclude,ok
gemini,1,1,case_068,C08,exclude,ok
gemini,1,1,case_068,C09,exclude,ok
gemini,1,1,case_068,C10,exclude,ok
gemini,1,1,case_069,C01,include,ok
gemini,1,1,case_069,C02,include,ok
gemini,1,1,case_069,C03,include,ok
gemini,1,1,case_069,C04,include,ok
gemini,1,1,case_069,C05,exclude,ok
gemini,1,1,case_069,C06,include,ok
gemini,1,1,case_069,C07,exclude,ok
gemini,1,1,case_069,C08,exclude,ok
gemini,1,1,case_069,C09,exclude,ok
gemini,1,1,case_069,C10,exclude,ok
gemini,1,1,case_070,C01,exclude,ok
gemini,1,1,case_070,C02,exclude,ok
gemini,1,1,case_070,C03,exclude,ok
gemini,1,1,case_070,C04,exclude,ok
gemini,1,1,case_070,C05,include,ok
gemini,1,1,case_070,C06,include,ok
gemini,1,1,case_070,C07,exclude,ok
gemini,1,1,case_070,C08,exclude,ok
gemini,1,1,case_070,C09,exclude,ok
gemini,1,1,case_070,C10,exclude,ok
gemini,1,1,case_071,C01,exclude,ok
gemini,1,1,case_071,C02,exclude,ok
gemini,1,1,case_071,C03,exclude,ok
gemini,1,1,case_071,C04,exclude,ok
gemini,1,1,case_071,C05,exclude,ok
gemini,1,1,case_071,C06,exclude,ok
gemini,1,1,case_071,C07,exclude,ok
gemini,1,1,case_071,C08,exclude,ok
gemini,1,1,case_071,C09,exclude,ok
gemini,1,1,case_071,C10,exclude,ok
gemini,1,1,case_072,C01,exclude,ok
gemini,1,1,case_072,C02,exclude,ok
gemini,1,1,case_072,C03,exclude,ok
gemini,1,1,case_072,C04,include,ok
gemini,1,1,case_072,C05,include,ok
gemini,1,1,case_072,C06,include,ok
gemini,1,1,case_072,C07,exclude,ok
gemini,1,1,case_072,C08,exclude,ok
gemini,1,1,case_072,C09,include,ok
gemini,1,1,case_072,C10,exclude,ok
gemini,1,1,case_073,C01,include,ok
gemini,1,1,case_073,C02,include,ok
gemini,1,1,case_073,C03,include,ok
gemini,1,1,case_073,C04,include,ok
gemini,1,1,case_073,C05,include,ok
gemini,1,1,case_073,C06,exclude,ok
gemini,1,1,case_073,C07,include,ok
gemini,1,1,case_073,C08,exclude,ok
gemini,1,1,case_073,C09,exclude,ok
gemini,1,1,case_073,C10,include,ok
gemini,1,1,case_074,C01,exclude,ok
gemini,1,1,case_074,C02,exclude,ok
gemini,1,1,case_074,C03,exclude,ok
gemini,1,1,case_074,C04,exclude,ok
gemini,1,1,case_074,C05,exclude,ok
gemini,1,1,case_074,C06,exclude,ok
gemini,1,1,case_074,C07,exclude,ok
gemini,1,1,case_074,C08,exclude,ok
gemini,1,1,case_074,C09,exclude,ok
gemini,1,1,case_074,C10,exclude,ok
gemini,1,1,case_075,C01,exclude,ok
gemini,1,1,case_075,C02,exclude,ok
gemini,1,1,case_075,C03,exclude,ok
gemini,1,1,case_075,C04,exclude,ok
gemini,1,1,case_075,C05,exclude,ok
gemini,1,1,case_075,C06,exclude,ok
gemini,1,1,case_075,C07,exclude,ok
gemini,1,1,case_075,C08,include,ok
gemini,1,1,case_075,C09,include,ok
gemini,1,1,case_075,C10,exclude,ok
gemini,1,1,case_076,C01,exclude,ok
gemini,1,1,case_076,C02,exclude,ok
gemini,1,1,case_076,C03,exclude,ok
gemini,1,1,case_076,C04,exclude,ok
gemini,1,1,case_076,C05,exclude,ok
gemini,1,1,case_076,C06,exclude,ok
gemini,1,1,case_076,C07,exclude,ok
gemini,1,1,case_076,C08,exclude,ok
gemini,1,1,case_076,C09,exclude,ok
gemini,1,1,case_076,C10,exclude,ok
gemini,1,1,case_077,C01,exclude,ok
gemini,1,1,case_077,C02,exclude,ok
gemini,1,1,case_077,C03,exclude,ok
gemini,1,1,case_077,C04,exclude,ok
gemini,1,1,case_077,C05,exclude,ok
gemini,1,1,case_077,C06,exclude,ok
gemini,1,1,case_077,C07,exclude,ok
gemini,1,1,case_077,C08,exclude,ok
gemini,1,1,case_077,C09,include,ok
gemini,1,1,case_077,C10,include,ok
gemini,1,1,case_078,C01,include,ok
gemini,1,1,case_078,C02,exclude,ok
gemini,1,1,case_078,C03,include,ok
gemini,1,1,case_078,C04,include,ok
gemini,1,1,case_078,C05,include,ok
gemini,1,1,case_078,C06,include,ok
gemini,1,1,case_078,C07,include,ok
gemini,1,1,case_078,C08,include,ok
gemini,1,1,case_078,C09,include,ok
gemini,1,1,case_078,C10,exclude,ok
gemini,1,1,case_079,C01,exclude,ok
gemini,1,1,case_079,C02,include,ok
gemini,1,1,case_079,C03,include,ok
gemini,1,1,case_079,C04,exclude,ok
gemini,1,1,case_079,C05,exclude,ok
gemini,1,1,case_079,C06,include,ok
gemini,1,1,case_079,C07,exclude,ok
gemini,1,1,case_079,C08,exclude,ok
gemini,1,1,case_079,C09,exclude,ok
gemini,1,1,case_079,C10,exclude,ok
gemini,1,1,case_080,C01,include,ok
gemini,1,1,case_080,C02,exclude,ok
gemini,1,1,case_080,C03,exclude,ok
gemini,1,1,case_080,C04,exclude,ok
gemini,1,1,case_080,C05,exclude,ok
gemini,1,1,case_080,C06,exclude,ok
gemini,1,1,case_080,C07,exclude,ok
gemini,1,1,case_080,C08,exclude,ok
gemini,1,1,case_080,C09,exclude,ok
gemini,1,1,case_080,C10,exclude,ok
gemini,1,1,case_081,C01,exclude,ok
gemini,1,1,case_081,C02,include,ok
gemini,1,1,case_081,C03,exclude,ok
gemini,1,1,case_081,C04,exclude,ok
gemini,1,1,case_081,C05,exclude,ok
gemini,1,1,case_081,C06,include,ok
gemini,1,1,case_081,C07,exclude,ok
gemini,1,1,case_081,C08,exclude,ok
gemini,1,1,case_081,C09,exclude,ok
gemini,1,1,case_081,C10,exclude,ok
gemini,1,1,case_082,C01,include,ok
gemini,1,1,case_082,C02,include,ok
gemini,1,1,case_082,C03,include,ok
gemini,1,1,case_082,C04,include,ok
gemini,1,1,case_082,C05,include,ok
gemini,1,1,case_082,C06,include,ok
gemini,1,1,case_082,C07,include,ok
gemini,1,1,case_082,C08,include,ok
gemini,1,1,case_082,C09,include,ok
gemini,1,1,case_082,C10,include,ok
gemini,1,1,case_083,C01,exclude,ok
gemini,1,1,case_083,C02,exclude,ok
gemini,1,1,case_083,C03,exclude,ok
gemini,1,1,case_083,C04,exclude,ok
gemini,1,1,case_083,C05,exclude,ok
gemini,1,1,case_083,C06,exclude,ok
gemini,1,1,case_083,C07,exclude,ok
gemini,1,1,case_083,C08,include,ok
gemini,1,1,case_083,C09,include,ok
gemini,1,1,case_083,C10,exclude,ok
gemini,1,1,case_084,C01,exclude,ok
gemini,1,1,case_084,C02,exclude,ok
gemini,1,1,case_084,C03,exclude,ok
gemini,1,1,case_084,C04,exclude,ok
gemini,1,1,case_084,C05,exclude,ok
gemini,1,1,case_084,C06,exclude,ok
gemini,1,1,case_084,C07,exclude,ok
gemini,1,1,case_084,C08,exclude,ok
gemini,1,1,case_084,C09,exclude,ok
gemini,1,1,case_084,C10,exclude,ok
gemini,1,1,case_085,C01,exclude,ok
gemini,1,1,case_085,C02,exclude,ok
gemini,1,1,case_085,C03,exclude,ok
gemini,1,1,case_085,C04,exclude,ok
gemini,1,1,case_085,C05,exclude,ok
gemini,1,1,case_085,C06,exclude,ok
gemini,1,1,case_085,C07,exclude,ok
gemini,1,1,case_085,C08,exclude,ok
gemini,1,1,case_085,C09,exclude,ok
gemini,1,1,case_085,C10,exclude,ok
gemini,1,1,case_086,C01,exclude,ok
gemini,1,1,case_086,C02,exclude,ok
gemini,1,1,case_086,C03,exclude,ok
gemini,1,1,case_086,C04,exclude,ok
gemini,1,1,case_086,C05,include,ok
gemini,1,1,case_086,C06,exclude,ok
gemini,1,1,case_086,C07,exclude,ok
gemini,1,1,case_086,C08,exclude,ok
gemini,1,1,case_086,C09,exclude,ok
gemini,1,1,case_086,C10,exclude,ok
gemini,1,1,case_087,C01,include,ok
gemini,1,1,case_087,C02,include,ok
gemini,1,1,case_087,C03,exclude,ok
gemini,1,1,case_087,C04,exclude,ok
gemini,1,1,case_087,C05,include,ok
gemini,1,1,case_087,C06,include,ok
gemini,1,1,case_087,C07,include,ok
gemini,1,1,case_087,C08,exclude,ok
gemini,1,1,case_087,C09,include,ok
gemini,1,1,case_087,C10,exclude,ok
gemini,1,1,case_088,C01,exclude,ok
gemini,1,1,case_088,C02,exclude,ok
gemini,1,1,case_088,C03,exclude,ok
gemini,1,1,case_088,C04,exclude,ok
gemini,1,1,case_088,C05,exclude,ok
gemini,1,1,case_088,C06,exclude,ok
gemini,1,1,case_088,C07,exclude,ok
gemini,1,1,case_088,C08,exclude,ok
gemini,1,1,case_088,C09,exclude,ok
gemini,1,1,case_088,C10,exclude,ok
gemini,1,1,case_089,C01,include,ok
gemini,1,1,case_089,C02,exclude,ok
gemini,1,1,case_089,C03,include,ok
gemini,1,1,case_089,C04,exclude,ok
gemini,1,1,case_089,C05,include,ok
gemini,1,1,case_089,C06,exclude,ok
gemini,1,1,case_089,C07,exclude,ok
gemini,1,1,case_089,C08,exclude,ok
gemini,1,1,case_089,C09,include,ok
gemini,1,1,case_089,C10,exclude,ok
gemini,1,1,case_090,C01,include,ok
gemini,1,1,case_090,C02,include,ok
gemini,1,1,case_090,C03,include,ok
gemini,1,1,case_090,C04,include,ok
gemini,1,1,case_090,C05,exclude,ok
gemini,1,1,case_090,C06,exclude,ok
gemini,1,1,case_090,C07,include,ok
gemini,1,1,case_090,C08,exclude,ok
gemini,1,1,case_090,C09,exclude,ok
gemini,1,1,case_090,C10,exclude,ok
gemini,1,1,case_091,C01,exclude,ok
gemini,1,1,case_091,C02,exclude,ok
gemini,1,1,case_091,C03,exclude,ok
gemini,1,1,case_091,C04,exclude,ok
gemini,1,1,case_091,C05,exclude,ok
gemini,1,1,case_091,C06,exclude,ok
gemini,1,1,case_091,C07,exclude,ok
gemini,1,1,case_091,C08,exclude,ok
gemini,1,1,case_091,C09,exclude,ok
gemini,1,1,case_091,C10,exclude,ok
gemini,1,1,case_092,C01,exclude,ok
gemini,1,1,case_092,C02,exclude,ok
gemini,1,1,case_092,C03,include,ok
gemini,1,1,case_092,C04,include,ok
gemini,1,1,case_092,C05,include,ok
gemini,1,1,case_092,C06,exclude,ok
gemini,1,1,case_092,C07,exclude,ok
gemini,1,1,case_092,C08,exclude,ok
gemini,1,1,case_092,C09,include,ok
gemini,1,1,case_092,C10,include,ok
gemini,1,1,case_093,C01,include,ok
gemini,1,1,case_093,C02,exclude,ok
gemini,1,1,case_093,C03,exclude,ok
gemini,1,1,case_093,C04,include,ok
gemini,1,1,case_093,C05,include,ok
gemini,1,1,case_093,C06,exclude,ok
gemini,1,1,case_093,C07,exclude,ok
gemini,1,1,case_093,C08,exclude,ok
gemini,1,1,case_093,C09,exclude,ok
gemini,1,1,case_093,C10,exclude,ok
gemini,1,1,case_094,C01,exclude,ok
gemini,1,1,case_094,C02,exclude,ok
gemini,1,1,case_094,C03,exclude,ok
gemini,1,1,case_094,C04,exclude,ok
gemini,1,1,case_094,C05,exclude,ok
gemini,1,1,case_094,C06,exclude,ok
gemini,1,1,case_094,C07,exclude,ok
gemini,1,1,case_094,C08,exclude,ok
gemini,1,1,case_094,C09,exclude,ok
gemini,1,1,case_094,C10,exclude,ok
gemini,1,1,case_095,C01,exclude,ok
gemini,1,1,case_095,C02,exclude,ok
gemini,1,1,case_095,C03,exclude,ok
gemini,1,1,case_095,C04,exclude,ok
gemini,1,1,case_095,C05,exclude,ok
gemini,1,1,case_095,C06,exclude,ok
gemini,1,1,case_095,C07,exclude,ok
gemini,1,1,case_095,C08,exclude,ok
gemini,1,1,case_095,C09,exclude,ok
gemini,1,1,case_095,C10,exclude,ok
gemini,1,1,case_096,C01,include,ok
gemini,1,1,case_096,C02,exclude,ok
gemini,1,1,case_096,C03,exclude,ok
gemini,1,1,case_096,C04,exclude,ok
gemini,1,1,case_096,C05,exclude,ok
gemini,1,1,case_096,C06,include,ok
gemini,1,1,case_096,C07,exclude,ok
gemini,1,1,case_096,C08,include,ok
gemini,1,1,case_096,C09,exclude,ok
gemini,1,1,case_096,C10,exclude,ok
gemini,1,1,case_097,C01,exclude,ok
gemini,1,1,case_097,C02,exclude,ok
gemini,1,1,case_097,C03,exclude,ok
gemini,1,1,case_097,C04,exclude,ok
gemini,1,1,case_097,C05,exclude,ok
gemini,1,1,case_097,C06,exclude,ok
gemini,1,1,case_097,C07,include,ok
gemini,1,1,case_097,C08,exclude,ok
gemini,1,1,case_097,C09,exclude,ok
gemini,1,1,case_097,C10,exclude,ok
gemini,1,1,case_098,C01,include,ok
gemini,1,1,case_098,C02,include,ok
gemini,1,1,case_098,C03,include,ok
gemini,1,1,case_098,C04,include,ok
gemini,1,1,case_098,C05,include,ok
gemini,1,1,case_098,C06,include,ok
gemini,1,1,case_098,C07,include,ok
gemini,1,1,case_098,C08,include,ok
gemini,1,1,case_098,C09,exclude,ok
gemini,1,1,case_098,C10,include,ok
gemini,1,1,case_099,C01,include,ok
gemini,1,1,case_099,C02,include,ok
gemini,1,1,case_099,C03,include,ok
gemini,1,1,case_099,C04,include,ok
gemini,1,1,case_099,C05,include,ok
gemini,1,1,case_099,C06,include,ok
gemini,1,1,case_099,C07,include,ok
gemini,1,1,case_099,C08,include,ok
gemini,1,1,case_099,C09,include,ok
gemini,1,1,case_099,C10,include,ok
gemini,1,1,case_100,C01,exclude,ok
gemini,1,1,case_100,C02,exclude,ok
gemini,1,1,case_100,C03,exclude,ok
gemini,1,1,case_100,C04,include,ok
gemini,1,1,case_100,C05,include,ok
gemini,1,1,case_100,C06,exclude,ok
gemini,1,1,case_100,C07,exclude,ok
gemini,1,1,case_100,C08,exclude,ok
gemini,1,1,case_100,C09,exclude,ok
gemini,1,1,case_100,C10,exclude,ok
gemini,2,2,case_001,C01,include,ok
gemini,2,2,case_001,C02,include,ok
gemini,2,2,case_001,C03,include,ok
gemini,2,2,case_001,C04,include,ok
gemini,2,2,case_001,C05,include,ok
gemini,2,2,case_001,C06,include,ok
gemini,2,2,case_001,C07,include,ok
gemini,2,2,case_001,C08,include,ok
gemini,2,2,case_001,C09,include,ok
gemini,2,2,case_001,C10,include,ok
gemini,2,2,case_002,C01,exclude,ok
gemini,2,2,case_002,C02,exclude,ok
gemini,2,2,case_002,C03,exclude,ok
gemini,2,2,case_002,C04,exclude,ok
gemini,2,2,case_002,C05,exclude,ok
gemini,2,2,case_002,C06,exclude,ok
gemini,2,2,case_002,C07,exclude,ok
gemini,2,2,case_002,C08,exclude,ok
gemini,2,2,case_002,C09,exclude,ok
gemini,2,2,case_002,C10,exclude,ok
gemini,2,2,case_003,C01,exclude,ok
gemini,2,2,case_003,C02,exclude,ok
gemini,2,2,case_003,C03,exclude,ok
gemini,2,2,case_003,C04,exclude,ok
gemini,2,2,case_003,C05,exclude,ok
gemini,2,2,case_003,C06,exclude,ok
gemini,2,2,case_003,C07,exclude,ok
gemini,2,2,case_003,C08,exclude,ok
gemini,2,2,case_003,C09,exclude,ok
gemini,2,2,case_003,C10,exclude,ok
gemini,2,2,case_004,C01,include,ok
gemini,2,2,case_004,C02,exclude,ok
gemini,2,2,case_004,C03,exclude,ok
gemini,2,2,case_004,C04,exclude,ok
gemini,2,2,case_004,C05,exclude,ok
gemini,2,2,case_004,C06,exclude,ok
gemini,2,2,case_004,C07,exclude,ok
gemini,2,2,case_004,C08,exclude,ok
gemini,2,2,case_004,C09,exclude,ok
gemini,2,2,case_004,C10,exclude,ok
gemini,2,2,case_005,C01,exclude,ok
gemini,2,2,case_005,C02,exclude,ok
gemini,2,2,case_005,C03,exclude,ok
gemini,2,2,case_005,C04,exclude,ok
gemini,2,2,case_005,C05,exclude,ok
gemini,2,2,case_005,C06,exclude,ok
gemini,2,2,case_005,C07,exclude,ok
gemini,2,2,case_005,C08,exclude,ok
gemini,2,2,case_005,C09,exclude,ok
gemini,2,2,case_005,C10,exclude,ok
gemini,2,2,case_006,C01,exclude,ok
gemini,2,2,case_006,C02,exclude,ok
gemini,2,2,case_006,C03,exclude,ok
gemini,2,2,case_006,C04,exclude,ok
gemini,2,2,case_006,C05,exclude,ok
gemini,2,2,case_006,C06,exclude,ok
gemini,2,2,case_006,C07,exclude,ok
gemini,2,2,case_006,C08,exclude,ok
gemini,2,2,case_006,C09,exclude,ok
gemini,2,2,case_006,C10,exclude,ok
gemini,2,2,case_007,C01,include,ok
gemini,2,2,case_007,C02,exclude,ok
gemini,2,2,case_007,C03,include,ok
gemini,2,2,case_007,C04,exclude,ok
gemini,2,2,case_007,C05,include,ok
gemini,2,2,case_007,C06,include,ok
gemini,2,2,case_007,C07,include,ok
gemini,2,2,case_007,C08,exclude,ok
gemini,2,2,case_007,C09,exclude,ok
gemini,2,2,case_007,C10,exclude,ok
gemini,2,2,case_008,C01,exclude,ok
gemini,2,2,case_008,C02,exclude,ok
gemini,2,2,case_008,C03,exclude,ok
gemini,2,2,case_008,C04,exclude,ok
gemini,2,2,case_008,C05,include,ok
gemini,2,2,case_008,C06,include,ok
gemini,2,2,case_008,C07,include,ok
gemini,2,2,case_008,C08,include,ok
gemini,2,2,case_008,C09,include,ok
gemini,2,2,case_008,C10,include,ok
gemini,2,2,case_009,C01,include,ok
gemini,2,2,case_009,C02,exclude,ok
gemini,2,2,case_009,C03,include,ok
gemini,2,2,case_009,C04,exclude,ok
gemini,2,2,case_009,C05,exclude,ok
gemini,2,2,case_009,C06,exclude,ok
gemini,2,2,case_009,C07,exclude,ok
gemini,2,2,case_009,C08,exclude,ok
gemini,2,2,case_009,C09,exclude,ok
gemini,2,2,case_009,C10,exclude,ok
gemini,2,2,case_010,C01,include,ok
gemini,2,2,case_010,C02,include,ok
gemini,2,2,case_010,C03,include,ok
gemini,2,2,case_010,C04,include,ok
gemini,2,2,case_010,C05,include,ok
gemini,2,2,case_010,C06,include,ok
gemini,2,2,case_010,C07,include,ok
gemini,2,2,case_010,C08,include,ok
gemini,2,2,case_010,C09,include,ok
gemini,2,2,case_010,C10,include,ok
gemini,2,2,case_011,C01,exclude,ok
gemini,2,2,case_011,C02,exclude,ok
gemini,2,2,case_011,C03,exclude,ok
gemini,2,2,case_011,C04,include,ok
gemini,2,2,case_011,C05,include,ok
gemini,2,2,case_011,C06,exclude,ok
gemini,2,2,case_011,C07,include,ok
gemini,2,2,case_011,C08,exclude,ok
gemini,2,2,case_011,C09,exclude,ok
gemini,2,2,case_011,C10,exclude,ok
gemini,2,2,case_012,C01,include,ok
gemini,2,2,case_012,C02,include,ok
gemini,2,2,case_012,C03,exclude,ok
gemini,2,2,case_012,C04,exclude,ok
gemini,2,2,case_012,C05,exclude,ok
gemini,2,2,case_012,C06,exclude,ok
gemini,2,2,case_012,C07,exclude,ok
gemini,2,2,case_012,C08,exclude,ok
gemini,2,2,case_012,C09,exclude,ok
gemini,2,2,case_012,C10,exclude,ok
gemini,2,2,case_013,C01,exclude,ok
gemini,2,2,case_013,C02,exclude,ok
gemini,2,2,case_013,C03,exclude,ok
gemini,2,2,case_013,C04,exclude,ok
gemini,2,2,case_013,C05,exclude,ok
gemini,2,2,case_013,C06,exclude,ok
gemini,2,2,case_013,C07,exclude,ok
gemini,2,2,case_013,C08,exclude,ok
gemini,2,2,case_013,C09,exclude,ok
gemini,2,2,case_013,C10,exclude,ok
gemini,2,2,case_014,C01,include,ok
gemini,2,2,case_014,C02,exclude,ok
gemini,2,2,case_014,C03,exclude,ok
gemini,2,2,case_014,C04,include,ok
gemini,2,2,case_014,C05,exclude,ok
gemini,2,2,case_014,C06,exclude,ok
gemini,2,2,case_014,C07,include,ok
gemini,2,2,case_014,C08,include,ok
gemini,2,2,case_014,C09,exclude,ok
gemini,2,2,case_014,C10,exclude,ok
gemini,2,2,case_015,C01,exclude,ok
gemini,2,2,case_015,C02,exclude,ok
gemini,2,2,case_015,C03,exclude,ok
gemini,2,2,case_015,C04,exclude,ok
gemini,2,2,case_015,C05,exclude,ok
gemini,2,2,case_015,C06,exclude,ok
gemini,2,2,case_015,C07,exclude,ok
gemini,2,2,case_015,C08,exclude,ok
gemini,2,2,case_015,C09,exclude,ok
gemini,2,2,case_015,C10,exclude,ok
gemini,2,2,case_016,C01,include,ok
gemini,2,2,case_016,C02,include,ok
gemini,2,2,case_016,C03,include,ok
gemini,2,2,case_016,C04,include,ok
gemini,2,2,case_016,C05,include,ok
gemini,2,2,case_016,C06,exclude,ok
gemini,2,2,case_016,C07,include,ok
gemini,2,2,case_016,C08,exclude,ok
gemini,2,2,case_016,C09,exclude,ok
gemini,2,2,case_016,C10,exclude,ok
gemini,2,2,case_017,C01,exclude,ok
gemini,2,2,case_017,C02,exclude,ok
gemini,2,2,case_017,C03,exclude,ok
gemini,2,2,case_017,C04,exclude,ok
gemini,2,2,case_017,C05,exclude,ok
gemini,2,2,case_017,C06,exclude,ok
gemini,2,2,case_017,C07,exclude,ok
gemini,2,2,case_017,C08,exclude,ok
gemini,2,2,case_017,C09,exclude,ok
gemini,2,2,case_017,C10,exclude,ok
gemini,2,2,case_018,C01,exclude,ok
gemini,2,2,case_018,C02,exclude,ok
gemini,2,2,case_018,C03,exclude,ok
gemini,2,2,case_018,C04,exclude,ok
gemini,2,2,case_018,C05,exclude,ok
gemini,2,2,case_018,C06,exclude,ok
gemini,2,2,case_018,C07,exclude,ok
gemini,2,2,case_018,C08,exclude,ok
gemini,2,2,case_018,C09,exclude,ok
gemini,2,2,case_018,C10,exclude,ok
gemini,2,2,case_019,C01,exclude,ok
gemini,2,2,case_019,C02,exclude,ok
gemini,2,2,case_019,C03,exclude,ok
gemini,2,2,case_019,C04,exclude,ok
gemini,2,2,case_019,C05,exclude,ok
gemini,2,2,case_019,C06,include,ok
gemini,2,2,case_019,C07,include,ok
gemini,2,2,case_019,C08,exclude,ok
gemini,2,2,case_019,C09,exclude,ok
gemini,2,2,case_019,C10,exclude,ok
gemini,2,2,case_020,C01,exclude,ok
gemini,2,2,case_020,C02,exclude,ok
gemini,2,2,case_020,C03,include,ok
gemini,2,2,case_020,C04,exclude,ok
gemini,2,2,case_020,C05,exclude,ok
gemini,2,2,case_020,C06,exclude,ok
gemini,2,2,case_020,C07,exclude,ok
gemini,2,2,case_020,C08,exclude,ok
gemini,2,2,case_020,C09,exclude,ok
gemini,2,2,case_020,C10,exclude,ok
gemini,2,2,case_021,C01,include,ok
gemini,2,2,case_021,C02,exclude,ok
gemini,2,2,case_021,C03,include,ok
gemini,2,2,case_021,C04,include,ok
gemini,2,2,case_021,C05,exclude,ok
gemini,2,2,case_021,C06,include,ok
gemini,2,2,case_021,C07,include,ok
gemini,2,2,case_021,C08,include,ok
gemini,2,2,case_021,C09,include,ok
gemini,2,2,case_021,C10,include,ok
gemini,2,2,case_022,C01,exclude,ok
gemini,2,2,case_022,C02,exclude,ok
gemini,2,2,case_022,C03,include,ok
gemini,2,2,case_022,C04,exclude,ok
gemini,2,2,case_022,C05,exclude,ok
gemini,2,2,case_022,C06,exclude,ok
gemini,2,2,case_022,C07,exclude,ok
gemini,2,2,case_022,C08,exclude,ok
gemini,2,2,case_022,C09,exclude,ok
gemini,2,2,case_022,C10,exclude,ok
gemini,2,2,case_023,C01,include,ok
gemini,2,2,case_023,C02,include,ok
gemini,2,2,case_023,C03,include,ok
gemini,2,2,case_023,C04,include,ok
gemini,2,2,case_023,C05,include,ok
gemini,2,2,case_023,C06,include,ok
gemini,2,2,case_023,C07,include,ok
gemini,2,2,case_023,C08,include,ok
gemini,2,2,case_023,C09,include,ok
gemini,2,2,case_023,C10,include,ok
gemini,2,2,case_024,C01,exclude,ok
gemini,2,2,case_024,C02,exclude,ok
gemini,2,2,case_024,C03,exclude,ok
gemini,2,2,case_024,C04,exclude,ok
gemini,2,2,case_024,C05,include,ok
gemini,2,2,case_024,C06,exclude,ok
gemini,2,2,case_024,C07,exclude,ok
gemini,2,2,case_024,C08,exclude,ok
gemini,2,2,case_024,C09,exclude,ok
gemini,2,2,case_024,C10,exclude,ok
gemini,2,2,case_025,C01,include,ok
gemini,2,2,case_025,C02,include,ok
gemini,2,2,case_025,C03,include,ok
gemini,2,2,case_025,C04,exclude,ok
gemini,2,2,case_025,C05,include,ok
gemini,2,2,case_025,C06,include,ok
gemini,2,2,case_025,C07,exclude,ok
gemini,2,2,case_025,C08,exclude,ok
gemini,2,2,case_025,C09,include,ok
gemini,2,2,case_025,C10,exclude,ok
gemini,2,2,case_026,C01,include,ok
gemini,2,2,case_026,C02,exclude,ok
gemini,2,2,case_026,C03,include,ok
gemini,2,2,case_026,C04,include,ok
gemini,2,2,case_026,C05,include,ok
gemini,2,2,case_026,C06,include,ok
gemini,2,2,case_026,C07,include,ok
gemini,2,2,case_026,C08,include,ok
gemini,2,2,case_026,C09,include,ok
gemini,2,2,case_026,C10,include,ok
gemini,2,2,case_027,C01,include,ok
gemini,2,2,case_027,C02,include,ok
gemini,2,2,case_027,C03,exclude,ok
gemini,2,2,case_027,C04,exclude,ok
gemini,2,2,case_027,C05,include,ok
gemini,2,2,case_027,C06,include,ok
gemini,2,2,case_027,C07,include,ok
gemini,2,2,case_027,C08,exclude,ok
gemini,2,2,case_027,C09,include,ok
gemini,2,2,case_027,C10,include,ok
gemini,2,2,case_028,C01,include,ok
gemini,2,2,case_028,C02,include,ok
gemini,2,2,case_028,C03,include,ok
gemini,2,2,case_028,C04,include,ok
gemini,2,2,case_028,C05,include,ok
gemini,2,2,case_028,C06,include,ok
gemini,2,2,case_028,C07,include,ok
gemini,2,2,case_028,C08,include,ok
gemini,2,2,case_028,C09,include,ok
gemini,2,2,case_028,C10,include,ok
gemini,2,2,case_029,C01,exclude,ok
gemini,2,2,case_029,C02,include,ok
gemini,2,2,case_029,C03,include,ok
gemini,2,2,case_029,C04,include,ok
gemini,2,2,case_029,C05,exclude,ok
gemini,2,2,case_029,C06,exclude,ok
gemini,2,2,case_029,C07,exclude,ok
gemini,2,2,case_029,C08,exclude,ok
gemini,2,2,case_029,C09,exclude,ok
gemini,2,2,case_029,C10,exclude,ok
gemini,2,2,case_030,C01,exclude,ok
gemini,2,2,case_030,C02,exclude,ok
gemini,2,2,case_030,C03,exclude,ok
gemini,2,2,case_030,C04,exclude,ok
gemini,2,2,case_030,C05,exclude,ok
gemini,2,2,case_030,C06,exclude,ok
gemini,2,2,case_030,C07,exclude,ok
gemini,2,2,case_030,C08,exclude,ok
gemini,2,2,case_030,C09,exclude,ok
gemini,2,2,case_030,C10,exclude,ok
gemini,2,2,case_031,C01,include,ok
gemini,2,2,case_031,C02,include,ok
gemini,2,2,case_031,C03,include,ok
gemini,2,2,case_031,C04,include,ok
gemini,2,2,case_031,C05,exclude,ok
gemini,2,2,case_031,C06,include,ok
gemini,2,2,case_031,C07,include,ok
gemini,2,2,case_031,C08,include,ok
gemini,2,2,case_031,C09,include,ok
gemini,2,2,case_031,C10,include,ok
gemini,2,2,case_032,C01,include,ok
gemini,2,2,case_032,C02,exclude,ok
gemini,2,2,case_032,C03,exclude,ok
gemini,2,2,case_032,C04,exclude,ok
gemini,2,2,case_032,C05,exclude,ok
gemini,2,2,case_032,C06,exclude,ok
gemini,2,2,case_032,C07,exclude,ok
gemini,2,2,case_032,C08,exclude,ok
gemini,2,2,case_032,C09,exclude,ok
gemini,2,2,case_032,C10,exclude,ok
gemini,2,2,case_033,C01,include,ok
gemini,2,2,case_033,C02,include,ok
gemini,2,2,case_033,C03,include,ok
gemini,2,2,case_033,C04,exclude,ok
gemini,2,2,case_033,C05,include,ok
gemini,2,2,case_033,C06,exclude,ok
gemini,2,2,case_033,C07,exclude,ok
gemini,2,2,case_033,C08,exclude,ok
gemini,2,2,case_033,C09,exclude,ok
gemini,2,2,case_033,C10,exclude,ok
gemini,2,2,case_034,C01,exclude,ok
gemini,2,2,case_034,C02,include,ok
gemini,2,2,case_034,C03,exclude,ok
gemini,2,2,case_034,C04,exclude,ok
gemini,2,2,case_034,C05,exclude,ok
gemini,2,2,case_034,C06,include,ok
gemini,2,2,case_034,C07,exclude,ok
gemini,2,2,case_034,C08,exclude,ok
gemini,2,2,case_034,C09,exclude,ok
gemini,2,2,case_034,C10,include,ok
gemini,2,2,case_035,C01,exclude,ok
gemini,2,2,case_035,C02,exclude,ok
gemini,2,2,case_035,C03,exclude,ok
gemini,2,2,case_035,C04,exclude,ok
gemini,2,2,case_035,C05,exclude,ok
gemini,2,2,case_035,C06,exclude,ok
gemini,2,2,case_035,C07,exclude,ok
gemini,2,2,case_035,C08,exclude,ok
gemini,2,2,case_035,C09,exclude,ok
gemini,2,2,case_035,C10,exclude,ok
gemini,2,2,case_036,C01,exclude,ok
gemini,2,2,case_036,C02,exclude,ok
gemini,2,2,case_036,C03,include,ok
gemini,2,2,case_036,C04,exclude,ok
gemini,2,2,case_036,C05,exclude,ok
gemini,2,2,case_036,C06,exclude,ok
gemini,2,2,case_036,C07,exclude,ok
gemini,2,2,case_036,C08,exclude,ok
gemini,2,2,case_036,C09,include,ok
gemini,2,2,case_036,C10,exclude,ok
gemini,2,2,case_037,C01,exclude,ok
gemini,2,2,case_037,C02,exclude,ok
gemini,2,2,case_037,C03,include,ok
gemini,2,2,case_037,C04,include,ok
gemini,2,2,case_037,C05,include,ok
gemini,2,2,case_037,C06,exclude,ok
gemini,2,2,case_037,C07,include,ok
gemini,2,2,case_037,C08,exclude,ok
gemini,2,2,case_037,C09,include,ok
gemini,2,2,case_037,C10,include,ok
gemini,2,2,case_038,C01,include,ok
gemini,2,2,case_038,C02,include,ok
gemini,2,2,case_038,C03,include,ok
gemini,2,2,case_038,C04,include,ok
gemini,2,2,case_038,C05,exclude,ok
gemini,2,2,case_038,C06,exclude,ok
gemini,2,2,case_038,C07,exclude,ok
gemini,2,2,case_038,C08,include,ok
gemini,2,2,case_038,C09,exclude,ok
gemini,2,2,case_038,C10,exclude,ok
gemini,2,2,case_039,C01,exclude,ok
gemini,2,2,case_039,C02,exclude,ok
gemini,2,2,case_039,C03,exclude,ok
gemini,2,2,case_039,C04,exclude,ok
gemini,2,2,case_039,C05,exclude,ok
gemini,2,2,case_039,C06,exclude,ok
gemini,2,2,case_039,C07,exclude,ok
gemini,2,2,case_039,C08,exclude,ok
gemini,2,2,case_039,C09,exclude,ok
gemini,2,2,case_039,C10,exclude,ok
gemini,2,2,case_040,C01,exclude,ok
gemini,2,2,case_040,C02,include,ok
gemini,2,2,case_040,C03,include,ok
gemini,2,2,case_040,C04,include,ok
gemini,2,2,case_040,C05,include,ok
gemini,2,2,case_040,C06,include,ok
gemini,2,2,case_040,C07,include,ok
gemini,2,2,case_040,C08,include,ok
gemini,2,2,case_040,C09,exclude,ok
gemini,2,2,case_040,C10,include,ok
gemini,2,2,case_041,C01,exclude,ok
gemini,2,2,case_041,C02,exclude,ok
gemini,2,2,case_041,C03,exclude,ok
gemini,2,2,case_041,C04,exclude,ok
gemini,2,2,case_041,C05,exclude,ok
gemini,2,2,case_041,C06,exclude,ok
gemini,2,2,case_041,C07,exclude,ok
gemini,2,2,case_041,C08,exclude,ok
gemini,2,2,case_041,C09,exclude,ok
gemini,2,2,case_041,C10,exclude,ok
gemini,2,2,case_042,C01,exclude,ok
gemini,2,2,case_042,C02,include,ok
gemini,2,2,case_042,C03,include,ok
gemini,2,2,case_042,C04,include,ok
gemini,2,2,case_042,C05,exclude,ok
gemini,2,2,case_042,C06,include,ok
gemini,2,2,case_042,C07,exclude,ok
gemini,2,2,case_042,C08,exclude,ok
gemini,2,2,case_042,C09,include,ok
gemini,2,2,case_042,C10,include,ok
gemini,2,2,case_043,C01,include,ok
gemini,2,2,case_043,C02,include,ok
gemini,2,2,case_043,C03,include,ok
gemini,2,2,case_043,C04,include,ok
gemini,2,2,case_043,C05,exclude,ok
gemini,2,2,case_043,C06,include,ok
gemini,2,2,case_043,C07,exclude,ok
gemini,2,2,case_043,C08,exclude,ok
gemini,2,2,case_043,C09,include,ok
gemini,2,2,case_043,C10,exclude,ok
gemini,2,2,case_044,C01,include,ok
gemini,2,2,case_044,C02,include,ok
gemini,2,2,case_044,C03,include,ok
gemini,2,2,case_044,C04,exclude,ok
gemini,2,2,case_044,C05,include,ok
gemini,2,2,case_044,C06,exclude,ok
gemini,2,2,case_044,C07,exclude,ok
gemini,2,2,case_044,C08,exclude,ok
gemini,2,2,case_044,C09,include,ok
gemini,2,2,case_044,C10,exclude,ok
gemini,2,2,case_045,C01,exclude,ok
gemini,2,2,case_045,C02,exclude,ok
gemini,2,2,case_045,C03,exclude,ok
gemini,2,2,case_045,C04,exclude,ok
gemini,2,2,case_045,C05,exclude,ok
gemini,2,2,case_045,C06,exclude,ok
gemini,2,2,case_045,C07,exclude,ok
gemini,2,2,case_045,C08,exclude,ok
gemini,2,2,case_045,C09,exclude,ok
gemini,2,2,case_045,C10,exclude,ok
gemini,2,2,case_046,C01,include,ok
gemini,2,2,case_046,C02,include,ok
gemini,2,2,case_046,C03,include,ok
gemini,2,2,case_046,C04,include,ok
gemini,2,2,case_046,C05,include,ok
gemini,2,2,case_046,C06,include,ok
gemini,2,2,case_046,C07,include,ok
gemini,2,2,case_046,C08,include,ok
gemini,2,2,case_046,C09,include,ok
gemini,2,2,case_046,C10,include,ok
gemini,2,2,case_047,C01,include,ok
gemini,2,2,case_047,C02,exclude,ok
gemini,2,2,case_047,C03,exclude,ok
gemini,2,2,case_047,C04,exclude,ok
gemini,2,2,case_047,C05,exclude,ok
gemini,2,2,case_047,C06,exclude,ok
gemini,2,2,case_047,C07,include,ok
gemini,2,2,case_047,C08,exclude,ok
gemini,2,2,case_047,C09,exclude,ok
gemini,2,2,case_047,C10,exclude,ok
gemini,2,2,case_048,C01,exclude,ok
gemini,2,2,case_048,C02,include,ok
gemini,2,2,case_048,C03,exclude,ok
gemini,2,2,case_048,C04,include,ok
gemini,2,2,case_048,C05,include,ok
gemini,2,2,case_048,C06,include,ok
gemini,2,2,case_048,C07,exclude,ok
gemini,2,2,case_048,C08,include,ok
gemini,2,2,case_048,C09,include,ok
gemini,2,2,case_048,C10,include,ok
gemini,2,2,case_049,C01,include,ok
gemini,2,2,case_049,C02,exclude,ok
gemini,2,2,case_049,C03,include,ok
gemini,2,2,case_049,C04,include,ok
gemini,2,2,case_049,C05,include,ok
gemini,2,2,case_049,C06,include,ok
gemini,2,2,case_049,C07,include,ok
gemini,2,2,case_049,C08,exclude,ok
gemini,2,2,case_049,C09,include,ok
gemini,2,2,case_049,C10,include,ok
gemini,2,2,case_050,C01,include,ok
gemini,2,2,case_050,C02,exclude,ok
gemini,2,2,case_050,C03,exclude,ok
gemini,2,2,case_050,C04,exclude,ok
gemini,2,2,case_050,C05,exclude,ok
gemini,2,2,case_050,C06,exclude,ok
gemini,2,2,case_050,C07,exclude,ok
gemini,2,2,case_050,C08,exclude,ok
gemini,2,2,case_050,C09,exclude,ok
gemini,2,2,case_050,C10,exclude,ok
gemini,2,2,case_051,C01,exclude,ok
gemini,2,2,case_051,C02,include,ok
gemini,2,2,case_051,C03,exclude,ok
gemini,2,2,case_051,C04,exclude,ok
gemini,2,2,case_051,C05,include,ok
gemini,2,2,case_051,C06,exclude,ok
gemini,2,2,case_051,C07,exclude,ok
gemini,2,2,case_051,C08,exclude,ok
gemini,2,2,case_051,C09,exclude,ok
gemini,2,2,case_051,C10,exclude,ok
gemini,2,2,case_052,C01,exclude,ok
gemini,2,2,case_052,C02,exclude,ok
gemini,2,2,case_052,C03,exclude,ok
gemini,2,2,case_052,C04,exclude,ok
gemini,2,2,case_052,C05,exclude,ok
gemini,2,2,case_052,C06,exclude,ok
gemini,2,2,case_052,C07,exclude,ok
gemini,2,2,case_052,C08,exclude,ok
gemini,2,2,case_052,C09,exclude,ok
gemini,2,2,case_052,C10,exclude,ok
gemini,2,2,case_053,C01,exclude,ok
gemini,2,2,case_053,C02,include,ok
gemini,2,2,case_053,C03,exclude,ok
gemini,2,2,case_053,C04,include,ok
gemini,2,2,case_053,C05,exclude,ok
gemini,2,2,case_053,C06,exclude,ok
gemini,2,2,case_053,C07,exclude,ok
gemini,2,2,case_053,C08,include,ok
gemini,2,2,case_053,C09,include,ok
gemini,2,2,case_053,C10,include,ok
gemini,2,2,case_054,C01,exclude,ok
gemini,2,2,case_054,C02,exclude,ok
gemini,2,2,case_054,C03,exclude,ok
gemini,2,2,case_054,C04,exclude,ok
gemini,2,2,case_054,C05,include,ok
gemini,2,2,case_054,C06,exclude,ok
gemini,2,2,case_054,C07,exclude,ok
gemini,2,2,case_054,C08,exclude,ok
gemini,2,2,case_054,C09,exclude,ok
gemini,2,2,case_054,C10,exclude,ok
gemini,2,2,case_055,C01,exclude,ok
gemini,2,2,case_055,C02,exclude,ok
gemini,2,2,case_055,C03,exclude,ok
gemini,2,2,case_055,C04,exclude,ok
gemini,2,2,case_055,C05,exclude,ok
gemini,2,2,case_055,C06,exclude,ok
gemini,2,2,case_055,C07,exclude,ok
gemini,2,2,case_055,C08,exclude,ok
gemini,2,2,case_055,C09,exclude,ok
gemini,2,2,case_055,C10,exclude,ok
gemini,2,2,case_056,C01,exclude,ok
gemini,2,2,case_056,C02,exclude,ok
gemini,2,2,case_056,C03,exclude,ok
gemini,2,2,case_056,C04,exclude,ok
gemini,2,2,case_056,C05,exclude,ok
gemini,2,2,case_056,C06,exclude,ok
gemini,2,2,case_056,C07,exclude,ok
gemini,2,2,case_056,C08,exclude,ok
gemini,2,2,case_056,C09,exclude,ok
gemini,2,2,case_056,C10,exclude,ok
gemini,2,2,case_057,C01,exclude,ok
gemini,2,2,case_057,C02,exclude,ok
gemini,2,2,case_057,C03,exclude,ok
gemini,2,2,case_057,C04,include,ok
gemini,2,2,case_057,C05,exclude,ok
gemini,2,2,case_057,C06,include,ok
gemini,2,2,case_057,C07,include,ok
gemini,2,2,case_057,C08,exclude,ok
gemini,2,2,case_057,C09,exclude,ok
gemini,2,2,case_057,C10,exclude,ok
gemini,2,2,case_058,C01,include,ok
gemini,2,2,case_058,C02,exclude,ok
gemini,2,2,case_058,C03,include,ok
gemini,2,2,case_058,C04,include,ok
gemini,2,2,case_058,C05,include,ok
gemini,2,2,case_058,C06,exclude,ok
gemini,2,2,case_058,C07,include,ok
gemini,2,2,case_058,C08,exclude,ok
gemini,2,2,case_058,C09,exclude,ok
gemini,2,2,case_058,C10,include,ok
gemini,2,2,case_059,C01,include,ok
gemini,2,2,case_059,C02,include,ok
gemini,2,2,case_059,C03,include,ok
gemini,2,2,case_059,C04,include,ok
gemini,2,2,case_059,C05,include,ok
gemini,2,2,case_059,C06,include,ok
gemini,2,2,case_059,C07,exclude,ok
gemini,2,2,case_059,C08,exclude,ok
gemini,2,2,case_059,C09,exclude,ok
gemini,2,2,case_059,C10,exclude,ok
gemini,2,2,case_060,C01,include,ok
gemini,2,2,case_060,C02,include,ok
gemini,2,2,case_060,C03,exclude,ok
gemini,2,2,case_060,C04,exclude,ok
gemini,2,2,case_060,C05,exclude,ok
gemini,2,2,case_060,C06,exclude,ok
gemini,2,2,case_060,C07,exclude,ok
gemini,2,2,case_060,C08,exclude,ok
gemini,2,2,case_060,C09,exclude,ok
gemini,2,2,case_060,C10,exclude,ok
gemini,2,2,case_061,C01,exclude,ok
gemini,2,2,case_061,C02,include,ok
gemini,2,2,case_061,C03,include,ok
gemini,2,2,case_061,C04,include,ok
gemini,2,2,case_061,C05,include,ok
gemini,2,2,case_061,C06,include,ok
gemini,2,2,case_061,C07,include,ok
gemini,2,2,case_061,C08,include,ok
gemini,2,2,case_061,C09,include,ok
gemini,2,2,case_061,C10,include,ok
gemini,2,2,case_062,C01,include,ok
gemini,2,2,case_062,C02,include,ok
gemini,2,2,case_062,C03,exclude,ok
gemini,2,2,case_062,C04,exclude,ok
gemini,2,2,case_062,C05,include,ok
gemini,2,2,case_062,C06,include,ok
gemini,2,2,case_062,C07,exclude,ok
gemini,2,2,case_062,C08,exclude,ok
gemini,2,2,case_062,C09,exclude,ok
gemini,2,2,case_062,C10,include,ok
gemini,2,2,case_063,C01,exclude,ok
gemini,2,2,case_063,C02,exclude,ok
gemini,2,2,case_063,C03,exclude,ok
gemini,2,2,case_063,C04,exclude,ok
gemini,2,2,case_063,C05,include,ok
gemini,2,2,case_063,C06,exclude,ok
gemini,2,2,case_063,C07,exclude,ok
gemini,2,2,case_063,C08,exclude,ok
gemini,2,2,case_063,C09,exclude,ok
gemini,2,2,case_063,C10,exclude,ok
gemini,2,2,case_064,C01,exclude,ok
gemini,2,2,case_064,C02,exclude,ok
gemini,2,2,case_064,C03,exclude,ok
gemini,2,2,case_064,C04,exclude,ok
gemini,2,2,case_064,C05,exclude,ok
gemini,2,2,case_064,C06,exclude,ok
gemini,2,2,case_064,C07,exclude,ok
gemini,2,2,case_064,C08,include,ok
gemini,2,2,case_064,C09,exclude,ok
gemini,2,2,case_064,C10,exclude,ok
gemini,2,2,case_065,C01,exclude,ok
gemini,2,2,case_065,C02,exclude,ok
gemini,2,2,case_065,C03,exclude,ok
gemini,2,2,case_065,C04,include,ok
gemini,2,2,case_065,C05,exclude,ok
gemini,2,2,case_065,C06,exclude,ok
gemini,2,2,case_065,C07,exclude,ok
gemini,2,2,case_065,C08,exclude,ok
gemini,2,2,case_065,C09,include,ok
gemini,2,2,case_065,C10,exclude,ok
gemini,2,2,case_066,C01,exclude,ok
gemini,2,2,case_066,C02,exclude,ok
gemini,2,2,case_066,C03,exclude,ok
gemini,2,2,case_066,C04,exclude,ok
gemini,2,2,case_066,C05,exclude,ok
gemini,2,2,case_066,C06,exclude,ok
gemini,2,2,case_066,C07,exclude,ok
gemini,2,2,case_066,C08,exclude,ok
gemini,2,2,case_066,C09,exclude,ok
gemini,2,2,case_066,C10,exclude,ok
gemini,2,2,case_067,C01,exclude,ok
gemini,2,2,case_067,C02,include,ok
gemini,2,2,case_067,C03,include,ok
gemini,2,2,case_067,C04,exclude,ok
gemini,2,2,case_067,C05,include,ok
gemini,2,2,case_067,C06,exclude,ok
gemini,2,2,case_067,C07,include,ok
gemini,2,2,case_067,C08,include,ok
gemini,2,2,case_067,C09,include,ok
gemini,2,2,case_067,C10,exclude,ok
gemini,2,2,case_068,C01,include,ok
gemini,2,2,case_068,C02,exclude,ok
gemini,2,2,case_068,C03,exclude,ok
gemini,2,2,case_068,C04,exclude,ok
gemini,2,2,case_068,C05,exclude,ok
gemini,2,2,case_068,C06,exclude,ok
gemini,2,2,case_068,C07,exclude,ok
gemini,2,2,case_068,C08,exclude,ok
gemini,2,2,case_068,C09,exclude,ok
gemini,2,2,case_068,C10,exclude,ok
gemini,2,2,case_069,C01,include,ok
gemini,2,2,case_069,C02,include,ok
gemini,2,2,case_069,C03,include,ok
gemini,2,2,case_069,C04,include,ok
gemini,2,2,case_069,C05,exclude,ok
gemini,2,2,case_069,C06,include,ok
gemini,2,2,case_069,C07,exclude,ok
gemini,2,2,case_069,C08,exclude,ok
gemini,2,2,case_069,C09,exclude,ok
gemini,2,2,case_069,C10,exclude,ok
gemini,2,2,case_070,C01,exclude,ok
gemini,2,2,case_070,C02,exclude,ok
gemini,2,2,case_070,C03,exclude,ok
gemini,2,2,case_070,C04,exclude,ok
gemini,2,2,case_070,C05,include,ok
gemini,2,2,case_070,C06,include,ok
gemini,2,2,case_070,C07,exclude,ok
gemini,2,2,case_070,C08,exclude,ok
gemini,2,2,case_070,C09,exclude,ok
gemini,2,2,case_070,C10,exclude,ok
gemini,2,2,case_071,C01,exclude,ok
gemini,2,2,case_071,C02,exclude,ok
gemini,2,2,case_071,C03,exclude,ok
gemini,2,2,case_071,C04,exclude,ok
gemini,2,2,case_071,C05,exclude,ok
gemini,2,2,case_071,C06,exclude,ok
gemini,2,2,case_071,C07,exclude,ok
gemini,2,2,case_071,C08,exclude,ok
gemini,2,2,case_071,C09,exclude,ok
gemini,2,2,case_071,C10,exclude,ok
gemini,2,2,case_072,C01,exclude,ok
gemini,2,2,case_072,C02,exclude,ok
gemini,2,2,case_072,C03,exclude,ok
gemini,2,2,case_072,C04,include,ok
gemini,2,2,case_072,C05,include,ok
gemini,2,2,case_072,C06,include,ok
gemini,2,2,case_072,C07,exclude,ok
gemini,2,2,case_072,C08,exclude,ok
gemini,2,2,case_072,C09,include,ok
gemini,2,2,case_072,C10,exclude,ok
gemini,2,2,case_073,C01,include,ok
gemini,2,2,case_073,C02,include,ok
gemini,2,2,case_073,C03,include,ok
gemini,2,2,case_073,C04,include,ok
gemini,2,2,case_073,C05,include,ok
gemini,2,2,case_073,C06,exclude,ok
gemini,2,2,case_073,C07,include,ok
gemini,2,2,case_073,C08,exclude,ok
gemini,2,2,case_073,C09,exclude,ok
gemini,2,2,case_073,C10,include,ok
gemini,2,2,case_074,C01,exclude,ok
gemini,2,2,case_074,C02,exclude,ok
gemini,2,2,case_074,C03,exclude,ok
gemini,2,2,case_074,C04,exclude,ok
gemini,2,2,case_074,C05,exclude,ok
gemini,2,2,case_074,C06,exclude,ok
gemini,2,2,case_074,C07,exclude,ok
gemini,2,2,case_074,C08,exclude,ok
gemini,2,2,case_074,C09,exclude,ok
gemini,2,2,case_074,C10,exclude,ok
gemini,2,2,case_075,C01,exclude,ok
gemini,2,2,case_075,C02,exclude,ok
gemini,2,2,case_075,C03,exclude,ok
gemini,2,2,case_075,C04,exclude,ok
gemini,2,2,case_075,C05,exclude,ok
gemini,2,2,case_075,C06,exclude,ok
gemini,2,2,case_075,C07,exclude,ok
gemini,2,2,case_075,C08,include,ok
gemini,2,2,case_075,C09,include,ok
gemini,2,2,case_075,C10,exclude,ok
gemini,2,2,case_076,C01,exclude,ok
gemini,2,2,case_076,C02,exclude,ok
gemini,2,2,case_076,C03,exclude,ok
gemini,2,2,case_076,C04,exclude,ok
gemini,2,2,case_076,C05,exclude,ok
gemini,2,2,case_076,C06,exclude,ok
gemini,2,2,case_076,C07,exclude,ok
gemini,2,2,case_076,C08,exclude,ok
gemini,2,2,case_076,C09,exclude,ok
gemini,2,2,case_076,C10,exclude,ok
gemini,2,2,case_077,C01,exclude,ok
gemini,2,2,case_077,C02,exclude,ok
gemini,2,2,case_077,C03,exclude,ok
gemini,2,2,case_077,C04,exclude,ok
gemini,2,2,case_077,C05,exclude,ok
gemini,2,2,case_077,C06,exclude,ok
gemini,2,2,case_077,C07,exclude,ok
gemini,2,2,case_077,C08,exclude,ok
gemini,2,2,case_077,C09,include,ok
gemini,2,2,case_077,C10,include,ok
gemini,2,2,case_078,C01,include,ok
gemini,2,2,case_078,C02,exclude,ok
gemini,2,2,case_078,C03,include,ok
gemini,2,2,case_078,C04,include,ok
gemini,2,2,case_078,C05,include,ok
gemini,2,2,case_078,C06,include,ok
gemini,2,2,case_078,C07,include,ok
gemini,2,2,case_078,C08,include,ok
gemini,2,2,case_078,C09,include,ok
gemini,2,2,case_078,C10,exclude,ok
gemini,2,2,case_079,C01,exclude,ok
gemini,2,2,case_079,C02,include,ok
gemini,2,2,case_079,C03,include,ok
gemini,2,2,case_079,C04,exclude,ok
gemini,2,2,case_079,C05,exclude,ok
gemini,2,2,case_079,C06,include,ok
gemini,2,2,case_079,C07,exclude,ok
gemini,2,2,case_079,C08,exclude,ok
gemini,2,2,case_079,C09,exclude,ok
gemini,2,2,case_079,C10,exclude,ok
gemini,2,2,case_080,C01,include,ok
gemini,2,2,case_080,C02,exclude,ok
gemini,2,2,case_080,C03,exclude,ok
gemini,2,2,case_080,C04,exclude,ok
gemini,2,2,case_080,C05,exclude,ok
gemini,2,2,case_080,C06,exclude,ok
gemini,2,2,case_080,C07,exclude,ok
gemini,2,2,case_080,C08,exclude,ok
gemini,2,2,case_080,C09,exclude,ok
gemini,2,2,case_080,C10,exclude,ok
gemini,2,2,case_081,C01,exclude,ok
gemini,2,2,case_081,C02,include,ok
gemini,2,2,case_081,C03,exclude,ok
gemini,2,2,case_081,C04,exclude,ok
gemini,2,2,case_081,C05,exclude,ok
gemini,2,2,case_081,C06,include,ok
gemini,2,2,case_081,C07,exclude,ok
gemini,2,2,case_081,C08,exclude,ok
gemini,2,2,case_081,C09,exclude,ok
gemini,2,2,case_081,C10,exclude,ok
gemini,2,2,case_082,C01,include,ok
gemini,2,2,case_082,C02,include,ok
gemini,2,2,case_082,C03,include,ok
gemini,2,2,case_082,C04,include,ok
gemini,2,2,case_082,C05,include,ok
gemini,2,2,case_082,C06,include,ok
gemini,2,2,case_082,C07,include,ok
gemini,2,2,case_082,C08,include,ok
gemini,2,2,case_082,C09,include,ok
gemini,2,2,case_082,C10,include,ok
gemini,2,2,case_083,C01,exclude,ok
gemini,2,2,case_083,C02,exclude,ok
gemini,2,2,case_083,C03,exclude,ok
gemini,2,2,case_083,C04,exclude,ok
gemini,2,2,case_083,C05,exclude,ok
gemini,2,2,case_083,C06,exclude,ok
gemini,2,2,case_083,C07,exclude,ok
gemini,2,2,case_083,C08,include,ok
gemini,2,2,case_083,C09,include,ok
gemini,2,2,case_083,C10,exclude,ok
gemini,2,2,case_084,C01,exclude,ok
gemini,2,2,case_084,C02,exclude,ok
gemini,2,2,case_084,C03,exclude,ok
gemini,2,2,case_084,C04,exclude,ok
gemini,2,2,case_084,C05,exclude,ok
gemini,2,2,case_084,C06,exclude,ok
gemini,2,2,case_084,C07,exclude,ok
gemini,2,2,case_084,C08,exclude,ok
gemini,2,2,case_084,C09,exclude,ok
gemini,2,2,case_084,C10,exclude,ok
gemini,2,2,case_085,C01,exclude,ok
gemini,2,2,case_085,C02,exclude,ok
gemini,2,2,case_085,C03,exclude,ok
gemini,2,2,case_085,C04,exclude,ok
gemini,2,2,case_085,C05,exclude,ok
gemini,2,2,case_085,C06,exclude,ok
gemini,2,2,case_085,C07,exclude,ok
gemini,2,2,case_085,C08,exclude,ok
gemini,2,2,case_085,C09,exclude,ok
gemini,2,2,case_085,C10,exclude,ok
gemini,2,2,case_086,C01,exclude,ok
gemini,2,2,case_086,C02,exclude,ok
gemini,2,2,case_086,C03,exclude,ok
gemini,2,2,case_086,C04,exclude,ok
gemini,2,2,case_086,C05,include,ok
gemini,2,2,case_086,C06,exclude,ok
gemini,2,2,case_086,C07,exclude,ok
gemini,2,2,case_086,C08,exclude,ok
gemini,2,2,case_086,C09,exclude,ok
gemini,2,2,case_086,C10,exclude,ok
gemini,2,2,case_087,C01,include,ok
gemini,2,2,case_087,C02,include,ok
gemini,2,2,case_087,C03,exclude,ok
gemini,2,2,case_087,C04,exclude,ok
gemini,2,2,case_087,C05,include,ok
gemini,2,2,case_087,C06,include,ok
gemini,2,2,case_087,C07,include,ok
gemini,2,2,case_087,C08,exclude,ok
gemini,2,2,case_087,C09,include,ok
gemini,2,2,case_087,C10,exclude,ok
gemini,2,2,case_088,C01,exclude,ok
gemini,2,2,case_088,C02,exclude,ok
gemini,2,2,case_088,C03,exclude,ok
gemini,2,2,case_088,C04,exclude,ok
gemini,2,2,case_088,C05,exclude,ok
gemini,2,2,case_088,C06,exclude,ok
gemini,2,2,case_088,C07,exclude,ok
gemini,2,2,case_088,C08,exclude,ok
gemini,2,2,case_088,C09,exclude,ok
gemini,2,2,case_088,C10,exclude,ok
gemini,2,2,case_089,C01,include,ok
gemini,2,2,case_089,C02,exclude,ok
gemini,2,2,case_089,C03,include,ok
gemini,2,2,case_089,C04,exclude,ok
gemini,2,2,case_089,C05,include,ok
gemini,2,2,case_089,C06,exclude,ok
gemini,2,2,case_089,C07,exclude,ok
gemini,2,2,case_089,C08,exclude,ok
gemini,2,2,case_089,C09,include,ok
gemini,2,2,case_089,C10,exclude,ok
gemini,2,2,case_090,C01,include,ok
gemini,2,2,case_090,C02,include,ok
gemini,2,2,case_090,C03,include,ok
gemini,2,2,case_090,C04,include,ok
gemini,2,2,case_090,C05,exclude,ok
gemini,2,2,case_090,C06,exclude,ok
gemini,2,2,case_090,C07,include,ok
gemini,2,2,case_090,C08,exclude,ok
gemini,2,2,case_090,C09,exclude,ok
gemini,2,2,case_090,C10,exclude,ok
gemini,2,2,case_091,C01,exclude,ok
gemini,2,2,case_091,C02,exclude,ok
gemini,2,2,case_091,C03,exclude,ok
gemini,2,2,case_091,C04,exclude,ok
gemini,2,2,case_091,C05,exclude,ok
gemini,2,2,case_091,C06,exclude,ok
gemini,2,2,case_091,C07,exclude,ok
gemini,2,2,case_091,C08,exclude,ok
gemini,2,2,case_091,C09,exclude,ok
gemini,2,2,case_091,C10,exclude,ok
gemini,2,2,case_092,C01,exclude,ok
gemini,2,2,case_092,C02,exclude,ok
gemini,2,2,case_092,C03,include,ok
gemini,2,2,case_092,C04,include,ok
gemini,2,2,case_092,C05,include,ok
gemini,2,2,case_092,C06,exclude,ok
gemini,2,2,case_092,C07,exclude,ok
gemini,2,2,case_092,C08,exclude,ok
gemini,2,2,case_092,C09,include,ok
gemini,2,2,case_092,C10,include,ok
gemini,2,2,case_093,C01,include,ok
gemini,2,2,case_093,C02,exclude,ok
gemini,2,2,case_093,C03,exclude,ok
gemini,2,2,case_093,C04,include,ok
gemini,2,2,case_093,C05,include,ok
gemini,2,2,case_093,C06,exclude,ok
gemini,2,2,case_093,C07,exclude,ok
gemini,2,2,case_093,C08,exclude,ok
gemini,2,2,case_093,C09,exclude,ok
gemini,2,2,case_093,C10,exclude,ok
gemini,2,2,case_094,C01,exclude,ok
gemini,2,2,case_094,C02,exclude,ok
gemini,2,2,case_094,C03,exclude,ok
gemini,2,2,case_094,C04,exclude,ok
gemini,2,2,case_094,C05,exclude,ok
gemini,2,2,case_094,C06,exclude,ok
gemini,2,2,case_094,C07,exclude,ok
gemini,2,2,case_094,C08,exclude,ok
gemini,2,2,case_094,C09,exclude,ok
gemini,2,2,case_094,C10,exclude,ok
gemini,2,2,case_095,C01,exclude,ok
gemini,2,2,case_095,C02,exclude,ok
gemini,2,2,case_095,C03,exclude,ok
gemini,2,2,case_095,C04,exclude,ok
gemini,2,2,case_095,C05,exclude,ok
gemini,2,2,case_095,C06,exclude,ok
gemini,2,2,case_095,C07,exclude,ok
gemini,2,2,case_095,C08,exclude,ok
gemini,2,2,case_095,C09,exclude,ok
gemini,2,2,case_095,C10,exclude,ok
gemini,2,2,case_096,C01,include,ok
gemini,2,2,case_096,C02,exclude,ok
gemini,2,2,case_096,C03,exclude,ok
gemini,2,2,case_096,C04,exclude,ok
gemini,2,2,case_096,C05,exclude,ok
gemini,2,2,case_096,C06,include,ok
gemini,2,2,case_096,C07,exclude,ok
gemini,2,2,case_096,C08,include,ok
gemini,2,2,case_096,C09,exclude,ok
gemini,2,2,case_096,C10,exclude,ok
gemini,2,2,case_097,C01,exclude,ok
gemini,2,2,case_097,C02,exclude,ok
gemini,2,2,case_097,C03,exclude,ok
gemini,2,2,case_097,C04,exclude,ok
gemini,2,2,case_097,C05,exclude,ok
gemini,2,2,case_097,C06,exclude,ok
gemini,2,2,case_097,C07,include,ok
gemini,2,2,case_097,C08,exclude,ok
gemini,2,2,case_097,C09,exclude,ok
gemini,2,2,case_097,C10,exclude,ok
gemini,2,2,case_098,C01,include,ok
gemini,2,2,case_098,C02,include,ok
gemini,2,2,case_098,C03,include,ok
gemini,2,2,case_098,C04,include,ok
gemini,2,2,case_098,C05,include,ok
gemini,2,2,case_098,C06,include,ok
gemini,2,2,case_098,C07,include,ok
gemini,2,2,case_098,C08,include,ok
gemini,2,2,case_098,C09,exclude,ok
gemini,2,2,case_098,C10,include,ok
gemini,2,2,case_099,C01,include,ok
gemini,2,2,case_099,C02,include,ok
gemini,2,2,case_099,C03,include,ok
gemini,2,2,case_099,C04,include,ok
gemini,2,2,case_099,C05,include,ok
gemini,2,2,case_099,C06,include,ok
gemini,2,2,case_099,C07,include,ok
gemini,2,2,case_099,C08,include,ok
gemini,2,2,case_099,C09,include,ok
gemini,2,2,case_099,C10,include,ok
gemini,2,2,case_100,C01,exclude,ok
gemini,2,2,case_100,C02,exclude,ok
gemini,2,2,case_100,C03,exclude,ok
gemini,2,2,case_100,C04,include,ok
gemini,2,2,case_100,C05,include,ok
gemini,2,2,case_100,C06,exclude,ok
gemini,2,2,case_100,C07,exclude,ok
gemini,2,2,case_100,C08,exclude,ok
gemini,2,2,case_100,C09,exclude,ok
gemini,2,2,case_100,C10,exclude,ok
gemini,3,3,case_001,C01,include,ok
gemini,3,3,case_001,C02,include,ok
gemini,3,3,case_001,C03,include,ok
gemini,3,3,case_001,C04,include,ok
gemini,3,3,case_001,C05,include,ok
gemini,3,3,case_001,C06,include,ok
gemini,3,3,case_001,C07,include,ok
gemini,3,3,case_001,C08,include,ok
gemini,3,3,case_001,C09,include,ok
gemini,3,3,case_001,C10,include,ok
gemini,3,3,case_002,C01,exclude,ok
gemini,3,3,case_002,C02,exclude,ok
gemini,3,3,case_002,C03,exclude,ok
gemini,3,3,case_002,C04,exclude,ok
gemini,3,3,case_002,C05,exclude,ok
gemini,3,3,case_002,C06,exclude,ok
gemini,3,3,case_002,C07,exclude,ok
gemini,3,3,case_002,C08,exclude,ok
gemini,3,3,case_002,C09,exclude,ok
gemini,3,3,case_002,C10,exclude,ok
gemini,3,3,case_003,C01,exclude,ok
gemini,3,3,case_003,C02,exclude,ok
gemini,3,3,case_003,C03,exclude,ok
gemini,3,3,case_003,C04,exclude,ok
gemini,3,3,case_003,C05,exclude,ok
gemini,3,3,case_003,C06,exclude,ok
gemini,3,3,case_003,C07,exclude,ok
gemini,3,3,case_003,C08,exclude,ok
gemini,3,3,case_003,C09,exclude,ok
gemini,3,3,case_003,C10,exclude,ok
gemini,3,3,case_004,C01,include,ok
gemini,3,3,case_004,C02,exclude,ok
gemini,3,3,case_004,C03,exclude,ok
gemini,3,3,case_004,C04,exclude,ok
gemini,3,3,case_004,C05,exclude,ok
gemini,3,3,case_004,C06,exclude,ok
gemini,3,3,case_004,C07,exclude,ok
gemini,3,3,case_004,C08,exclude,ok
gemini,3,3,case_004,C09,exclude,ok
gemini,3,3,case_004,C10,exclude,ok
gemini,3,3,case_005,C01,exclude,ok
gemini,3,3,case_005,C02,exclude,ok
gemini,3,3,case_005,C03,exclude,ok
gemini,3,3,case_005,C04,exclude,ok
gemini,3,3,case_005,C05,exclude,ok
gemini,3,3,case_005,C06,exclude,ok
gemini,3,3,case_005,C07,exclude,ok
gemini,3,3,case_005,C08,exclude,ok
gemini,3,3,case_005,C09,exclude,ok
gemini,3,3,case_005,C10,exclude,ok
gemini,3,3,case_006,C01,exclude,ok
gemini,3,3,case_006,C02,exclude,ok
gemini,3,3,case_006,C03,exclude,ok
gemini,3,3,case_006,C04,exclude,ok
gemini,3,3,case_006,C05,exclude,ok
gemini,3,3,case_006,C06,exclude,ok
gemini,3,3,case_006,C07,exclude,ok
gemini,3,3,case_006,C08,exclude,ok
gemini,3,3,case_006,C09,exclude,ok
gemini,3,3,case_006,C10,exclude,ok
gemini,3,3,case_007,C01,include,ok
gemini,3,3,case_007,C02,exclude,ok
gemini,3,3,case_007,C03,include,ok
gemini,3,3,case_007,C04,exclude,ok
gemini,3,3,case_007,C05,include,ok
gemini,3,3,case_007,C06,include,ok
gemini,3,3,case_007,C07,include,ok
gemini,3,3,case_007,C08,exclude,ok
gemini,3,3,case_007,C09,exclude,ok
gemini,3,3,case_007,C10,exclude,ok
gemini,3,3,case_008,C01,exclude,ok
gemini,3,3,case_008,C02,exclude,ok
gemini,3,3,case_008,C03,exclude,ok
gemini,3,3,case_008,C04,exclude,ok
gemini,3,3,case_008,C05,include,ok
gemini,3,3,case_008,C06,include,ok
gemini,3,3,case_008,C07,include,ok
gemini,3,3,case_008,C08,include,ok
gemini,3,3,case_008,C09,include,ok
gemini,3,3,case_008,C10,include,ok
gemini,3,3,case_009,C01,include,ok
gemini,3,3,case_009,C02,exclude,ok
gemini,3,3,case_009,C03,include,ok
gemini,3,3,case_009,C04,exclude,ok
gemini,3,3,case_009,C05,exclude,ok
gemini,3,3,case_009,C06,exclude,ok
gemini,3,3,case_009,C07,exclude,ok
gemini,3,3,case_009,C08,exclude,ok
gemini,3,3,case_009,C09,exclude,ok
gemini,3,3,case_009,C10,exclude,ok
gemini,3,3,case_010,C01,include,ok
gemini,3,3,case_010,C02,include,ok
gemini,3,3,case_010,C03,include,ok
gemini,3,3,case_010,C04,include,ok
gemini,3,3,case_010,C05,include,ok
gemini,3,3,case_010,C06,include,ok
gemini,3,3,case_010,C07,include,ok
gemini,3,3,case_010,C08,include,ok
gemini,3,3,case_010,C09,include,ok
gemini,3,3,case_010,C10,include,ok
gemini,3,3,case_011,C01,exclude,ok
gemini,3,3,case_011,C02,exclude,ok
gemini,3,3,case_011,C03,exclude,ok
gemini,3,3,case_011,C04,include,ok
gemini,3,3,case_011,C05,include,ok
gemini,3,3,case_011,C06,exclude,ok
gemini,3,3,case_011,C07,include,ok
gemini,3,3,case_011,C08,exclude,ok
gemini,3,3,case_011,C09,exclude,ok
gemini,3,3,case_011,C10,exclude,ok
gemini,3,3,case_012,C01,include,ok
gemini,3,3,case_012,C02,include,ok
gemini,3,3,case_012,C03,exclude,ok
gemini,3,3,case_012,C04,exclude,ok
gemini,3,3,case_012,C05,exclude,ok
gemini,3,3,case_012,C06,exclude,ok
gemini,3,3,case_012,C07,exclude,ok
gemini,3,3,case_012,C08,exclude,ok
gemini,3,3,case_012,C09,exclude,ok
gemini,3,3,case_012,C10,exclude,ok
gemini,3,3,case_013,C01,exclude,ok
gemini,3,3,case_013,C02,exclude,ok
gemini,3,3,case_013,C03,exclude,ok
gemini,3,3,case_013,C04,exclude,ok
gemini,3,3,case_013,C05,exclude,ok
gemini,3,3,case_013,C06,exclude,ok
gemini,3,3,case_013,C07,exclude,ok
gemini,3,3,case_013,C08,exclude,ok
gemini,3,3,case_013,C09,exclude,ok
gemini,3,3,case_013,C10,exclude,ok
gemini,3,3,case_014,C01,include,ok
gemini,3,3,case_014,C02,exclude,ok
gemini,3,3,case_014,C03,exclude,ok
gemini,3,3,case_014,C04,include,ok
gemini,3,3,case_014,C05,exclude,ok
gemini,3,3,case_014,C06,exclude,ok
gemini,3,3,case_014,C07,include,ok
gemini,3,3,case_014,C08,include,ok
gemini,3,3,case_014,C09,exclude,ok
gemini,3,3,case_014,C10,exclude,ok
gemini,3,3,case_015,C01,exclude,ok
gemini,3,3,case_015,C02,exclude,ok
gemini,3,3,case_015,C03,exclude,ok
gemini,3,3,case_015,C04,exclude,ok
gemini,3,3,case_015,C05,exclude,ok
gemini,3,3,case_015,C06,exclude,ok
gemini,3,3,case_015,C07,exclude,ok
gemini,3,3,case_015,C08,exclude,ok
gemini,3,3,case_015,C09,exclude,ok
gemini,3,3,case_015,C10,exclude,ok
gemini,3,3,case_016,C01,include,ok
gemini,3,3,case_016,C02,include,ok
gemini,3,3,case_016,C03,include,ok
gemini,3,3,case_016,C04,include,ok
gemini,3,3,case_016,C05,include,ok
gemini,3,3,case_016,C06,exclude,ok
gemini,3,3,case_016,C07,include,ok
gemini,3,3,case_016,C08,exclude,ok
gemini,3,3,case_016,C09,exclude,ok
gemini,3,3,case_016,C10,exclude,ok
gemini,3,3,case_017,C01,exclude,ok
gemini,3,3,case_017,C02,exclude,ok
gemini,3,3,case_017,C03,exclude,ok
gemini,3,3,case_017,C04,exclude,ok
gemini,3,3,case_017,C05,exclude,ok
gemini,3,3,case_017,C06,exclude,ok
gemini,3,3,case_017,C07,exclude,ok
gemini,3,3,case_017,C08,exclude,ok
gemini,3,3,case_017,C09,exclude,ok
gemini,3,3,case_017,C10,exclude,ok
gemini,3,3,case_018,C01,exclude,ok
gemini,3,3,case_018,C02,exclude,ok
gemini,3,3,case_018,C03,exclude,ok
gemini,3,3,case_018,C04,exclude,ok
gemini,3,3,case_018,C05,exclude,ok
gemini,3,3,case_018,C06,exclude,ok
gemini,3,3,case_018,C07,exclude,ok
gemini,3,3,case_018,C08,exclude,ok
gemini,3,3,case_018,C09,exclude,ok
gemini,3,3,case_018,C10,exclude,ok
gemini,3,3,case_019,C01,exclude,ok
gemini,3,3,case_019,C02,exclude,ok
gemini,3,3,case_019,C03,exclude,ok
gemini,3,3,case_019,C04,exclude,ok
gemini,3,3,case_019,C05,exclude,ok
gemini,3,3,case_019,C06,include,ok
gemini,3,3,case_019,C07,include,ok
gemini,3,3,case_019,C08,exclude,ok
gemini,3,3,case_019,C09,exclude,ok
gemini,3,3,case_019,C10,exclude,ok
gemini,3,3,case_020,C01,exclude,ok
gemini,3,3,case_020,C02,exclude,ok
gemini,3,3,case_020,C03,include,ok
gemini,3,3,case_020,C04,exclude,ok
gemini,3,3,case_020,C05,exclude,ok
gemini,3,3,case_020,C06,exclude,ok
gemini,3,3,case_020,C07,exclude,ok
gemini,3,3,case_020,C08,exclude,ok
gemini,3,3,case_020,C09,exclude,ok
gemini,3,3,case_020,C10,exclude,ok
gemini,3,3,case_021,C01,include,ok
gemini,3,3,case_021,C02,exclude,ok
gemini,3,3,case_021,C03,include,ok
gemini,3,3,case_021,C04,include,ok
gemini,3,3,case_021,C05,exclude,ok
gemini,3,3,case_021,C06,include,ok
gemini,3,3,case_021,C07,include,ok
gemini,3,3,case_021,C08,include,ok
gemini,3,3,case_021,C09,include,ok
gemini,3,3,case_021,C10,include,ok
gemini,3,3,case_022,C01,exclude,ok
gemini,3,3,case_022,C02,exclude,ok
gemini,3,3,case_022,C03,include,ok
gemini,3,3,case_022,C04,exclude,ok
gemini,3,3,case_022,C05,exclude,ok
gemini,3,3,case_022,C06,exclude,ok
gemini,3,3,case_022,C07,exclude,ok
gemini,3,3,case_022,C08,exclude,ok
gemini,3,3,case_022,C09,exclude,ok
gemini,3,3,case_022,C10,exclude,ok
gemini,3,3,case_023,C01,include,ok
gemini,3,3,case_023,C02,include,ok
gemini,3,3,case_023,C03,include,ok
gemini,3,3,case_023,C04,include,ok
gemini,3,3,case_023,C05,include,ok
gemini,3,3,case_023,C06,include,ok
gemini,3,3,case_023,C07,include,ok
gemini,3,3,case_023,C08,include,ok
gemini,3,3,case_023,C09,include,ok
gemini,3,3,case_023,C10,include,ok
gemini,3,3,case_024,C01,exclude,ok
gemini,3,3,case_024,C02,exclude,ok
gemini,3,3,case_024,C03,exclude,ok
gemini,3,3,case_024,C04,exclude,ok
gemini,3,3,case_024,C05,include,ok
gemini,3,3,case_024,C06,exclude,ok
gemini,3,3,case_024,C07,exclude,ok
gemini,3,3,case_024,C08,exclude,ok
gemini,3,3,case_024,C09,exclude,ok
gemini,3,3,case_024,C10,exclude,ok
gemini,3,3,case_025,C01,include,ok
gemini,3,3,case_025,C02,include,ok
gemini,3,3,case_025,C03,include,ok
gemini,3,3,case_025,C04,exclude,ok
gemini,3,3,case_025,C05,include,ok
gemini,3,3,case_025,C06,include,ok
gemini,3,3,case_025,C07,exclude,ok
gemini,3,3,case_025,C08,exclude,ok
gemini,3,3,case_025,C09,include,ok
gemini,3,3,case_025,C10,exclude,ok
gemini,3,3,case_026,C01,include,ok
gemini,3,3,case_026,C02,exclude,ok
gemini,3,3,case_026,C03,include,ok
gemini,3,3,case_026,C04,include,ok
gemini,3,3,case_026,C05,include,ok
gemini,3,3,case_026,C06,include,ok
gemini,3,3,case_026,C07,include,ok
gemini,3,3,case_026,C08,include,ok
gemini,3,3,case_026,C09,include,ok
gemini,3,3,case_026,C10,include,ok
gemini,3,3,case_027,C01,include,ok
gemini,3,3,case_027,C02,include,ok
gemini,3,3,case_027,C03,exclude,ok
gemini,3,3,case_027,C04,exclude,ok
gemini,3,3,case_027,C05,include,ok
gemini,3,3,case_027,C06,include,ok
gemini,3,3,case_027,C07,include,ok
gemini,3,3,case_027,C08,exclude,ok
gemini,3,3,case_027,C09,include,ok
gemini,3,3,case_027,C10,include,ok
gemini,3,3,case_028,C01,include,ok
gemini,3,3,case_028,C02,include,ok
gemini,3,3,case_028,C03,include,ok
gemini,3,3,case_028,C04,include,ok
gemini,3,3,case_028,C05,include,ok
gemini,3,3,case_028,C06,include,ok
gemini,3,3,case_028,C07,include,ok
gemini,3,3,case_028,C08,include,ok
gemini,3,3,case_028,C09,include,ok
gemini,3,3,case_028,C10,include,ok
gemini,3,3,case_029,C01,exclude,ok
gemini,3,3,case_029,C02,include,ok
gemini,3,3,case_029,C03,include,ok
gemini,3,3,case_029,C04,include,ok
gemini,3,3,case_029,C05,exclude,ok
gemini,3,3,case_029,C06,exclude,ok
gemini,3,3,case_029,C07,exclude,ok
gemini,3,3,case_029,C08,exclude,ok
gemini,3,3,case_029,C09,exclude,ok
gemini,3,3,case_029,C10,exclude,ok
gemini,3,3,case_030,C01,exclude,ok
gemini,3,3,case_030,C02,exclude,ok
gemini,3,3,case_030,C03,exclude,ok
gemini,3,3,case_030,C04,exclude,ok
gemini,3,3,case_030,C05,exclude,ok
gemini,3,3,case_030,C06,exclude,ok
gemini,3,3,case_030,C07,exclude,ok
gemini,3,3,case_030,C08,exclude,ok
gemini,3,3,case_030,C09,exclude,ok
gemini,3,3,case_030,C10,exclude,ok
gemini,3,3,case_031,C01,include,ok
gemini,3,3,case_031,C02,include,ok
gemini,3,3,case_031,C03,include,ok
gemini,3,3,case_031,C04,include,ok
gemini,3,3,case_031,C05,exclude,ok
gemini,3,3,case_031,C06,include,ok
gemini,3,3,case_031,C07,include,ok
gemini,3,3,case_031,C08,include,ok
gemini,3,3,case_031,C09,include,ok
gemini,3,3,case_031,C10,include,ok
gemini,3,3,case_032,C01,include,ok
gemini,3,3,case_032,C02,exclude,ok
gemini,3,3,case_032,C03,exclude,ok
gemini,3,3,case_032,C04,exclude,ok
gemini,3,3,case_032,C05,exclude,ok
gemini,3,3,case_032,C06,exclude,ok
gemini,3,3,case_032,C07,exclude,ok
gemini,3,3,case_032,C08,exclude,ok
gemini,3,3,case_032,C09,exclude,ok
gemini,3,3,case_032,C10,exclude,ok
gemini,3,3,case_033,C01,include,ok
gemini,3,3,case_033,C02,include,ok
gemini,3,3,case_033,C03,include,ok
gemini,3,3,case_033,C04,exclude,ok
gemini,3,3,case_033,C05,include,ok
gemini,3,3,case_033,C06,exclude,ok
gemini,3,3,case_033,C07,exclude,ok
gemini,3,3,case_033,C08,exclude,ok
gemini,3,3,case_033,C09,exclude,ok
gemini,3,3,case_033,C10,exclude,ok
gemini,3,3,case_034,C01,exclude,ok
gemini,3,3,case_034,C02,include,ok
gemini,3,3,case_034,C03,exclude,ok
gemini,3,3,case_034,C04,exclude,ok
gemini,3,3,case_034,C05,exclude,ok
gemini,3,3,case_034,C06,include,ok
gemini,3,3,case_034,C07,exclude,ok
gemini,3,3,case_034,C08,exclude,ok
gemini,3,3,case_034,C09,exclude,ok
gemini,3,3,case_034,C10,include,ok
gemini,3,3,case_035,C01,exclude,ok
gemini,3,3,case_035,C02,exclude,ok
gemini,3,3,case_035,C03,exclude,ok
gemini,3,3,case_035,C04,exclude,ok
gemini,3,3,case_035,C05,exclude,ok
gemini,3,3,case_035,C06,exclude,ok
gemini,3,3,case_035,C07,exclude,ok
gemini,3,3,case_035,C08,exclude,ok
gemini,3,3,case_035,C09,exclude,ok
gemini,3,3,case_035,C10,exclude,ok
gemini,3,3,case_036,C01,exclude,ok
gemini,3,3,case_036,C02,exclude,ok
gemini,3,3,case_036,C03,include,ok
gemini,3,3,case_036,C04,exclude,ok
gemini,3,3,case_036,C05,exclude,ok
gemini,3,3,case_036,C06,exclude,ok
gemini,3,3,case_036,C07,exclude,ok
gemini,3,3,case_036,C08,exclude,ok
gemini,3,3,case_036,C09,include,ok
gemini,3,3,case_036,C10,exclude,ok
gemini,3,3,case_037,C01,exclude,ok
gemini,3,3,case_037,C02,exclude,ok
gemini,3,3,case_037,C03,include,ok
gemini,3,3,case_037,C04,include,ok
gemini,3,3,case_037,C05,include,ok
gemini,3,3,case_037,C06,exclude,ok
gemini,3,3,case_037,C07,include,ok
gemini,3,3,case_037,C08,exclude,ok
gemini,3,3,case_037,C09,include,ok
gemini,3,3,case_037,C10,include,ok
gemini,3,3,case_038,C01,include,ok
gemini,3,3,case_038,C02,include,ok
gemini,3,3,case_038,C03,include,ok
gemini,3,3,case_038,C04,include,ok
gemini,3,3,case_038,C05,exclude,ok
gemini,3,3,case_038,C06,exclude,ok
gemini,3,3,case_038,C07,exclude,ok
gemini,3,3,case_038,C08,include,ok
gemini,3,3,case_038,C09,exclude,ok
gemini,3,3,case_038,C10,exclude,ok
gemini,3,3,case_039,C01,exclude,ok
gemini,3,3,case_039,C02,exclude,ok
gemini,3,3,case_039,C03,exclude,ok
gemini,3,3,case_039,C04,exclude,ok
gemini,3,3,case_039,C05,exclude,ok
gemini,3,3,case_039,C06,exclude,ok
gemini,3,3,case_039,C07,exclude,ok
gemini,3,3,case_039,C08,exclude,ok
gemini,3,3,case_039,C09,exclude,ok
gemini,3,3,case_039,C10,exclude,ok
gemini,3,3,case_040,C01,exclude,ok
gemini,3,3,case_040,C02,include,ok
gemini,3,3,case_040,C03,include,ok
gemini,3,3,case_040,C04,include,ok
gemini,3,3,case_040,C05,include,ok
gemini,3,3,case_040,C06,include,ok
gemini,3,3,case_040,C07,include,ok
gemini,3,3,case_040,C08,include,ok
gemini,3,3,case_040,C09,exclude,ok
gemini,3,3,case_040,C10,include,ok
gemini,3,3,case_041,C01,exclude,ok
gemini,3,3,case_041,C02,exclude,ok
gemini,3,3,case_041,C03,exclude,ok
gemini,3,3,case_041,C04,exclude,ok
gemini,3,3,case_041,C05,exclude,ok
gemini,3,3,case_041,C06,exclude,ok
gemini,3,3,case_041,C07,exclude,ok
gemini,3,3,case_041,C08,exclude,ok
gemini,3,3,case_041,C09,exclude,ok
gemini,3,3,case_041,C10,exclude,ok
gemini,3,3,case_042,C01,exclude,ok
gemini,3,3,case_042,C02,include,ok
gemini,3,3,case_042,C03,include,ok
gemini,3,3,case_042,C04,include,ok
gemini,3,3,case_042,C05,exclude,ok
gemini,3,3,case_042,C06,include,ok
gemini,3,3,case_042,C07,exclude,ok
gemini,3,3,case_042,C08,exclude,ok
gemini,3,3,case_042,C09,include,ok
gemini,3,3,case_042,C10,include,ok
gemini,3,3,case_043,C01,include,ok
gemini,3,3,case_043,C02,include,ok
gemini,3,3,case_043,C03,include,ok
gemini,3,3,case_043,C04,include,ok
gemini,3,3,case_043,C05,exclude,ok
gemini,3,3,case_043,C06,include,ok
gemini,3,3,case_043,C07,exclude,ok
gemini,3,3,case_043,C08,exclude,ok
gemini,3,3,case_043,C09,include,ok
gemini,3,3,case_043,C10,exclude,ok
gemini,3,3,case_044,C01,include,ok
gemini,3,3,case_044,C02,include,ok
gemini,3,3,case_044,C03,include,ok
gemini,3,3,case_044,C04,exclude,ok
gemini,3,3,case_044,C05,include,ok
gemini,3,3,case_044,C06,exclude,ok
gemini,3,3,case_044,C07,exclude,ok
gemini,3,3,case_044,C08,exclude,ok
gemini,3,3,case_044,C09,include,ok
gemini,3,3,case_044,C10,exclude,ok
gemini,3,3,case_045,C01,exclude,ok
gemini,3,3,case_045,C02,exclude,ok
gemini,3,3,case_045,C03,exclude,ok
gemini,3,3,case_045,C04,exclude,ok
gemini,3,3,case_045,C05,exclude,ok
gemini,3,3,case_045,C06,exclude,ok
gemini,3,3,case_045,C07,exclude,ok
gemini,3,3,case_045,C08,exclude,ok
gemini,3,3,case_045,C09,exclude,ok
gemini,3,3,case_045,C10,exclude,ok
gemini,3,3,case_046,C01,include,ok
gemini,3,3,case_046,C02,include,ok
gemini,3,3,case_046,C03,include,ok
gemini,3,3,case_046,C04,include,ok
gemini,3,3,case_046,C05,include,ok
gemini,3,3,case_046,C06,include,ok
gemini,3,3,case_046,C07,include,ok
gemini,3,3,case_046,C08,include,ok
gemini,3,3,case_046,C09,include,ok
gemini,3,3,case_046,C10,include,ok
gemini,3,3,case_047,C01,include,ok
gemini,3,3,case_047,C02,exclude,ok
gemini,3,3,case_047,C03,exclude,ok
gemini,3,3,case_047,C04,exclude,ok
gemini,3,3,case_047,C05,exclude,ok
gemini,3,3,case_047,C06,exclude,ok
gemini,3,3,case_047,C07,include,ok
gemini,3,3,case_047,C08,exclude,ok
gemini,3,3,case_047,C09,exclude,ok
gemini,3,3,case_047,C10,exclude,ok
gemini,3,3,case_048,C01,exclude,ok
gemini,3,3,case_048,C02,include,ok
gemini,3,3,case_048,C03,exclude,ok
gemini,3,3,case_048,C04,include,ok
gemini,3,3,case_048,C05,include,ok
gemini,3,3,case_048,C06,include,ok
gemini,3,3,case_048,C07,exclude,ok
gemini,3,3,case_048,C08,include,ok
gemini,3,3,case_048,C09,include,ok
gemini,3,3,case_048,C10,include,ok
gemini,3,3,case_049,C01,include,ok
gemini,3,3,case_049,C02,exclude,ok
gemini,3,3,case_049,C03,include,ok
gemini,3,3,case_049,C04,include,ok
gemini,3,3,case_049,C05,include,ok
gemini,3,3,case_049,C06,include,ok
gemini,3,3,case_049,C07,include,ok
gemini,3,3,case_049,C08,exclude,ok
gemini,3,3,case_049,C09,include,ok
gemini,3,3,case_049,C10,include,ok
gemini,3,3,case_050,C01,include,ok
gemini,3,3,case_050,C02,exclude,ok
gemini,3,3,case_050,C03,exclude,ok
gemini,3,3,case_050,C04,exclude,ok
gemini,3,3,case_050,C05,exclude,ok
gemini,3,3,case_050,C06,exclude,ok
gemini,3,3,case_050,C07,exclude,ok
gemini,3,3,case_050,C08,exclude,ok
gemini,3,3,case_050,C09,exclude,ok
gemini,3,3,case_050,C10,exclude,ok
gemini,3,3,case_051,C01,exclude,ok
gemini,3,3,case_051,C02,include,ok
gemini,3,3,case_051,C03,exclude,ok
gemini,3,3,case_051,C04,exclude,ok
gemini,3,3,case_051,C05,include,ok
gemini,3,3,case_051,C06,exclude,ok
gemini,3,3,case_051,C07,exclude,ok
gemini,3,3,case_051,C08,exclude,ok
gemini,3,3,case_051,C09,exclude,ok
gemini,3,3,case_051,C10,exclude,ok
gemini,3,3,case_052,C01,exclude,ok
gemini,3,3,case_052,C02,exclude,ok
gemini,3,3,case_052,C03,exclude,ok
gemini,3,3,case_052,C04,exclude,ok
gemini,3,3,case_052,C05,exclude,ok
gemini,3,3,case_052,C06,exclude,ok
gemini,3,3,case_052,C07,exclude,ok
gemini,3,3,case_052,C08,exclude,ok
gemini,3,3,case_052,C09,exclude,ok
gemini,3,3,case_052,C10,exclude,ok
gemini,3,3,case_053,C01,exclude,ok
gemini,3,3,case_053,C02,include,ok
gemini,3,3,case_053,C03,exclude,ok
gemini,3,3,case_053,C04,include,ok
gemini,3,3,case_053,C05,exclude,ok
gemini,3,3,case_053,C06,exclude,ok
gemini,3,3,case_053,C07,exclude,ok
gemini,3,3,case_053,C08,include,ok
gemini,3,3,case_053,C09,include,ok
gemini,3,3,case_053,C10,include,ok
gemini,3,3,case_054,C01,exclude,ok
gemini,3,3,case_054,C02,exclude,ok
gemini,3,3,case_054,C03,exclude,ok
gemini,3,3,case_054,C04,exclude,ok
gemini,3,3,case_054,C05,include,ok
gemini,3,3,case_054,C06,exclude,ok
gemini,3,3,case_054,C07,exclude,ok
gemini,3,3,case_054,C08,exclude,ok
gemini,3,3,case_054,C09,exclude,ok
gemini,3,3,case_054,C10,exclude,ok
gemini,3,3,case_055,C01,exclude,ok
gemini,3,3,case_055,C02,exclude,ok
gemini,3,3,case_055,C03,exclude,ok
gemini,3,3,case_055,C04,exclude,ok
gemini,3,3,case_055,C05,exclude,ok
gemini,3,3,case_055,C06,exclude,ok
gemini,3,3,case_055,C07,exclude,ok
gemini,3,3,case_055,C08,exclude,ok
gemini,3,3,case_055,C09,exclude,ok
gemini,3,3,case_055,C10,exclude,ok
gemini,3,3,case_056,C01,exclude,ok
gemini,3,3,case_056,C02,exclude,ok
gemini,3,3,case_056,C03,exclude,ok
gemini,3,3,case_056,C04,exclude,ok
gemini,3,3,case_056,C05,exclude,ok
gemini,3,3,case_056,C06,exclude,ok
gemini,3,3,case_056,C07,exclude,ok
gemini,3,3,case_056,C08,exclude,ok
gemini,3,3,case_056,C09,exclude,ok
gemini,3,3,case_056,C10,exclude,ok
gemini,3,3,case_057,C01,exclude,ok
gemini,3,3,case_057,C02,exclude,ok
gemini,3,3,case_057,C03,exclude,ok
gemini,3,3,case_057,C04,include,ok
gemini,3,3,case_057,C05,exclude,ok
gemini,3,3,case_057,C06,include,ok
gemini,3,3,case_057,C07,include,ok
gemini,3,3,case_057,C08,exclude,ok
gemini,3,3,case_057,C09,exclude,ok
gemini,3,3,case_057,C10,exclude,ok
gemini,3,3,case_058,C01,include,ok
gemini,3,3,case_058,C02,exclude,ok
gemini,3,3,case_058,C03,include,ok
gemini,3,3,case_058,C04,include,ok
gemini,3,3,case_058,C05,include,ok
gemini,3,3,case_058,C06,exclude,ok
gemini,3,3,case_058,C07,include,ok
gemini,3,3,case_058,C08,exclude,ok
gemini,3,3,case_058,C09,exclude,ok
gemini,3,3,case_058,C10,include,ok
gemini,3,3,case_059,C01,include,ok
gemini,3,3,case_059,C02,include,ok
gemini,3,3,case_059,C03,include,ok
gemini,3,3,case_059,C04,include,ok
gemini,3,3,case_059,C05,include,ok
gemini,3,3,case_059,C06,include,ok
gemini,3,3,case_059,C07,exclude,ok
gemini,3,3,case_059,C08,exclude,ok
gemini,3,3,case_059,C09,exclude,ok
gemini,3,3,case_059,C10,exclude,ok
gemini,3,3,case_060,C01,include,ok
gemini,3,3,case_060,C02,include,ok
gemini,3,3,case_060,C03,exclude,ok
gemini,3,3,case_060,C04,exclude,ok
gemini,3,3,case_060,C05,exclude,ok
gemini,3,3,case_060,C06,exclude,ok
gemini,3,3,case_060,C07,exclude,ok
gemini,3,3,case_060,C08,exclude,ok
gemini,3,3,case_060,C09,exclude,ok
gemini,3,3,case_060,C10,exclude,ok
gemini,3,3,case_061,C01,exclude,ok
gemini,3,3,case_061,C02,include,ok
gemini,3,3,case_061,C03,include,ok
gemini,3,3,case_061,C04,include,ok
gemini,3,3,case_061,C05,include,ok
gemini,3,3,case_061,C06,include,ok
gemini,3,3,case_061,C07,include,ok
gemini,3,3,case_061,C08,include,ok
gemini,3,3,case_061,C09,include,ok
gemini,3,3,case_061,C10,include,ok
gemini,3,3,case_062,C01,include,ok
gemini,3,3,case_062,C02,include,ok
gemini,3,3,case_062,C03,exclude,ok
gemini,3,3,case_062,C04,exclude,ok
gemini,3,3,case_062,C05,include,ok
gemini,3,3,case_062,C06,include,ok
gemini,3,3,case_062,C07,exclude,ok
gemini,3,3,case_062,C08,exclude,ok
gemini,3,3,case_062,C09,exclude,ok
gemini,3,3,case_062,C10,include,ok
gemini,3,3,case_063,C01,exclude,ok
gemini,3,3,case_063,C02,exclude,ok
gemini,3,3,case_063,C03,exclude,ok
gemini,3,3,case_063,C04,exclude,ok
gemini,3,3,case_063,C05,include,ok
gemini,3,3,case_063,C06,exclude,ok
gemini,3,3,case_063,C07,exclude,ok
gemini,3,3,case_063,C08,exclude,ok
gemini,3,3,case_063,C09,exclude,ok
gemini,3,3,case_063,C10,exclude,ok
gemini,3,3,case_064,C01,exclude,ok
gemini,3,3,case_064,C02,exclude,ok
gemini,3,3,case_064,C03,exclude,ok
gemini,3,3,case_064,C04,exclude,ok
gemini,3,3,case_064,C05,exclude,ok
gemini,3,3,case_064,C06,exclude,ok
gemini,3,3,case_064,C07,exclude,ok
gemini,3,3,case_064,C08,include,ok
gemini,3,3,case_064,C09,exclude,ok
gemini,3,3,case_064,C10,exclude,ok
gemini,3,3,case_065,C01,exclude,ok
gemini,3,3,case_065,C02,exclude,ok
gemini,3,3,case_065,C03,exclude,ok
gemini,3,3,case_065,C04,include,ok
gemini,3,3,case_065,C05,exclude,ok
gemini,3,3,case_065,C06,exclude,ok
gemini,3,3,case_065,C07,exclude,ok
gemini,3,3,case_065,C08,exclude,ok
gemini,3,3,case_065,C09,include,ok
gemini,3,3,case_065,C10,exclude,ok
gemini,3,3,case_066,C01,exclude,ok
gemini,3,3,case_066,C02,exclude,ok
gemini,3,3,case_066,C03,exclude,ok
gemini,3,3,case_066,C04,exclude,ok
gemini,3,3,case_066,C05,exclude,ok
gemini,3,3,case_066,C06,exclude,ok
gemini,3,3,case_066,C07,exclude,ok
gemini,3,3,case_066,C08,exclude,ok
gemini,3,3,case_066,C09,exclude,ok
gemini,3,3,case_066,C10,exclude,ok
gemini,3,3,case_067,C01,exclude,ok
gemini,3,3,case_067,C02,include,ok
gemini,3,3,case_067,C03,include,ok
gemini,3,3,case_067,C04,exclude,ok
gemini,3,3,case_067,C05,include,ok
gemini,3,3,case_067,C06,exclude,ok
gemini,3,3,case_067,C07,include,ok
gemini,3,3,case_067,C08,include,ok
gemini,3,3,case_067,C09,include,ok
gemini,3,3,case_067,C10,exclude,ok
gemini,3,3,case_068,C01,include,ok
gemini,3,3,case_068,C02,exclude,ok
gemini,3,3,case_068,C03,exclude,ok
gemini,3,3,case_068,C04,exclude,ok
gemini,3,3,case_068,C05,exclude,ok
gemini,3,3,case_068,C06,exclude,ok
gemini,3,3,case_068,C07,exclude,ok
gemini,3,3,case_068,C08,exclude,ok
gemini,3,3,case_068,C09,exclude,ok
gemini,3,3,case_068,C10,exclude,ok
gemini,3,3,case_069,C01,include,ok
gemini,3,3,case_069,C02,include,ok
gemini,3,3,case_069,C03,include,ok
gemini,3,3,case_069,C04,include,ok
gemini,3,3,case_069,C05,exclude,ok
gemini,3,3,case_069,C06,include,ok
gemini,3,3,case_069,C07,exclude,ok
gemini,3,3,case_069,C08,exclude,ok
gemini,3,3,case_069,C09,exclude,ok
gemini,3,3,case_069,C10,exclude,ok
gemini,3,3,case_070,C01,exclude,ok
gemini,3,3,case_070,C02,exclude,ok
gemini,3,3,case_070,C03,exclude,ok
gemini,3,3,case_070,C04,exclude,ok
gemini,3,3,case_070,C05,include,ok
gemini,3,3,case_070,C06,include,ok
gemini,3,3,case_070,C07,exclude,ok
gemini,3,3,case_070,C08,exclude,ok
gemini,3,3,case_070,C09,exclude,ok
gemini,3,3,case_070,C10,exclude,ok
gemini,3,3,case_071,C01,exclude,ok
gemini,3,3,case_071,C02,exclude,ok
gemini,3,3,case_071,C03,exclude,ok
gemini,3,3,case_071,C04,exclude,ok
gemini,3,3,case_071,C05,exclude,ok
gemini,3,3,case_071,C06,exclude,ok
gemini,3,3,case_071,C07,exclude,ok
gemini,3,3,case_071,C08,exclude,ok
gemini,3,3,case_071,C09,exclude,ok
gemini,3,3,case_071,C10,exclude,ok
gemini,3,3,case_072,C01,exclude,ok
gemini,3,3,case_072,C02,exclude,ok
gemini,3,3,case_072,C03,exclude,ok
gemini,3,3,case_072,C04,include,ok
gemini,3,3,case_072,C05,include,ok
gemini,3,3,case_072,C06,include,ok
gemini,3,3,case_072,C07,exclude,ok
gemini,3,3,case_072,C08,exclude,ok
gemini,3,3,case_072,C09,include,ok
gemini,3,3,case_072,C10,exclude,ok
gemini,3,3,case_073,C01,include,ok
gemini,3,3,case_073,C02,include,ok
gemini,3,3,case_073,C03,include,ok
gemini,3,3,case_073,C04,include,ok
gemini,3,3,case_073,C05,include,ok
gemini,3,3,case_073,C06,exclude,ok
gemini,3,3,case_073,C07,include,ok
gemini,3,3,case_073,C08,exclude,ok
gemini,3,3,case_073,C09,exclude,ok
gemini,3,3,case_073,C10,include,ok
gemini,3,3,case_074,C01,exclude,ok
gemini,3,3,case_074,C02,exclude,ok
gemini,3,3,case_074,C03,exclude,ok
gemini,3,3,case_074,C04,exclude,ok
gemini,3,3,case_074,C05,exclude,ok
gemini,3,3,case_074,C06,exclude,ok
gemini,3,3,case_074,C07,exclude,ok
gemini,3,3,case_074,C08,exclude,ok
gemini,3,3,case_074,C09,exclude,ok
gemini,3,3,case_074,C10,exclude,ok
gemini,3,3,case_075,C01,exclude,ok
gemini,3,3,case_075,C02,exclude,ok
gemini,3,3,case_075,C03,exclude,ok
gemini,3,3,case_075,C04,exclude,ok
gemini,3,3,case_075,C05,exclude,ok
gemini,3,3,case_075,C06,exclude,ok
gemini,3,3,case_075,C07,exclude,ok
gemini,3,3,case_075,C08,include,ok
gemini,3,3,case_075,C09,include,ok
gemini,3,3,case_075,C10,exclude,ok
gemini,3,3,case_076,C01,exclude,ok
gemini,3,3,case_076,C02,exclude,ok
gemini,3,3,case_076,C03,exclude,ok
gemini,3,3,case_076,C04,exclude,ok
gemini,3,3,case_076,C05,exclude,ok
gemini,3,3,case_076,C06,exclude,ok
gemini,3,3,case_076,C07,exclude,ok
gemini,3,3,case_076,C08,exclude,ok
gemini,3,3,case_076,C09,exclude,ok
gemini,3,3,case_076,C10,exclude,ok
gemini,3,3,case_077,C01,exclude,ok
gemini,3,3,case_077,C02,exclude,ok
gemini,3,3,case_077,C03,exclude,ok
gemini,3,3,case_077,C04,exclude,ok
gemini,3,3,case_077,C05,exclude,ok
gemini,3,3,case_077,C06,exclude,ok
gemini,3,3,case_077,C07,exclude,ok
gemini,3,3,case_077,C08,exclude,ok
gemini,3,3,case_077,C09,include,ok
gemini,3,3,case_077,C10,include,ok
gemini,3,3,case_078,C01,include,ok
gemini,3,3,case_078,C02,exclude,ok
gemini,3,3,case_078,C03,include,ok
gemini,3,3,case_078,C04,include,ok
gemini,3,3,case_078,C05,include,ok
gemini,3,3,case_078,C06,include,ok
gemini,3,3,case_078,C07,include,ok
gemini,3,3,case_078,C08,include,ok
gemini,3,3,case_078,C09,include,ok
gemini,3,3,case_078,C10,exclude,ok
gemini,3,3,case_079,C01,exclude,ok
gemini,3,3,case_079,C02,include,ok
gemini,3,3,case_079,C03,include,ok
gemini,3,3,case_079,C04,exclude,ok
gemini,3,3,case_079,C05,exclude,ok
gemini,3,3,case_079,C06,include,ok
gemini,3,3,case_079,C07,exclude,ok
gemini,3,3,case_079,C08,exclude,ok
gemini,3,3,case_079,C09,exclude,ok
gemini,3,3,case_079,C10,exclude,ok
gemini,3,3,case_080,C01,include,ok
gemini,3,3,case_080,C02,exclude,ok
gemini,3,3,case_080,C03,exclude,ok
gemini,3,3,case_080,C04,exclude,ok
gemini,3,3,case_080,C05,exclude,ok
gemini,3,3,case_080,C06,exclude,ok
gemini,3,3,case_080,C07,exclude,ok
gemini,3,3,case_080,C08,exclude,ok
gemini,3,3,case_080,C09,exclude,ok
gemini,3,3,case_080,C10,exclude,ok
gemini,3,3,case_081,C01,exclude,ok
gemini,3,3,case_081,C02,include,ok
gemini,3,3,case_081,C03,exclude,ok
gemini,3,3,case_081,C04,exclude,ok
gemini,3,3,case_081,C05,exclude,ok
gemini,3,3,case_081,C06,include,ok
gemini,3,3,case_081,C07,exclude,ok
gemini,3,3,case_081,C08,exclude,ok
gemini,3,3,case_081,C09,exclude,ok
gemini,3,3,case_081,C10,exclude,ok
gemini,3,3,case_082,C01,include,ok
gemini,3,3,case_082,C02,include,ok
gemini,3,3,case_082,C03,include,ok
gemini,3,3,case_082,C04,include,ok
gemini,3,3,case_082,C05,include,ok
gemini,3,3,case_082,C06,include,ok
gemini,3,3,case_082,C07,include,ok
gemini,3,3,case_082,C08,include,ok
gemini,3,3,case_082,C09,include,ok
gemini,3,3,case_082,C10,include,ok
gemini,3,3,case_083,C01,exclude,ok
gemini,3,3,case_083,C02,exclude,ok
gemini,3,3,case_083,C03,exclude,ok
gemini,3,3,case_083,C04,exclude,ok
gemini,3,3,case_083,C05,exclude,ok
gemini,3,3,case_083,C06,exclude,ok
gemini,3,3,case_083,C07,exclude,ok
gemini,3,3,case_083,C08,include,ok
gemini,3,3,case_083,C09,include,ok
gemini,3,3,case_083,C10,exclude,ok
gemini,3,3,case_084,C01,exclude,ok
gemini,3,3,case_084,C02,exclude,ok
gemini,3,3,case_084,C03,exclude,ok
gemini,3,3,case_084,C04,exclude,ok
gemini,3,3,case_084,C05,exclude,ok
gemini,3,3,case_084,C06,exclude,ok
gemini,3,3,case_084,C07,exclude,ok
gemini,3,3,case_084,C08,exclude,ok
gemini,3,3,case_084,C09,exclude,ok
gemini,3,3,case_084,C10,exclude,ok
gemini,3,3,case_085,C01,exclude,ok
gemini,3,3,case_085,C02,exclude,ok
gemini,3,3,case_085,C03,exclude,ok
gemini,3,3,case_085,C04,exclude,ok
gemini,3,3,case_085,C05,exclude,ok
gemini,3,3,case_085,C06,exclude,ok
gemini,3,3,case_085,C07,exclude,ok
gemini,3,3,case_085,C08,exclude,ok
gemini,3,3,case_085,C09,exclude,ok
gemini,3,3,case_085,C10,exclude,ok
gemini,3,3,case_086,C01,exclude,ok
gemini,3,3,case_086,C02,exclude,ok
gemini,3,3,case_086,C03,exclude,ok
gemini,3,3,case_086,C04,exclude,ok
gemini,3,3,case_086,C05,include,ok
gemini,3,3,case_086,C06,exclude,ok
gemini,3,3,case_086,C07,exclude,ok
gemini,3,3,case_086,C08,exclude,ok
gemini,3,3,case_086,C09,exclude,ok
gemini,3,3,case_086,C10,exclude,ok
gemini,3,3,case_087,C01,include,ok
gemini,3,3,case_087,C02,include,ok
gemini,3,3,case_087,C03,exclude,ok
gemini,3,3,case_087,C04,exclude,ok
gemini,3,3,case_087,C05,include,ok
gemini,3,3,case_087,C06,include,ok
gemini,3,3,case_087,C07,include,ok
gemini,3,3,case_087,C08,exclude,ok
gemini,3,3,case_087,C09,include,ok
gemini,3,3,case_087,C10,exclude,ok
gemini,3,3,case_088,C01,exclude,ok
gemini,3,3,case_088,C02,exclude,ok
gemini,3,3,case_088,C03,exclude,ok
gemini,3,3,case_088,C04,exclude,ok
gemini,3,3,case_088,C05,exclude,ok
gemini,3,3,case_088,C06,exclude,ok
gemini,3,3,case_088,C07,exclude,ok
gemini,3,3,case_088,C08,exclude,ok
gemini,3,3,case_088,C09,exclude,ok
gemini,3,3,case_088,C10,exclude,ok
gemini,3,3,case_089,C01,include,ok
gemini,3,3,case_089,C02,exclude,ok
gemini,3,3,case_089,C03,include,ok
gemini,3,3,case_089,C04,exclude,ok
gemini,3,3,case_089,C05,include,ok
gemini,3,3,case_089,C06,exclude,ok
gemini,3,3,case_089,C07,exclude,ok
gemini,3,3,case_089,C08,exclude,ok
gemini,3,3,case_089,C09,include,ok
gemini,3,3,case_089,C10,exclude,ok
gemini,3,3,case_090,C01,include,ok
gemini,3,3,case_090,C02,include,ok
gemini,3,3,case_090,C03,include,ok
gemini,3,3,case_090,C04,include,ok
gemini,3,3,case_090,C05,exclude,ok
gemini,3,3,case_090,C06,exclude,ok
gemini,3,3,case_090,C07,include,ok
gemini,3,3,case_090,C08,exclude,ok
gemini,3,3,case_090,C09,exclude,ok
gemini,3,3,case_090,C10,exclude,ok
gemini,3,3,case_091,C01,exclude,ok
gemini,3,3,case_091,C02,exclude,ok
gemini,3,3,case_091,C03,exclude,ok
gemini,3,3,case_091,C04,exclude,ok
gemini,3,3,case_091,C05,exclude,ok
gemini,3,3,case_091,C06,exclude,ok
gemini,3,3,case_091,C07,exclude,ok
gemini,3,3,case_091,C08,exclude,ok
gemini,3,3,case_091,C09,exclude,ok
gemini,3,3,case_091,C10,exclude,ok
gemini,3,3,case_092,C01,exclude,ok
gemini,3,3,case_092,C02,exclude,ok
gemini,3,3,case_092,C03,include,ok
gemini,3,3,case_092,C04,include,ok
gemini,3,3,case_092,C05,include,ok
gemini,3,3,case_092,C06,exclude,ok
gemini,3,3,case_092,C07,exclude,ok
gemini,3,3,case_092,C08,exclude,ok
gemini,3,3,case_092,C09,include,ok
gemini,3,3,case_092,C10,include,ok
gemini,3,3,case_093,C01,include,ok
gemini,3,3,case_093,C02,exclude,ok
gemini,3,3,case_093,C03,exclude,ok
gemini,3,3,case_093,C04,include,ok
gemini,3,3,case_093,C05,include,ok
gemini,3,3,case_093,C06,exclude,ok
gemini,3,3,case_093,C07,exclude,ok
gemini,3,3,case_093,C08,exclude,ok
gemini,3,3,case_093,C09,exclude,ok
gemini,3,3,case_093,C10,exclude,ok
gemini,3,3,case_094,C01,exclude,ok
gemini,3,3,case_094,C02,exclude,ok
gemini,3,3,case_094,C03,exclude,ok
gemini,3,3,case_094,C04,exclude,ok
gemini,3,3,case_094,C05,exclude,ok
gemini,3,3,case_094,C06,exclude,ok
gemini,3,3,case_094,C07,exclude,ok
gemini,3,3,case_094,C08,exclude,ok
gemini,3,3,case_094,C09,exclude,ok
gemini,3,3,case_094,C10,exclude,ok
gemini,3,3,case_095,C01,exclude,ok
gemini,3,3,case_095,C02,exclude,ok
gemini,3,3,case_095,C03,exclude,ok
gemini,3,3,case_095,C04,exclude,ok
gemini,3,3,case_095,C05,exclude,ok
gemini,3,3,case_095,C06,exclude,ok
gemini,3,3,case_095,C07,exclude,ok
gemini,3,3,case_095,C08,exclude,ok
gemini,3,3,case_095,C09,exclude,ok
gemini,3,3,case_095,C10,exclude,ok
gemini,3,3,case_096,C01,include,ok
gemini,3,3,case_096,C02,exclude,ok
gemini,3,3,case_096,C03,exclude,ok
gemini,3,3,case_096,C04,exclude,ok
gemini,3,3,case_096,C05,exclude,ok
gemini,3,3,case_096,C06,include,ok
gemini,3,3,case_096,C07,exclude,ok
gemini,3,3,case_096,C08,include,ok
gemini,3,3,case_096,C09,exclude,ok
gemini,3,3,case_096,C10,exclude,ok
gemini,3,3,case_097,C01,exclude,ok
gemini,3,3,case_097,C02,exclude,ok
gemini,3,3,case_097,C03,exclude,ok
gemini,3,3,case_097,C04,exclude,ok
gemini,3,3,case_097,C05,exclude,ok
gemini,3,3,case_097,C06,exclude,ok
gemini,3,3,case_097,C07,include,ok
gemini,3,3,case_097,C08,exclude,ok
gemini,3,3,case_097,C09,exclude,ok
gemini,3,3,case_097,C10,exclude,ok
gemini,3,3,case_098,C01,include,ok
gemini,3,3,case_098,C02,include,ok
gemini,3,3,case_098,C03,include,ok
gemini,3,3,case_098,C04,include,ok
gemini,3,3,case_098,C05,include,ok
gemini,3,3,case_098,C06,include,ok
gemini,3,3,case_098,C07,include,ok
gemini,3,3,case_098,C08,include,ok
gemini,3,3,case_098,C09,exclude,ok
gemini,3,3,case_098,C10,include,ok
gemini,3,3,case_099,C01,include,ok
gemini,3,3,case_099,C02,include,ok
gemini,3,3,case_099,C03,include,ok
gemini,3,3,case_099,C04,include,ok
gemini,3,3,case_099,C05,include,ok
gemini,3,3,case_099,C06,include,ok
gemini,3,3,case_099,C07,include,ok
gemini,3,3,case_099,C08,include,ok
gemini,3,3,case_099,C09,include,ok
gemini,3,3,case_099,C10,include,ok
gemini,3,3,case_100,C01,exclude,ok
gemini,3,3,case_100,C02,exclude,ok
gemini,3,3,case_100,C03,exclude,ok
gemini,3,3,case_100,C04,include,ok
gemini,3,3,case_100,C05,include,ok
gemini,3,3,case_100,C06,exclude,ok
gemini,3,3,case_100,C07,exclude,ok
gemini,3,3,case_100,C08,exclude,ok
gemini,3,3,case_100,C09,exclude,ok
gemini,3,3,case_100,C10,exclude,ok
jeff,1,1,case_001,C01,exclude,ok
jeff,1,1,case_001,C02,include,ok
jeff,1,1,case_001,C03,include,ok
jeff,1,1,case_001,C04,include,ok
jeff,1,1,case_001,C05,include,ok
jeff,1,1,case_001,C06,include,ok
jeff,1,1,case_001,C07,include,ok
jeff,1,1,case_001,C08,include,ok
jeff,1,1,case_001,C09,exclude,ok
jeff,1,1,case_001,C10,include,ok
jeff,1,1,case_002,C01,include,ok
jeff,1,1,case_002,C02,exclude,ok
jeff,1,1,case_002,C03,exclude,ok
jeff,1,1,case_002,C04,exclude,ok
jeff,1,1,case_002,C05,exclude,ok
jeff,1,1,case_002,C06,include,ok
jeff,1,1,case_002,C07,exclude,ok
jeff,1,1,case_002,C08,include,ok
jeff,1,1,case_002,C09,include,ok
jeff,1,1,case_002,C10,exclude,ok
jeff,1,1,case_003,C01,exclude,ok
jeff,1,1,case_003,C02,include,ok
jeff,1,1,case_003,C03,exclude,ok
jeff,1,1,case_003,C04,exclude,ok
jeff,1,1,case_003,C05,exclude,ok
jeff,1,1,case_003,C06,exclude,ok
jeff,1,1,case_003,C07,exclude,ok
jeff,1,1,case_003,C08,include,ok
jeff,1,1,case_003,C09,exclude,ok
jeff,1,1,case_003,C10,exclude,ok
jeff,1,1,case_004,C01,exclude,ok
jeff,1,1,case_004,C02,exclude,ok
jeff,1,1,case_004,C03,include,ok
jeff,1,1,case_004,C04,include,ok
jeff,1,1,case_004,C05,exclude,ok
jeff,1,1,case_004,C06,exclude,ok
jeff,1,1,case_004,C07,exclude,ok
jeff,1,1,case_004,C08,include,ok
jeff,1,1,case_004,C09,include,ok
jeff,1,1,case_004,C10,include,ok
jeff,1,1,case_005,C01,exclude,ok
jeff,1,1,case_005,C02,exclude,ok
jeff,1,1,case_005,C03,exclude,ok
jeff,1,1,case_005,C04,exclude,ok
jeff,1,1,case_005,C05,exclude,ok
jeff,1,1,case_005,C06,exclude,ok
jeff,1,1,case_005,C07,exclude,ok
jeff,1,1,case_005,C08,exclude,ok
jeff,1,1,case_005,C09,include,ok
jeff,1,1,case_005,C10,exclude,ok
jeff,1,1,case_006,C01,exclude,ok
jeff,1,1,case_006,C02,exclude,ok
jeff,1,1,case_006,C03,exclude,ok
jeff,1,1,case_006,C04,exclude,ok
jeff,1,1,case_006,C05,exclude,ok
jeff,1,1,case_006,C06,exclude,ok
jeff,1,1,case_006,C07,include,ok
jeff,1,1,case_006,C08,include,ok
jeff,1,1,case_006,C09,include,ok
jeff,1,1,case_006,C10,exclude,ok
jeff,1,1,case_007,C01,include,ok
jeff,1,1,case_007,C02,exclude,ok
jeff,1,1,case_007,C03,exclude,ok
jeff,1,1,case_007,C04,exclude,ok
jeff,1,1,case_007,C05,include,ok
jeff,1,1,case_007,C06,include,ok
jeff,1,1,case_007,C07,include,ok
jeff,1,1,case_007,C08,exclude,ok
jeff,1,1,case_007,C09,exclude,ok
jeff,1,1,case_007,C10,exclude,ok
jeff,1,1,case_008,C01,include,ok
jeff,1,1,case_008,C02,exclude,ok
jeff,1,1,case_008,C03,include,ok
jeff,1,1,case_008,C04,include,ok
jeff,1,1,case_008,C05,include,ok
jeff,1,1,case_008,C06,include,ok
jeff,1,1,case_008,C07,include,ok
jeff,1,1,case_008,C08,include,ok
jeff,1,1,case_008,C09,exclude,ok
jeff,1,1,case_008,C10,include,ok
jeff,1,1,case_009,C01,exclude,ok
jeff,1,1,case_009,C02,exclude,ok
jeff,1,1,case_009,C03,exclude,ok
jeff,1,1,case_009,C04,exclude,ok
jeff,1,1,case_009,C05,exclude,ok
jeff,1,1,case_009,C06,include,ok
jeff,1,1,case_009,C07,exclude,ok
jeff,1,1,case_009,C08,exclude,ok
jeff,1,1,case_009,C09,include,ok
jeff,1,1,case_009,C10,include,ok
jeff,1,1,case_010,C01,include,ok
jeff,1,1,case_010,C02,exclude,ok
jeff,1,1,case_010,C03,exclude,ok
jeff,1,1,case_010,C04,exclude,ok
jeff,1,1,case_010,C05,exclude,ok
jeff,1,1,case_010,C06,include,ok
jeff,1,1,case_010,C07,exclude,ok
jeff,1,1,case_010,C08,exclude,ok
jeff,1,1,case_010,C09,include,ok
jeff,1,1,case_010,C10,exclude,ok
jeff,1,1,case_011,C01,exclude,ok
jeff,1,1,case_011,C02,include,ok
jeff,1,1,case_011,C03,include,ok
jeff,1,1,case_011,C04,exclude,ok
jeff,1,1,case_011,C05,include,ok
jeff,1,1,case_011,C06,exclude,ok
jeff,1,1,case_011,C07,include,ok
jeff,1,1,case_011,C08,exclude,ok
jeff,1,1,case_011,C09,exclude,ok
jeff,1,1,case_011,C10,include,ok
jeff,1,1,case_012,C01,exclude,ok
jeff,1,1,case_012,C02,exclude,ok
jeff,1,1,case_012,C03,exclude,ok
jeff,1,1,case_012,C04,exclude,ok
jeff,1,1,case_012,C05,include,ok
jeff,1,1,case_012,C06,exclude,ok
jeff,1,1,case_012,C07,exclude,ok
jeff,1,1,case_012,C08,exclude,ok
jeff,1,1,case_012,C09,exclude,ok
jeff,1,1,case_012,C10,include,ok
jeff,1,1,case_013,C01,exclude,ok
jeff,1,1,case_013,C02,exclude,ok
jeff,1,1,case_013,C03,exclude,ok
jeff,1,1,case_013,C04,exclude,ok
jeff,1,1,case_013,C05,exclude,ok
jeff,1,1,case_013,C06,exclude,ok
jeff,1,1,case_013,C07,exclude,ok
jeff,1,1,case_013,C08,exclude,ok
jeff,1,1,case_013,C09,exclude,ok
jeff,1,1,case_013,C10,exclude,ok
jeff,1,1,case_014,C01,exclude,ok
jeff,1,1,case_014,C02,exclude,ok
jeff,1,1,case_014,C03,exclude,ok
jeff,1,1,case_014,C04,exclude,ok
jeff,1,1,case_014,C05,exclude,ok
jeff,1,1,case_014,C06,exclude,ok
jeff,1,1,case_014,C07,exclude,ok
jeff,1,1,case_014,C08,exclude,ok
jeff,1,1,case_014,C09,exclude,ok
jeff,1,1,case_014,C10,exclude,ok
jeff,1,1,case_015,C01,exclude,ok
jeff,1,1,case_015,C02,include,ok
jeff,1,1,case_015,C03,include,ok
jeff,1,1,case_015,C04,include,ok
jeff,1,1,case_015,C05,include,ok
jeff,1,1,case_015,C06,exclude,ok
jeff,1,1,case_015,C07,exclude,ok
jeff,1,1,case_015,C08,exclude,ok
jeff,1,1,case_015,C09,include,ok
jeff,1,1,case_015,C10,exclude,ok
jeff,1,1,case_016,C01,include,ok
jeff,1,1,case_016,C02,exclude,ok
jeff,1,1,case_016,C03,exclude,ok
jeff,1,1,case_016,C04,exclude,ok
jeff,1,1,case_016,C05,exclude,ok
jeff,1,1,case_016,C06,exclude,ok
jeff,1,1,case_016,C07,include,ok
jeff,1,1,case_016,C08,exclude,ok
jeff,1,1,case_016,C09,exclude,ok
jeff,1,1,case_016,C10,exclude,ok
jeff,1,1,case_017,C01,include,ok
jeff,1,1,case_017,C02,exclude,ok
jeff,1,1,case_017,C03,include,ok
jeff,1,1,case_017,C04,exclude,ok
jeff,1,1,case_017,C05,exclude,ok
jeff,1,1,case_017,C06,exclude,ok
jeff,1,1,case_017,C07,include,ok
jeff,1,1,case_017,C08,include,ok
jeff,1,1,case_017,C09,include,ok
jeff,1,1,case_017,C10,exclude,ok
jeff,1,1,case_018,C01,exclude,ok
jeff,1,1,case_018,C02,exclude,ok
jeff,1,1,case_018,C03,exclude,ok
jeff,1,1,case_018,C04,exclude,ok
jeff,1,1,case_018,C05,exclude,ok
jeff,1,1,case_018,C06,exclude,ok
jeff,1,1,case_018,C07,exclude,ok
jeff,1,1,case_018,C08,exclude,ok
jeff,1,1,case_018,C09,exclude,ok
jeff,1,1,case_018,C10,exclude,ok
jeff,1,1,case_019,C01,exclude,ok
jeff,1,1,case_019,C02,include,ok
jeff,1,1,case_019,C03,exclude,ok
jeff,1,1,case_019,C04,include,ok
jeff,1,1,case_019,C05,exclude,ok
jeff,1,1,case_019,C06,exclude,ok
jeff,1,1,case_019,C07,exclude,ok
jeff,1,1,case_019,C08,exclude,ok
jeff,1,1,case_019,C09,exclude,ok
jeff,1,1,case_019,C10,exclude,ok
jeff,1,1,case_020,C01,include,ok
jeff,1,1,case_020,C02,exclude,ok
jeff,1,1,case_020,C03,include,ok
jeff,1,1,case_020,C04,include,ok
jeff,1,1,case_020,C05,exclude,ok
jeff,1,1,case_020,C06,exclude,ok
jeff,1,1,case_020,C07,include,ok
jeff,1,1,case_020,C08,exclude,ok
jeff,1,1,case_020,C09,exclude,ok
jeff,1,1,case_020,C10,exclude,ok
jeff,1,1,case_021,C01,include,ok
jeff,1,1,case_021,C02,exclude,ok
jeff,1,1,case_021,C03,exclude,ok
jeff,1,1,case_021,C04,include,ok
jeff,1,1,case_021,C05,exclude,ok
jeff,1,1,case_021,C06,exclude,ok
jeff,1,1,case_021,C07,exclude,ok
jeff,1,1,case_021,C08,include,ok
jeff,1,1,case_021,C09,exclude,ok
jeff,1,1,case_021,C10,exclude,ok
jeff,1,1,case_022,C01,include,ok
jeff,1,1,case_022,C02,include,ok
jeff,1,1,case_022,C03,exclude,ok
jeff,1,1,case_022,C04,exclude,ok
jeff,1,1,case_022,C05,exclude,ok
jeff,1,1,case_022,C06,exclude,ok
jeff,1,1,case_022,C07,exclude,ok
jeff,1,1,case_022,C08,include,ok
jeff,1,1,case_022,C09,exclude,ok
jeff,1,1,case_022,C10,exclude,ok
jeff,1,1,case_023,C01,exclude,ok
jeff,1,1,case_023,C02,include,ok
jeff,1,1,case_023,C03,exclude,ok
jeff,1,1,case_023,C04,exclude,ok
jeff,1,1,case_023,C05,exclude,ok
jeff,1,1,case_023,C06,exclude,ok
jeff,1,1,case_023,C07,exclude,ok
jeff,1,1,case_023,C08,exclude,ok
jeff,1,1,case_023,C09,exclude,ok
jeff,1,1,case_023,C10,include,ok
jeff,1,1,case_024,C01,exclude,ok
jeff,1,1,case_024,C02,exclude,ok
jeff,1,1,case_024,C03,exclude,ok
jeff,1,1,case_024,C04,exclude,ok
jeff,1,1,case_024,C05,exclude,ok
jeff,1,1,case_024,C06,include,ok
jeff,1,1,case_024,C07,exclude,ok
jeff,1,1,case_024,C08,include,ok
jeff,1,1,case_024,C09,exclude,ok
jeff,1,1,case_024,C10,include,ok
jeff,1,1,case_025,C01,include,ok
jeff,1,1,case_025,C02,include,ok
jeff,1,1,case_025,C03,include,ok
jeff,1,1,case_025,C04,include,ok
jeff,1,1,case_025,C05,include,ok
jeff,1,1,case_025,C06,include,ok
jeff,1,1,case_025,C07,exclude,ok
jeff,1,1,case_025,C08,include,ok
jeff,1,1,case_025,C09,include,ok
jeff,1,1,case_025,C10,exclude,ok
jeff,1,1,case_026,C01,exclude,ok
jeff,1,1,case_026,C02,include,ok
jeff,1,1,case_026,C03,include,ok
jeff,1,1,case_026,C04,include,ok
jeff,1,1,case_026,C05,include,ok
jeff,1,1,case_026,C06,exclude,ok
jeff,1,1,case_026,C07,include,ok
jeff,1,1,case_026,C08,include,ok
jeff,1,1,case_026,C09,include,ok
jeff,1,1,case_026,C10,exclude,ok
jeff,1,1,case_027,C01,exclude,ok
jeff,1,1,case_027,C02,exclude,ok
jeff,1,1,case_027,C03,exclude,ok
jeff,1,1,case_027,C04,include,ok
jeff,1,1,case_027,C05,exclude,ok
jeff,1,1,case_027,C06,exclude,ok
jeff,1,1,case_027,C07,exclude,ok
jeff,1,1,case_027,C08,exclude,ok
jeff,1,1,case_027,C09,exclude,ok
jeff,1,1,case_027,C10,exclude,ok
jeff,1,1,case_028,C01,include,ok
jeff,1,1,case_028,C02,include,ok
jeff,1,1,case_028,C03,include,ok
jeff,1,1,case_028,C04,include,ok
jeff,1,1,case_028,C05,include,ok
jeff,1,1,case_028,C06,include,ok
jeff,1,1,case_028,C07,exclude,ok
jeff,1,1,case_028,C08,include,ok
jeff,1,1,case_028,C09,exclude,ok
jeff,1,1,case_028,C10,include,ok
jeff,1,1,case_029,C01,exclude,ok
jeff,1,1,case_029,C02,exclude,ok
jeff,1,1,case_029,C03,include,ok
jeff,1,1,case_029,C04,exclude,ok
jeff,1,1,case_029,C05,exclude,ok
jeff,1,1,case_029,C06,include,ok
jeff,1,1,case_029,C07,include,ok
jeff,1,1,case_029,C08,include,ok
jeff,1,1,case_029,C09,include,ok
jeff,1,1,case_029,C10,include,ok
jeff,1,1,case_030,C01,include,ok
jeff,1,1,case_030,C02,include,ok
jeff,1,1,case_030,C03,include,ok
jeff,1,1,case_030,C04,exclude,ok
jeff,1,1,case_030,C05,include,ok
jeff,1,1,case_030,C06,exclude,ok
jeff,1,1,case_030,C07,include,ok
jeff,1,1,case_030,C08,include,ok
jeff,1,1,case_030,C09,include,ok
jeff,1,1,case_030,C10,exclude,ok
jeff,1,1,case_031,C01,include,ok
jeff,1,1,case_031,C02,include,ok
jeff,1,1,case_031,C03,include,ok
jeff,1,1,case_031,C04,include,ok
jeff,1,1,case_031,C05,exclude,ok
jeff,1,1,case_031,C06,include,ok
jeff,1,1,case_031,C07,include,ok
jeff,1,1,case_031,C08,exclude,ok
jeff,1,1,case_031,C09,include,ok
jeff,1,1,case_031,C10,include,ok
jeff,1,1,case_032,C01,include,ok
jeff,1,1,case_032,C02,include,ok
jeff,1,1,case_032,C03,exclude,ok
jeff,1,1,case_032,C04,include,ok
jeff,1,1,case_032,C05,exclude,ok
jeff,1,1,case_032,C06,include,ok
jeff,1,1,case_032,C07,include,ok
jeff,1,1,case_032,C08,exclude,ok
jeff,1,1,case_032,C09,exclude,ok
jeff,1,1,case_032,C10,exclude,ok
jeff,1,1,case_033,C01,include,ok
jeff,1,1,case_033,C02,exclude,ok
jeff,1,1,case_033,C03,include,ok
jeff,1,1,case_033,C04,exclude,ok
jeff,1,1,case_033,C05,exclude,ok
jeff,1,1,case_033,C06,exclude,ok
jeff,1,1,case_033,C07,exclude,ok
jeff,1,1,case_033,C08,exclude,ok
jeff,1,1,case_033,C09,exclude,ok
jeff,1,1,case_033,C10,exclude,ok
jeff,1,1,case_034,C01,exclude,ok
jeff,1,1,case_034,C02,exclude,ok
jeff,1,1,case_034,C03,include,ok
jeff,1,1,case_034,C04,exclude,ok
jeff,1,1,case_034,C05,include,ok
jeff,1,1,case_034,C06,include,ok
jeff,1,1,case_034,C07,exclude,ok
jeff,1,1,case_034,C08,exclude,ok
jeff,1,1,case_034,C09,exclude,ok
jeff,1,1,case_034,C10,include,ok
jeff,1,1,case_035,C01,exclude,ok
jeff,1,1,case_035,C02,exclude,ok
jeff,1,1,case_035,C03,exclude,ok
jeff,1,1,case_035,C04,exclude,ok
jeff,1,1,case_035,C05,exclude,ok
jeff,1,1,case_035,C06,exclude,ok
jeff,1,1,case_035,C07,exclude,ok
jeff,1,1,case_035,C08,exclude,ok
jeff,1,1,case_035,C09,exclude,ok
jeff,1,1,case_035,C10,exclude,ok
jeff,1,1,case_036,C01,exclude,ok
jeff,1,1,case_036,C02,exclude,ok
jeff,1,1,case_036,C03,exclude,ok
jeff,1,1,case_036,C04,include,ok
jeff,1,1,case_036,C05,exclude,ok
jeff,1,1,case_036,C06,include,ok
jeff,1,1,case_036,C07,exclude,ok
jeff,1,1,case_036,C08,include,ok
jeff,1,1,case_036,C09,include,ok
jeff,1,1,case_036,C10,exclude,ok
jeff,1,1,case_037,C01,exclude,ok
jeff,1,1,case_037,C02,exclude,ok
jeff,1,1,case_037,C03,include,ok
jeff,1,1,case_037,C04,exclude,ok
jeff,1,1,case_037,C05,exclude,ok
jeff,1,1,case_037,C06,exclude,ok
jeff,1,1,case_037,C07,include,ok
jeff,1,1,case_037,C08,include,ok
jeff,1,1,case_037,C09,exclude,ok
jeff,1,1,case_037,C10,exclude,ok
jeff,1,1,case_038,C01,exclude,ok
jeff,1,1,case_038,C02,exclude,ok
jeff,1,1,case_038,C03,exclude,ok
jeff,1,1,case_038,C04,exclude,ok
jeff,1,1,case_038,C05,exclude,ok
jeff,1,1,case_038,C06,exclude,ok
jeff,1,1,case_038,C07,exclude,ok
jeff,1,1,case_038,C08,exclude,ok
jeff,1,1,case_038,C09,exclude,ok
jeff,1,1,case_038,C10,exclude,ok
jeff,1,1,case_039,C01,exclude,ok
jeff,1,1,case_039,C02,include,ok
jeff,1,1,case_039,C03,exclude,ok
jeff,1,1,case_039,C04,exclude,ok
jeff,1,1,case_039,C05,exclude,ok
jeff,1,1,case_039,C06,exclude,ok
jeff,1,1,case_039,C07,exclude,ok
jeff,1,1,case_039,C08,exclude,ok
jeff,1,1,case_039,C09,exclude,ok
jeff,1,1,case_039,C10,exclude,ok
jeff,1,1,case_040,C01,include,ok
jeff,1,1,case_040,C02,include,ok
jeff,1,1,case_040,C03,exclude,ok
jeff,1,1,case_040,C04,include,ok
jeff,1,1,case_040,C05,include,ok
jeff,1,1,case_040,C06,exclude,ok
jeff,1,1,case_040,C07,exclude,ok
jeff,1,1,case_040,C08,exclude,ok
jeff,1,1,case_040,C09,exclude,ok
jeff,1,1,case_040,C10,exclude,ok
jeff,1,1,case_041,C01,exclude,ok
jeff,1,1,case_041,C02,include,ok
jeff,1,1,case_041,C03,include,ok
jeff,1,1,case_041,C04,exclude,ok
jeff,1,1,case_041,C05,include,ok
jeff,1,1,case_041,C06,exclude,ok
jeff,1,1,case_041,C07,include,ok
jeff,1,1,case_041,C08,include,ok
jeff,1,1,case_041,C09,include,ok
jeff,1,1,case_041,C10,exclude,ok
jeff,1,1,case_042,C01,include,ok
jeff,1,1,case_042,C02,exclude,ok
jeff,1,1,case_042,C03,exclude,ok
jeff,1,1,case_042,C04,include,ok
jeff,1,1,case_042,C05,include,ok
jeff,1,1,case_042,C06,include,ok
jeff,1,1,case_042,C07,include,ok
jeff,1,1,case_042,C08,include,ok
jeff,1,1,case_042,C09,exclude,ok
jeff,1,1,case_042,C10,exclude,ok
jeff,1,1,case_043,C01,exclude,ok
jeff,1,1,case_043,C02,exclude,ok
jeff,1,1,case_043,C03,include,ok
jeff,1,1,case_043,C04,exclude,ok
jeff,1,1,case_043,C05,include,ok
jeff,1,1,case_043,C06,exclude,ok
jeff,1,1,case_043,C07,exclude,ok
jeff,1,1,case_043,C08,exclude,ok
jeff,1,1,case_043,C09,exclude,ok
jeff,1,1,case_043,C10,exclude,ok
jeff,1,1,case_044,C01,exclude,ok
jeff,1,1,case_044,C02,exclude,ok
jeff,1,1,case_044,C03,exclude,ok
jeff,1,1,case_044,C04,exclude,ok
jeff,1,1,case_044,C05,exclude,ok
jeff,1,1,case_044,C06,exclude,ok
jeff,1,1,case_044,C07,exclude,ok
jeff,1,1,case_044,C08,exclude,ok
jeff,1,1,case_044,C09,exclude,ok
jeff,1,1,case_044,C10,exclude,ok
jeff,1,1,case_045,C01,exclude,ok
jeff,1,1,case_045,C02,include,ok
jeff,1,1,case_045,C03,exclude,ok
jeff,1,1,case_045,C04,include,ok
jeff,1,1,case_045,C05,exclude,ok
jeff,1,1,case_045,C06,exclude,ok
jeff,1,1,case_045,C07,exclude,ok
jeff,1,1,case_045,C08,exclude,ok
jeff,1,1,case_045,C09,exclude,ok
jeff,1,1,case_045,C10,exclude,ok
jeff,1,1,case_046,C01,include,ok
jeff,1,1,case_046,C02,exclude,ok
jeff,1,1,case_046,C03,exclude,ok
jeff,1,1,case_046,C04,exclude,ok
jeff,1,1,case_046,C05,include,ok
jeff,1,1,case_046,C06,include,ok
jeff,1,1,case_046,C07,include,ok
jeff,1,1,case_046,C08,exclude,ok
jeff,1,1,case_046,C09,exclude,ok
jeff,1,1,case_046,C10,include,ok
jeff,1,1,case_047,C01,include,ok
jeff,1,1,case_047,C02,exclude,ok
jeff,1,1,case_047,C03,exclude,ok
jeff,1,1,case_047,C04,exclude,ok
jeff,1,1,case_047,C05,exclude,ok
jeff,1,1,case_047,C06,include,ok
jeff,1,1,case_047,C07,include,ok
jeff,1,1,case_047,C08,include,ok
jeff,1,1,case_047,C09,include,ok
jeff,1,1,case_047,C10,include,ok
jeff,1,1,case_048,C01,exclude,ok
jeff,1,1,case_048,C02,exclude,ok
jeff,1,1,case_048,C03,exclude,ok
jeff,1,1,case_048,C04,exclude,ok
jeff,1,1,case_048,C05,exclude,ok
jeff,1,1,case_048,C06,exclude,ok
jeff,1,1,case_048,C07,exclude,ok
jeff,1,1,case_048,C08,exclude,ok
jeff,1,1,case_048,C09,exclude,ok
jeff,1,1,case_048,C10,exclude,ok
jeff,1,1,case_049,C01,exclude,ok
jeff,1,1,case_049,C02,include,ok
jeff,1,1,case_049,C03,include,ok
jeff,1,1,case_049,C04,include,ok
jeff,1,1,case_049,C05,exclude,ok
jeff,1,1,case_049,C06,include,ok
jeff,1,1,case_049,C07,include,ok
jeff,1,1,case_049,C08,exclude,ok
jeff,1,1,case_049,C09,include,ok
jeff,1,1,case_049,C10,include,ok
jeff,1,1,case_050,C01,exclude,ok
jeff,1,1,case_050,C02,exclude,ok
jeff,1,1,case_050,C03,include,ok
jeff,1,1,case_050,C04,include,ok
jeff,1,1,case_050,C05,include,ok
jeff,1,1,case_050,C06,exclude,ok
jeff,1,1,case_050,C07,include,ok
jeff,1,1,case_050,C08,include,ok
jeff,1,1,case_050,C09,include,ok
jeff,1,1,case_050,C10,include,ok
jeff,1,1,case_051,C01,exclude,ok
jeff,1,1,case_051,C02,exclude,ok
jeff,1,1,case_051,C03,exclude,ok
jeff,1,1,case_051,C04,exclude,ok
jeff,1,1,case_051,C05,exclude,ok
jeff,1,1,case_051,C06,exclude,ok
jeff,1,1,case_051,C07,exclude,ok
jeff,1,1,case_051,C08,exclude,ok
jeff,1,1,case_051,C09,exclude,ok
jeff,1,1,case_051,C10,exclude,ok
jeff,1,1,case_052,C01,exclude,ok
jeff,1,1,case_052,C02,exclude,ok
jeff,1,1,case_052,C03,exclude,ok
jeff,1,1,case_052,C04,exclude,ok
jeff,1,1,case_052,C05,exclude,ok
jeff,1,1,case_052,C06,exclude,ok
jeff,1,1,case_052,C07,exclude,ok
jeff,1,1,case_052,C08,exclude,ok
jeff,1,1,case_052,C09,exclude,ok
jeff,1,1,case_052,C10,exclude,ok
jeff,1,1,case_053,C01,exclude,ok
jeff,1,1,case_053,C02,exclude,ok
jeff,1,1,case_053,C03,exclude,ok
jeff,1,1,case_053,C04,include,ok
jeff,1,1,case_053,C05,exclude,ok
jeff,1,1,case_053,C06,include,ok
jeff,1,1,case_053,C07,exclude,ok
jeff,1,1,case_053,C08,include,ok
jeff,1,1,case_053,C09,exclude,ok
jeff,1,1,case_053,C10,exclude,ok
jeff,1,1,case_054,C01,include,ok
jeff,1,1,case_054,C02,exclude,ok
jeff,1,1,case_054,C03,exclude,ok
jeff,1,1,case_054,C04,exclude,ok
jeff,1,1,case_054,C05,include,ok
jeff,1,1,case_054,C06,exclude,ok
jeff,1,1,case_054,C07,include,ok
jeff,1,1,case_054,C08,exclude,ok
jeff,1,1,case_054,C09,exclude,ok
jeff,1,1,case_054,C10,exclude,ok
jeff,1,1,case_055,C01,exclude,ok
jeff,1,1,case_055,C02,exclude,ok
jeff,1,1,case_055,C03,exclude,ok
jeff,1,1,case_055,C04,exclude,ok
jeff,1,1,case_055,C05,exclude,ok
jeff,1,1,case_055,C06,exclude,ok
jeff,1,1,case_055,C07,exclude,ok
jeff,1,1,case_055,C08,exclude,ok
jeff,1,1,case_055,C09,exclude,ok
jeff,1,1,case_055,C10,exclude,ok
jeff,1,1,case_056,C01,include,ok
jeff,1,1,case_056,C02,exclude,ok
jeff,1,1,case_056,C03,exclude,ok
jeff,1,1,case_056,C04,exclude,ok
jeff,1,1,case_056,C05,exclude,ok
jeff,1,1,case_056,C06,include,ok
jeff,1,1,case_056,C07,exclude,ok
jeff,1,1,case_056,C08,exclude,ok
jeff,1,1,case_056,C09,exclude,ok
jeff,1,1,case_056,C10,exclude,ok
jeff,1,1,case_057,C01,include,ok
jeff,1,1,case_057,C02,exclude,ok
jeff,1,1,case_057,C03,include,ok
jeff,1,1,case_057,C04,exclude,ok
jeff,1,1,case_057,C05,exclude,ok
jeff,1,1,case_057,C06,include,ok
jeff,1,1,case_057,C07,exclude,ok
jeff,1,1,case_057,C08,include,ok
jeff,1,1,case_057,C09,include,ok
jeff,1,1,case_057,C10,exclude,ok
jeff,1,1,case_058,C01,include,ok
jeff,1,1,case_058,C02,include,ok
jeff,1,1,case_058,C03,include,ok
jeff,1,1,case_058,C04,include,ok
jeff,1,1,case_058,C05,include,ok
jeff,1,1,case_058,C06,exclude,ok
jeff,1,1,case_058,C07,exclude,ok
jeff,1,1,case_058,C08,include,ok
jeff,1,1,case_058,C09,include,ok
jeff,1,1,case_058,C10,exclude,ok
jeff,1,1,case_059,C01,exclude,ok
jeff,1,1,case_059,C02,exclude,ok
jeff,1,1,case_059,C03,exclude,ok
jeff,1,1,case_059,C04,exclude,ok
jeff,1,1,case_059,C05,exclude,ok
jeff,1,1,case_059,C06,include,ok
jeff,1,1,case_059,C07,exclude,ok
jeff,1,1,case_059,C08,exclude,ok
jeff,1,1,case_059,C09,exclude,ok
jeff,1,1,case_059,C10,exclude,ok
jeff,1,1,case_060,C01,exclude,ok
jeff,1,1,case_060,C02,exclude,ok
jeff,1,1,case_060,C03,exclude,ok
jeff,1,1,case_060,C04,include,ok
jeff,1,1,case_060,C05,exclude,ok
jeff,1,1,case_060,C06,exclude,ok
jeff,1,1,case_060,C07,include,ok
jeff,1,1,case_060,C08,exclude,ok
jeff,1,1,case_060,C09,exclude,ok
jeff,1,1,case_060,C10,exclude,ok
jeff,1,1,case_061,C01,include,ok
jeff,1,1,case_061,C02,exclude,ok
jeff,1,1,case_061,C03,include,ok
jeff,1,1,case_061,C04,include,ok
jeff,1,1,case_061,C05,include,ok
jeff,1,1,case_061,C06,include,ok
jeff,1,1,case_061,C07,exclude,ok
jeff,1,1,case_061,C08,exclude,ok
jeff,1,1,case_061,C09,include,ok
jeff,1,1,case_061,C10,include,ok
jeff,1,1,case_062,C01,include,ok
jeff,1,1,case_062,C02,include,ok
jeff,1,1,case_062,C03,include,ok
jeff,1,1,case_062,C04,include,ok
jeff,1,1,case_062,C05,include,ok
jeff,1,1,case_062,C06,include,ok
jeff,1,1,case_062,C07,exclude,ok
jeff,1,1,case_062,C08,include,ok
jeff,1,1,case_062,C09,include,ok
jeff,1,1,case_062,C10,include,ok
jeff,1,1,case_063,C01,include,ok
jeff,1,1,case_063,C02,include,ok
jeff,1,1,case_063,C03,exclude,ok
jeff,1,1,case_063,C04,exclude,ok
jeff,1,1,case_063,C05,include,ok
jeff,1,1,case_063,C06,include,ok
jeff,1,1,case_063,C07,include,ok
jeff,1,1,case_063,C08,include,ok
jeff,1,1,case_063,C09,include,ok
jeff,1,1,case_063,C10,exclude,ok
jeff,1,1,case_064,C01,exclude,ok
jeff,1,1,case_064,C02,exclude,ok
jeff,1,1,case_064,C03,exclude,ok
jeff,1,1,case_064,C04,include,ok
jeff,1,1,case_064,C05,exclude,ok
jeff,1,1,case_064,C06,exclude,ok
jeff,1,1,case_064,C07,exclude,ok
jeff,1,1,case_064,C08,exclude,ok
jeff,1,1,case_064,C09,exclude,ok
jeff,1,1,case_064,C10,exclude,ok
jeff,1,1,case_065,C01,exclude,ok
jeff,1,1,case_065,C02,exclude,ok
jeff,1,1,case_065,C03,exclude,ok
jeff,1,1,case_065,C04,include,ok
jeff,1,1,case_065,C05,exclude,ok
jeff,1,1,case_065,C06,exclude,ok
jeff,1,1,case_065,C07,exclude,ok
jeff,1,1,case_065,C08,exclude,ok
jeff,1,1,case_065,C09,exclude,ok
jeff,1,1,case_065,C10,exclude,ok
jeff,1,1,case_066,C01,exclude,ok
jeff,1,1,case_066,C02,exclude,ok
jeff,1,1,case_066,C03,exclude,ok
jeff,1,1,case_066,C04,exclude,ok
jeff,1,1,case_066,C05,include,ok
jeff,1,1,case_066,C06,exclude,ok
jeff,1,1,case_066,C07,include,ok
jeff,1,1,case_066,C08,exclude,ok
jeff,1,1,case_066,C09,exclude,ok
jeff,1,1,case_066,C10,include,ok
jeff,1,1,case_067,C01,exclude,ok
jeff,1,1,case_067,C02,exclude,ok
jeff,1,1,case_067,C03,exclude,ok
jeff,1,1,case_067,C04,exclude,ok
jeff,1,1,case_067,C05,exclude,ok
jeff,1,1,case_067,C06,exclude,ok
jeff,1,1,case_067,C07,exclude,ok
jeff,1,1,case_067,C08,exclude,ok
jeff,1,1,case_067,C09,exclude,ok
jeff,1,1,case_067,C10,exclude,ok
jeff,1,1,case_068,C01,exclude,ok
jeff,1,1,case_068,C02,include,ok
jeff,1,1,case_068,C03,exclude,ok
jeff,1,1,case_068,C04,exclude,ok
jeff,1,1,case_068,C05,exclude,ok
jeff,1,1,case_068,C06,exclude,ok
jeff,1,1,case_068,C07,include,ok
jeff,1,1,case_068,C08,exclude,ok
jeff,1,1,case_068,C09,exclude,ok
jeff,1,1,case_068,C10,exclude,ok
jeff,1,1,case_069,C01,include,ok
jeff,1,1,case_069,C02,include,ok
jeff,1,1,case_069,C03,include,ok
jeff,1,1,case_069,C04,include,ok
jeff,1,1,case_069,C05,include,ok
jeff,1,1,case_069,C06,include,ok
jeff,1,1,case_069,C07,exclude,ok
jeff,1,1,case_069,C08,exclude,ok
jeff,1,1,case_069,C09,exclude,ok
jeff,1,1,case_069,C10,exclude,ok
jeff,1,1,case_070,C01,exclude,ok
jeff,1,1,case_070,C02,exclude,ok
jeff,1,1,case_070,C03,exclude,ok
jeff,1,1,case_070,C04,exclude,ok
jeff,1,1,case_070,C05,exclude,ok
jeff,1,1,case_070,C06,include,ok
jeff,1,1,case_070,C07,exclude,ok
jeff,1,1,case_070,C08,exclude,ok
jeff,1,1,case_070,C09,exclude,ok
jeff,1,1,case_070,C10,exclude,ok
jeff,1,1,case_071,C01,exclude,ok
jeff,1,1,case_071,C02,exclude,ok
jeff,1,1,case_071,C03,exclude,ok
jeff,1,1,case_071,C04,exclude,ok
jeff,1,1,case_071,C05,exclude,ok
jeff,1,1,case_071,C06,exclude,ok
jeff,1,1,case_071,C07,include,ok
jeff,1,1,case_071,C08,exclude,ok
jeff,1,1,case_071,C09,exclude,ok
jeff,1,1,case_071,C10,exclude,ok
jeff,1,1,case_072,C01,include,ok
jeff,1,1,case_072,C02,include,ok
jeff,1,1,case_072,C03,include,ok
jeff,1,1,case_072,C04,include,ok
jeff,1,1,case_072,C05,include,ok
jeff,1,1,case_072,C06,include,ok
jeff,1,1,case_072,C07,include,ok
jeff,1,1,case_072,C08,exclude,ok
jeff,1,1,case_072,C09,exclude,ok
jeff,1,1,case_072,C10,exclude,ok
jeff,1,1,case_073,C01,include,ok
jeff,1,1,case_073,C02,include,ok
jeff,1,1,case_073,C03,exclude,ok
jeff,1,1,case_073,C04,exclude,ok
jeff,1,1,case_073,C05,exclude,ok
jeff,1,1,case_073,C06,exclude,ok
jeff,1,1,case_073,C07,exclude,ok
jeff,1,1,case_073,C08,include,ok
jeff,1,1,case_073,C09,include,ok
jeff,1,1,case_073,C10,include,ok
jeff,1,1,case_074,C01,exclude,ok
jeff,1,1,case_074,C02,exclude,ok
jeff,1,1,case_074,C03,exclude,ok
jeff,1,1,case_074,C04,exclude,ok
jeff,1,1,case_074,C05,exclude,ok
jeff,1,1,case_074,C06,include,ok
jeff,1,1,case_074,C07,exclude,ok
jeff,1,1,case_074,C08,exclude,ok
jeff,1,1,case_074,C09,exclude,ok
jeff,1,1,case_074,C10,exclude,ok
jeff,1,1,case_075,C01,exclude,ok
jeff,1,1,case_075,C02,exclude,ok
jeff,1,1,case_075,C03,exclude,ok
jeff,1,1,case_075,C04,exclude,ok
jeff,1,1,case_075,C05,exclude,ok
jeff,1,1,case_075,C06,include,ok
jeff,1,1,case_075,C07,exclude,ok
jeff,1,1,case_075,C08,exclude,ok
jeff,1,1,case_075,C09,exclude,ok
jeff,1,1,case_075,C10,exclude,ok
jeff,1,1,case_076,C01,exclude,ok
jeff,1,1,case_076,C02,include,ok
jeff,1,1,case_076,C03,exclude,ok
jeff,1,1,case_076,C04,include,ok
jeff,1,1,case_076,C05,exclude,ok
jeff,1,1,case_076,C06,exclude,ok
jeff,1,1,case_076,C07,exclude,ok
jeff,1,1,case_076,C08,include,ok
jeff,1,1,case_076,C09,exclude,ok
jeff,1,1,case_076,C10,exclude,ok
jeff,1,1,case_077,C01,exclude,ok
jeff,1,1,case_077,C02,exclude,ok
jeff,1,1,case_077,C03,exclude,ok
jeff,1,1,case_077,C04,exclude,ok
jeff,1,1,case_077,C05,exclude,ok
jeff,1,1,case_077,C06,include,ok
jeff,1,1,case_077,C07,exclude,ok
jeff,1,1,case_077,C08,exclude,ok
jeff,1,1,case_077,C09,include,ok
jeff,1,1,case_077,C10,include,ok
jeff,1,1,case_078,C01,include,ok
jeff,1,1,case_078,C02,include,ok
jeff,1,1,case_078,C03,exclude,ok
jeff,1,1,case_078,C04,exclude,ok
jeff,1,1,case_078,C05,exclude,ok
jeff,1,1,case_078,C06,exclude,ok
jeff,1,1,case_078,C07,exclude,ok
jeff,1,1,case_078,C08,exclude,ok
jeff,1,1,case_078,C09,exclude,ok
jeff,1,1,case_078,C10,exclude,ok
jeff,1,1,case_079,C01,exclude,ok
jeff,1,1,case_079,C02,exclude,ok
jeff,1,1,case_079,C03,exclude,ok
jeff,1,1,case_079,C04,exclude,ok
jeff,1,1,case_079,C05,include,ok
jeff,1,1,case_079,C06,exclude,ok
jeff,1,1,case_079,C07,exclude,ok
jeff,1,1,case_079,C08,include,ok
jeff,1,1,case_079,C09,exclude,ok
jeff,1,1,case_079,C10,exclude,ok
jeff,1,1,case_080,C01,exclude,ok
jeff,1,1,case_080,C02,exclude,ok
jeff,1,1,case_080,C03,exclude,ok
jeff,1,1,case_080,C04,exclude,ok
jeff,1,1,case_080,C05,exclude,ok
jeff,1,1,case_080,C06,exclude,ok
jeff,1,1,case_080,C07,exclude,ok
jeff,1,1,case_080,C08,exclude,ok
jeff,1,1,case_080,C09,exclude,ok
jeff,1,1,case_080,C10,exclude,ok
jeff,1,1,case_081,C01,include,ok
jeff,1,1,case_081,C02,exclude,ok
jeff,1,1,case_081,C03,exclude,ok
jeff,1,1,case_081,C04,include,ok
jeff,1,1,case_081,C05,include,ok
jeff,1,1,case_081,C06,include,ok
jeff,1,1,case_081,C07,exclude,ok
jeff,1,1,case_081,C08,exclude,ok
jeff,1,1,case_081,C09,exclude,ok
jeff,1,1,case_081,C10,exclude,ok
jeff,1,1,case_082,C01,exclude,ok
jeff,1,1,case_082,C02,exclude,ok
jeff,1,1,case_082,C03,exclude,ok
jeff,1,1,case_082,C04,exclude,ok
jeff,1,1,case_082,C05,exclude,ok
jeff,1,1,case_082,C06,exclude,ok
jeff,1,1,case_082,C07,include,ok
jeff,1,1,case_082,C08,exclude,ok
jeff,1,1,case_082,C09,exclude,ok
jeff,1,1,case_082,C10,exclude,ok
jeff,1,1,case_083,C01,exclude,ok
jeff,1,1,case_083,C02,exclude,ok
jeff,1,1,case_083,C03,exclude,ok
jeff,1,1,case_083,C04,exclude,ok
jeff,1,1,case_083,C05,exclude,ok
jeff,1,1,case_083,C06,exclude,ok
jeff,1,1,case_083,C07,exclude,ok
jeff,1,1,case_083,C08,exclude,ok
jeff,1,1,case_083,C09,exclude,ok
jeff,1,1,case_083,C10,exclude,ok
jeff,1,1,case_084,C01,include,ok
jeff,1,1,case_084,C02,include,ok
jeff,1,1,case_084,C03,include,ok
jeff,1,1,case_084,C04,include,ok
jeff,1,1,case_084,C05,exclude,ok
jeff,1,1,case_084,C06,exclude,ok
jeff,1,1,case_084,C07,exclude,ok
jeff,1,1,case_084,C08,include,ok
jeff,1,1,case_084,C09,include,ok
jeff,1,1,case_084,C10,exclude,ok
jeff,1,1,case_085,C01,exclude,ok
jeff,1,1,case_085,C02,exclude,ok
jeff,1,1,case_085,C03,exclude,ok
jeff,1,1,case_085,C04,exclude,ok
jeff,1,1,case_085,C05,exclude,ok
jeff,1,1,case_085,C06,exclude,ok
jeff,1,1,case_085,C07,include,ok
jeff,1,1,case_085,C08,exclude,ok
jeff,1,1,case_085,C09,exclude,ok
jeff,1,1,case_085,C10,exclude,ok
jeff,1,1,case_086,C01,exclude,ok
jeff,1,1,case_086,C02,exclude,ok
jeff,1,1,case_086,C03,exclude,ok
jeff,1,1,case_086,C04,exclude,ok
jeff,1,1,case_086,C05,include,ok
jeff,1,1,case_086,C06,exclude,ok
jeff,1,1,case_086,C07,exclude,ok
jeff,1,1,case_086,C08,exclude,ok
jeff,1,1,case_086,C09,exclude,ok
jeff,1,1,case_086,C10,include,ok
jeff,1,1,case_087,C01,include,ok
jeff,1,1,case_087,C02,exclude,ok
jeff,1,1,case_087,C03,include,ok
jeff,1,1,case_087,C04,exclude,ok
jeff,1,1,case_087,C05,exclude,ok
jeff,1,1,case_087,C06,exclude,ok
jeff,1,1,case_087,C07,exclude,ok
jeff,1,1,case_087,C08,exclude,ok
jeff,1,1,case_087,C09,exclude,ok
jeff,1,1,case_087,C10,exclude,ok
jeff,1,1,case_088,C01,include,ok
jeff,1,1,case_088,C02,include,ok
jeff,1,1,case_088,C03,include,ok
jeff,1,1,case_088,C04,include,ok
jeff,1,1,case_088,C05,include,ok
jeff,1,1,case_088,C06,exclude,ok
jeff,1,1,case_088,C07,exclude,ok
jeff,1,1,case_088,C08,exclude,ok
jeff,1,1,case_088,C09,include,ok
jeff,1,1,case_088,C10,exclude,ok
jeff,1,1,case_089,C01,exclude,ok
jeff,1,1,case_089,C02,exclude,ok
jeff,1,1,case_089,C03,exclude,ok
jeff,1,1,case_089,C04,include,ok
jeff,1,1,case_089,C05,include,ok
jeff,1,1,case_089,C06,exclude,ok
jeff,1,1,case_089,C07,include,ok
jeff,1,1,case_089,C08,include,ok
jeff,1,1,case_089,C09,include,ok
jeff,1,1,case_089,C10,exclude,ok
jeff,1,1,case_090,C01,exclude,ok
jeff,1,1,case_090,C02,exclude,ok
jeff,1,1,case_090,C03,exclude,ok
jeff,1,1,case_090,C04,include,ok
jeff,1,1,case_090,C05,exclude,ok
jeff,1,1,case_090,C06,exclude,ok
jeff,1,1,case_090,C07,exclude,ok
jeff,1,1,case_090,C08,exclude,ok
jeff,1,1,case_090,C09,exclude,ok
jeff,1,1,case_090,C10,include,ok
jeff,1,1,case_091,C01,exclude,ok
jeff,1,1,case_091,C02,exclude,ok
jeff,1,1,case_091,C03,exclude,ok
jeff,1,1,case_091,C04,exclude,ok
jeff,1,1,case_091,C05,exclude,ok
jeff,1,1,case_091,C06,exclude,ok
jeff,1,1,case_091,C07,exclude,ok
jeff,1,1,case_091,C08,exclude,ok
jeff,1,1,case_091,C09,exclude,ok
jeff,1,1,case_091,C10,exclude,ok
jeff,1,1,case_092,C01,exclude,ok
jeff,1,1,case_092,C02,exclude,ok
jeff,1,1,case_092,C03,exclude,ok
jeff,1,1,case_092,C04,exclude,ok
jeff,1,1,case_092,C05,exclude,ok
jeff,1,1,case_092,C06,exclude,ok
jeff,1,1,case_092,C07,exclude,ok
jeff,1,1,case_092,C08,exclude,ok
jeff,1,1,case_092,C09,exclude,ok
jeff,1,1,case_092,C10,exclude,ok
jeff,1,1,case_093,C01,include,ok
jeff,1,1,case_093,C02,include,ok
jeff,1,1,case_093,C03,include,ok
jeff,1,1,case_093,C04,exclude,ok
jeff,1,1,case_093,C05,exclude,ok
jeff,1,1,case_093,C06,include,ok
jeff,1,1,case_093,C07,exclude,ok
jeff,1,1,case_093,C08,exclude,ok
jeff,1,1,case_093,C09,exclude,ok
jeff,1,1,case_093,C10,exclude,ok
jeff,1,1,case_094,C01,include,ok
jeff,1,1,case_094,C02,include,ok
jeff,1,1,case_094,C03,include,ok
jeff,1,1,case_094,C04,include,ok
jeff,1,1,case_094,C05,exclude,ok
jeff,1,1,case_094,C06,include,ok
jeff,1,1,case_094,C07,include,ok
jeff,1,1,case_094,C08,include,ok
jeff,1,1,case_094,C09,exclude,ok
jeff,1,1,case_094,C10,exclude,ok
jeff,1,1,case_095,C01,exclude,ok
jeff,1,1,case_095,C02,exclude,ok
jeff,1,1,case_095,C03,include,ok
jeff,1,1,case_095,C04,exclude,ok
jeff,1,1,case_095,C05,exclude,ok
jeff,1,1,case_095,C06,include,ok
jeff,1,1,case_095,C07,exclude,ok
jeff,1,1,case_095,C08,exclude,ok
jeff,1,1,case_095,C09,exclude,ok
jeff,1,1,case_095,C10,exclude,ok
jeff,1,1,case_096,C01,exclude,ok
jeff,1,1,case_096,C02,include,ok
jeff,1,1,case_096,C03,include,ok
jeff,1,1,case_096,C04,exclude,ok
jeff,1,1,case_096,C05,include,ok
jeff,1,1,case_096,C06,exclude,ok
jeff,1,1,case_096,C07,include,ok
jeff,1,1,case_096,C08,include,ok
jeff,1,1,case_096,C09,exclude,ok
jeff,1,1,case_096,C10,exclude,ok
jeff,1,1,case_097,C01,exclude,ok
jeff,1,1,case_097,C02,exclude,ok
jeff,1,1,case_097,C03,exclude,ok
jeff,1,1,case_097,C04,exclude,ok
jeff,1,1,case_097,C05,exclude,ok
jeff,1,1,case_097,C06,include,ok
jeff,1,1,case_097,C07,exclude,ok
jeff,1,1,case_097,C08,exclude,ok
jeff,1,1,case_097,C09,exclude,ok
jeff,1,1,case_097,C10,exclude,ok
jeff,1,1,case_098,C01,include,ok
jeff,1,1,case_098,C02,include,ok
jeff,1,1,case_098,C03,exclude,ok
jeff,1,1,case_098,C04,include,ok
jeff,1,1,case_098,C05,include,ok
jeff,1,1,case_098,C06,exclude,ok
jeff,1,1,case_098,C07,exclude,ok
jeff,1,1,case_098,C08,exclude,ok
jeff,1,1,case_098,C09,exclude,ok
jeff,1,1,case_098,C10,include,ok
jeff,1,1,case_099,C01,include,ok
jeff,1,1,case_099,C02,exclude,ok
jeff,1,1,case_099,C03,include,ok
jeff,1,1,case_099,C04,exclude,ok
jeff,1,1,case_099,C05,exclude,ok
jeff,1,1,case_099,C06,exclude,ok
jeff,1,1,case_099,C07,include,ok
jeff,1,1,case_099,C08,include,ok
jeff,1,1,case_099,C09,exclude,ok
jeff,1,1,case_099,C10,exclude,ok
jeff,1,1,case_100,C01,exclude,ok
jeff,1,1,case_100,C02,exclude,ok
jeff,1,1,case_100,C03,exclude,ok
jeff,1,1,case_100,C04,exclude,ok
jeff,1,1,case_100,C05,exclude,ok
jeff,1,1,case_100,C06,exclude,ok
jeff,1,1,case_100,C07,include,ok
jeff,1,1,case_100,C08,exclude,ok
jeff,1,1,case_100,C09,exclude,ok
jeff,1,1,case_100,C10,exclude,ok
jeff,2,2,case_001,C01,exclude,ok
jeff,2,2,case_001,C02,include,ok
jeff,2,2,case_001,C03,include,ok
jeff,2,2,case_001,C04,include,ok
jeff,2,2,case_001,C05,include,ok
jeff,2,2,case_001,C06,include,ok
jeff,2,2,case_001,C07,include,ok
jeff,2,2,case_001,C08,include,ok
jeff,2,2,case_001,C09,exclude,ok
jeff,2,2,case_001,C10,include,ok
jeff,2,2,case_002,C01,include,ok
jeff,2,2,case_002,C02,exclude,ok
jeff,2,2,case_002,C03,exclude,ok
jeff,2,2,case_002,C04,exclude,ok
jeff,2,2,case_002,C05,exclude,ok
jeff,2,2,case_002,C06,include,ok
jeff,2,2,case_002,C07,exclude,ok
jeff,2,2,case_002,C08,include,ok
jeff,2,2,case_002,C09,include,ok
jeff,2,2,case_002,C10,exclude,ok
jeff,2,2,case_003,C01,exclude,ok
jeff,2,2,case_003,C02,include,ok
jeff,2,2,case_003,C03,exclude,ok
jeff,2,2,case_003,C04,exclude,ok
jeff,2,2,case_003,C05,exclude,ok
jeff,2,2,case_003,C06,exclude,ok
jeff,2,2,case_003,C07,exclude,ok
jeff,2,2,case_003,C08,include,ok
jeff,2,2,case_003,C09,exclude,ok
jeff,2,2,case_003,C10,exclude,ok
jeff,2,2,case_004,C01,exclude,ok
jeff,2,2,case_004,C02,exclude,ok
jeff,2,2,case_004,C03,include,ok
jeff,2,2,case_004,C04,include,ok
jeff,2,2,case_004,C05,exclude,ok
jeff,2,2,case_004,C06,exclude,ok
jeff,2,2,case_004,C07,exclude,ok
jeff,2,2,case_004,C08,include,ok
jeff,2,2,case_004,C09,include,ok
jeff,2,2,case_004,C10,include,ok
jeff,2,2,case_005,C01,exclude,ok
jeff,2,2,case_005,C02,exclude,ok
jeff,2,2,case_005,C03,exclude,ok
jeff,2,2,case_005,C04,exclude,ok
jeff,2,2,case_005,C05,exclude,ok
jeff,2,2,case_005,C06,exclude,ok
jeff,2,2,case_005,C07,exclude,ok
jeff,2,2,case_005,C08,exclude,ok
jeff,2,2,case_005,C09,include,ok
jeff,2,2,case_005,C10,exclude,ok
jeff,2,2,case_006,C01,exclude,ok
jeff,2,2,case_006,C02,exclude,ok
jeff,2,2,case_006,C03,exclude,ok
jeff,2,2,case_006,C04,exclude,ok
jeff,2,2,case_006,C05,exclude,ok
jeff,2,2,case_006,C06,exclude,ok
jeff,2,2,case_006,C07,include,ok
jeff,2,2,case_006,C08,include,ok
jeff,2,2,case_006,C09,include,ok
jeff,2,2,case_006,C10,exclude,ok
jeff,2,2,case_007,C01,include,ok
jeff,2,2,case_007,C02,exclude,ok
jeff,2,2,case_007,C03,exclude,ok
jeff,2,2,case_007,C04,exclude,ok
jeff,2,2,case_007,C05,include,ok
jeff,2,2,case_007,C06,include,ok
jeff,2,2,case_007,C07,include,ok
jeff,2,2,case_007,C08,exclude,ok
jeff,2,2,case_007,C09,exclude,ok
jeff,2,2,case_007,C10,exclude,ok
jeff,2,2,case_008,C01,include,ok
jeff,2,2,case_008,C02,exclude,ok
jeff,2,2,case_008,C03,include,ok
jeff,2,2,case_008,C04,include,ok
jeff,2,2,case_008,C05,include,ok
jeff,2,2,case_008,C06,include,ok
jeff,2,2,case_008,C07,include,ok
jeff,2,2,case_008,C08,include,ok
jeff,2,2,case_008,C09,exclude,ok
jeff,2,2,case_008,C10,include,ok
jeff,2,2,case_009,C01,exclude,ok
jeff,2,2,case_009,C02,exclude,ok
jeff,2,2,case_009,C03,exclude,ok
jeff,2,2,case_009,C04,exclude,ok
jeff,2,2,case_009,C05,exclude,ok
jeff,2,2,case_009,C06,include,ok
jeff,2,2,case_009,C07,exclude,ok
jeff,2,2,case_009,C08,exclude,ok
jeff,2,2,case_009,C09,include,ok
jeff,2,2,case_009,C10,include,ok
jeff,2,2,case_010,C01,include,ok
jeff,2,2,case_010,C02,exclude,ok
jeff,2,2,case_010,C03,exclude,ok
jeff,2,2,case_010,C04,exclude,ok
jeff,2,2,case_010,C05,exclude,ok
jeff,2,2,case_010,C06,include,ok
jeff,2,2,case_010,C07,exclude,ok
jeff,2,2,case_010,C08,exclude,ok
jeff,2,2,case_010,C09,include,ok
jeff,2,2,case_010,C10,exclude,ok
jeff,2,2,case_011,C01,exclude,ok
jeff,2,2,case_011,C02,include,ok
jeff,2,2,case_011,C03,include,ok
jeff,2,2,case_011,C04,exclude,ok
jeff,2,2,case_011,C05,include,ok
jeff,2,2,case_011,C06,exclude,ok
jeff,2,2,case_011,C07,include,ok
jeff,2,2,case_011,C08,exclude,ok
jeff,2,2,case_011,C09,exclude,ok
jeff,2,2,case_011,C10,include,ok
jeff,2,2,case_012,C01,exclude,ok
jeff,2,2,case_012,C02,exclude,ok
jeff,2,2,case_012,C03,exclude,ok
jeff,2,2,case_012,C04,exclude,ok
jeff,2,2,case_012,C05,include,ok
jeff,2,2,case_012,C06,exclude,ok
jeff,2,2,case_012,C07,exclude,ok
jeff,2,2,case_012,C08,exclude,ok
jeff,2,2,case_012,C09,exclude,ok
jeff,2,2,case_012,C10,include,ok
jeff,2,2,case_013,C01,exclude,ok
jeff,2,2,case_013,C02,exclude,ok
jeff,2,2,case_013,C03,exclude,ok
jeff,2,2,case_013,C04,exclude,ok
jeff,2,2,case_013,C05,exclude,ok
jeff,2,2,case_013,C06,exclude,ok
jeff,2,2,case_013,C07,exclude,ok
jeff,2,2,case_013,C08,exclude,ok
jeff,2,2,case_013,C09,exclude,ok
jeff,2,2,case_013,C10,exclude,ok
jeff,2,2,case_014,C01,exclude,ok
jeff,2,2,case_014,C02,exclude,ok
jeff,2,2,case_014,C03,exclude,ok
jeff,2,2,case_014,C04,exclude,ok
jeff,2,2,case_014,C05,exclude,ok
jeff,2,2,case_014,C06,exclude,ok
jeff,2,2,case_014,C07,exclude,ok
jeff,2,2,case_014,C08,exclude,ok
jeff,2,2,case_014,C09,exclude,ok
jeff,2,2,case_014,C10,exclude,ok
jeff,2,2,case_015,C01,exclude,ok
jeff,2,2,case_015,C02,include,ok
jeff,2,2,case_015,C03,include,ok
jeff,2,2,case_015,C04,include,ok
jeff,2,2,case_015,C05,include,ok
jeff,2,2,case_015,C06,exclude,ok
jeff,2,2,case_015,C07,exclude,ok
jeff,2,2,case_015,C08,exclude,ok
jeff,2,2,case_015,C09,include,ok
jeff,2,2,case_015,C10,exclude,ok
jeff,2,2,case_016,C01,include,ok
jeff,2,2,case_016,C02,exclude,ok
jeff,2,2,case_016,C03,exclude,ok
jeff,2,2,case_016,C04,exclude,ok
jeff,2,2,case_016,C05,exclude,ok
jeff,2,2,case_016,C06,exclude,ok
jeff,2,2,case_016,C07,include,ok
jeff,2,2,case_016,C08,exclude,ok
jeff,2,2,case_016,C09,exclude,ok
jeff,2,2,case_016,C10,exclude,ok
jeff,2,2,case_017,C01,include,ok
jeff,2,2,case_017,C02,exclude,ok
jeff,2,2,case_017,C03,include,ok
jeff,2,2,case_017,C04,exclude,ok
jeff,2,2,case_017,C05,exclude,ok
jeff,2,2,case_017,C06,exclude,ok
jeff,2,2,case_017,C07,include,ok
jeff,2,2,case_017,C08,include,ok
jeff,2,2,case_017,C09,include,ok
jeff,2,2,case_017,C10,exclude,ok
jeff,2,2,case_018,C01,exclude,ok
jeff,2,2,case_018,C02,exclude,ok
jeff,2,2,case_018,C03,exclude,ok
jeff,2,2,case_018,C04,exclude,ok
jeff,2,2,case_018,C05,exclude,ok
jeff,2,2,case_018,C06,exclude,ok
jeff,2,2,case_018,C07,exclude,ok
jeff,2,2,case_018,C08,exclude,ok
jeff,2,2,case_018,C09,exclude,ok
jeff,2,2,case_018,C10,exclude,ok
jeff,2,2,case_019,C01,exclude,ok
jeff,2,2,case_019,C02,include,ok
jeff,2,2,case_019,C03,exclude,ok
jeff,2,2,case_019,C04,include,ok
jeff,2,2,case_019,C05,exclude,ok
jeff,2,2,case_019,C06,exclude,ok
jeff,2,2,case_019,C07,exclude,ok
jeff,2,2,case_019,C08,exclude,ok
jeff,2,2,case_019,C09,exclude,ok
jeff,2,2,case_019,C10,exclude,ok
jeff,2,2,case_020,C01,include,ok
jeff,2,2,case_020,C02,exclude,ok
jeff,2,2,case_020,C03,include,ok
jeff,2,2,case_020,C04,include,ok
jeff,2,2,case_020,C05,exclude,ok
jeff,2,2,case_020,C06,exclude,ok
jeff,2,2,case_020,C07,include,ok
jeff,2,2,case_020,C08,exclude,ok
jeff,2,2,case_020,C09,exclude,ok
jeff,2,2,case_020,C10,exclude,ok
jeff,2,2,case_021,C01,include,ok
jeff,2,2,case_021,C02,exclude,ok
jeff,2,2,case_021,C03,exclude,ok
jeff,2,2,case_021,C04,include,ok
jeff,2,2,case_021,C05,exclude,ok
jeff,2,2,case_021,C06,exclude,ok
jeff,2,2,case_021,C07,exclude,ok
jeff,2,2,case_021,C08,include,ok
jeff,2,2,case_021,C09,exclude,ok
jeff,2,2,case_021,C10,exclude,ok
jeff,2,2,case_022,C01,include,ok
jeff,2,2,case_022,C02,include,ok
jeff,2,2,case_022,C03,exclude,ok
jeff,2,2,case_022,C04,exclude,ok
jeff,2,2,case_022,C05,exclude,ok
jeff,2,2,case_022,C06,exclude,ok
jeff,2,2,case_022,C07,exclude,ok
jeff,2,2,case_022,C08,include,ok
jeff,2,2,case_022,C09,exclude,ok
jeff,2,2,case_022,C10,exclude,ok
jeff,2,2,case_023,C01,exclude,ok
jeff,2,2,case_023,C02,include,ok
jeff,2,2,case_023,C03,exclude,ok
jeff,2,2,case_023,C04,exclude,ok
jeff,2,2,case_023,C05,exclude,ok
jeff,2,2,case_023,C06,exclude,ok
jeff,2,2,case_023,C07,exclude,ok
jeff,2,2,case_023,C08,exclude,ok
jeff,2,2,case_023,C09,exclude,ok
jeff,2,2,case_023,C10,include,ok
jeff,2,2,case_024,C01,exclude,ok
jeff,2,2,case_024,C02,exclude,ok
jeff,2,2,case_024,C03,exclude,ok
jeff,2,2,case_024,C04,exclude,ok
jeff,2,2,case_024,C05,exclude,ok
jeff,2,2,case_024,C06,include,ok
jeff,2,2,case_024,C07,exclude,ok
jeff,2,2,case_024,C08,include,ok
jeff,2,2,case_024,C09,exclude,ok
jeff,2,2,case_024,C10,include,ok
jeff,2,2,case_025,C01,include,ok
jeff,2,2,case_025,C02,include,ok
jeff,2,2,case_025,C03,include,ok
jeff,2,2,case_025,C04,include,ok
jeff,2,2,case_025,C05,include,ok
jeff,2,2,case_025,C06,include,ok
jeff,2,2,case_025,C07,exclude,ok
jeff,2,2,case_025,C08,include,ok
jeff,2,2,case_025,C09,include,ok
jeff,2,2,case_025,C10,exclude,ok
jeff,2,2,case_026,C01,exclude,ok
jeff,2,2,case_026,C02,include,ok
jeff,2,2,case_026,C03,include,ok
jeff,2,2,case_026,C04,include,ok
jeff,2,2,case_026,C05,include,ok
jeff,2,2,case_026,C06,exclude,ok
jeff,2,2,case_026,C07,include,ok
jeff,2,2,case_026,C08,include,ok
jeff,2,2,case_026,C09,include,ok
jeff,2,2,case_026,C10,exclude,ok
jeff,2,2,case_027,C01,exclude,ok
jeff,2,2,case_027,C02,exclude,ok
jeff,2,2,case_027,C03,exclude,ok
jeff,2,2,case_027,C04,include,ok
jeff,2,2,case_027,C05,exclude,ok
jeff,2,2,case_027,C06,exclude,ok
jeff,2,2,case_027,C07,exclude,ok
jeff,2,2,case_027,C08,exclude,ok
jeff,2,2,case_027,C09,exclude,ok
jeff,2,2,case_027,C10,exclude,ok
jeff,2,2,case_028,C01,include,ok
jeff,2,2,case_028,C02,include,ok
jeff,2,2,case_028,C03,include,ok
jeff,2,2,case_028,C04,include,ok
jeff,2,2,case_028,C05,include,ok
jeff,2,2,case_028,C06,include,ok
jeff,2,2,case_028,C07,exclude,ok
jeff,2,2,case_028,C08,include,ok
jeff,2,2,case_028,C09,exclude,ok
jeff,2,2,case_028,C10,include,ok
jeff,2,2,case_029,C01,exclude,ok
jeff,2,2,case_029,C02,exclude,ok
jeff,2,2,case_029,C03,include,ok
jeff,2,2,case_029,C04,exclude,ok
jeff,2,2,case_029,C05,exclude,ok
jeff,2,2,case_029,C06,include,ok
jeff,2,2,case_029,C07,include,ok
jeff,2,2,case_029,C08,include,ok
jeff,2,2,case_029,C09,include,ok
jeff,2,2,case_029,C10,include,ok
jeff,2,2,case_030,C01,include,ok
jeff,2,2,case_030,C02,include,ok
jeff,2,2,case_030,C03,include,ok
jeff,2,2,case_030,C04,exclude,ok
jeff,2,2,case_030,C05,include,ok
jeff,2,2,case_030,C06,exclude,ok
jeff,2,2,case_030,C07,include,ok
jeff,2,2,case_030,C08,include,ok
jeff,2,2,case_030,C09,include,ok
jeff,2,2,case_030,C10,exclude,ok
jeff,2,2,case_031,C01,include,ok
jeff,2,2,case_031,C02,include,ok
jeff,2,2,case_031,C03,include,ok
jeff,2,2,case_031,C04,include,ok
jeff,2,2,case_031,C05,exclude,ok
jeff,2,2,case_031,C06,include,ok
jeff,2,2,case_031,C07,include,ok
jeff,2,2,case_031,C08,exclude,ok
jeff,2,2,case_031,C09,include,ok
jeff,2,2,case_031,C10,include,ok
jeff,2,2,case_032,C01,include,ok
jeff,2,2,case_032,C02,include,ok
jeff,2,2,case_032,C03,exclude,ok
jeff,2,2,case_032,C04,include,ok
jeff,2,2,case_032,C05,exclude,ok
jeff,2,2,case_032,C06,include,ok
jeff,2,2,case_032,C07,include,ok
jeff,2,2,case_032,C08,exclude,ok
jeff,2,2,case_032,C09,exclude,ok
jeff,2,2,case_032,C10,exclude,ok
jeff,2,2,case_033,C01,include,ok
jeff,2,2,case_033,C02,exclude,ok
jeff,2,2,case_033,C03,include,ok
jeff,2,2,case_033,C04,exclude,ok
jeff,2,2,case_033,C05,exclude,ok
jeff,2,2,case_033,C06,exclude,ok
jeff,2,2,case_033,C07,exclude,ok
jeff,2,2,case_033,C08,exclude,ok
jeff,2,2,case_033,C09,exclude,ok
jeff,2,2,case_033,C10,exclude,ok
jeff,2,2,case_034,C01,exclude,ok
jeff,2,2,case_034,C02,exclude,ok
jeff,2,2,case_034,C03,include,ok
jeff,2,2,case_034,C04,exclude,ok
jeff,2,2,case_034,C05,include,ok
jeff,2,2,case_034,C06,include,ok
jeff,2,2,case_034,C07,exclude,ok
jeff,2,2,case_034,C08,exclude,ok
jeff,2,2,case_034,C09,exclude,ok
jeff,2,2,case_034,C10,include,ok
jeff,2,2,case_035,C01,exclude,ok
jeff,2,2,case_035,C02,exclude,ok
jeff,2,2,case_035,C03,exclude,ok
jeff,2,2,case_035,C04,exclude,ok
jeff,2,2,case_035,C05,exclude,ok
jeff,2,2,case_035,C06,exclude,ok
jeff,2,2,case_035,C07,exclude,ok
jeff,2,2,case_035,C08,exclude,ok
jeff,2,2,case_035,C09,exclude,ok
jeff,2,2,case_035,C10,exclude,ok
jeff,2,2,case_036,C01,exclude,ok
jeff,2,2,case_036,C02,exclude,ok
jeff,2,2,case_036,C03,exclude,ok
jeff,2,2,case_036,C04,include,ok
jeff,2,2,case_036,C05,exclude,ok
jeff,2,2,case_036,C06,include,ok
jeff,2,2,case_036,C07,exclude,ok
jeff,2,2,case_036,C08,include,ok
jeff,2,2,case_036,C09,include,ok
jeff,2,2,case_036,C10,exclude,ok
jeff,2,2,case_037,C01,exclude,ok
jeff,2,2,case_037,C02,exclude,ok
jeff,2,2,case_037,C03,include,ok
jeff,2,2,case_037,C04,exclude,ok
jeff,2,2,case_037,C05,exclude,ok
jeff,2,2,case_037,C06,exclude,ok
jeff,2,2,case_037,C07,include,ok
jeff,2,2,case_037,C08,include,ok
jeff,2,2,case_037,C09,exclude,ok
jeff,2,2,case_037,C10,exclude,ok
jeff,2,2,case_038,C01,exclude,ok
jeff,2,2,case_038,C02,exclude,ok
jeff,2,2,case_038,C03,exclude,ok
jeff,2,2,case_038,C04,exclude,ok
jeff,2,2,case_038,C05,exclude,ok
jeff,2,2,case_038,C06,exclude,ok
jeff,2,2,case_038,C07,exclude,ok
jeff,2,2,case_038,C08,exclude,ok
jeff,2,2,case_038,C09,exclude,ok
jeff,2,2,case_038,C10,exclude,ok
jeff,2,2,case_039,C01,exclude,ok
jeff,2,2,case_039,C02,include,ok
jeff,2,2,case_039,C03,exclude,ok
jeff,2,2,case_039,C04,exclude,ok
jeff,2,2,case_039,C05,exclude,ok
jeff,2,2,case_039,C06,exclude,ok
jeff,2,2,case_039,C07,exclude,ok
jeff,2,2,case_039,C08,exclude,ok
jeff,2,2,case_039,C09,exclude,ok
jeff,2,2,case_039,C10,exclude,ok
jeff,2,2,case_040,C01,include,ok
jeff,2,2,case_040,C02,include,ok
jeff,2,2,case_040,C03,exclude,ok
jeff,2,2,case_040,C04,include,ok
jeff,2,2,case_040,C05,include,ok
jeff,2,2,case_040,C06,exclude,ok
jeff,2,2,case_040,C07,exclude,ok
jeff,2,2,case_040,C08,exclude,ok
jeff,2,2,case_040,C09,exclude,ok
jeff,2,2,case_040,C10,exclude,ok
jeff,2,2,case_041,C01,exclude,ok
jeff,2,2,case_041,C02,include,ok
jeff,2,2,case_041,C03,include,ok
jeff,2,2,case_041,C04,exclude,ok
jeff,2,2,case_041,C05,include,ok
jeff,2,2,case_041,C06,exclude,ok
jeff,2,2,case_041,C07,include,ok
jeff,2,2,case_041,C08,include,ok
jeff,2,2,case_041,C09,include,ok
jeff,2,2,case_041,C10,exclude,ok
jeff,2,2,case_042,C01,include,ok
jeff,2,2,case_042,C02,exclude,ok
jeff,2,2,case_042,C03,exclude,ok
jeff,2,2,case_042,C04,include,ok
jeff,2,2,case_042,C05,include,ok
jeff,2,2,case_042,C06,include,ok
jeff,2,2,case_042,C07,include,ok
jeff,2,2,case_042,C08,include,ok
jeff,2,2,case_042,C09,exclude,ok
jeff,2,2,case_042,C10,exclude,ok
jeff,2,2,case_043,C01,exclude,ok
jeff,2,2,case_043,C02,exclude,ok
jeff,2,2,case_043,C03,include,ok
jeff,2,2,case_043,C04,exclude,ok
jeff,2,2,case_043,C05,include,ok
jeff,2,2,case_043,C06,exclude,ok
jeff,2,2,case_043,C07,exclude,ok
jeff,2,2,case_043,C08,exclude,ok
jeff,2,2,case_043,C09,exclude,ok
jeff,2,2,case_043,C10,exclude,ok
jeff,2,2,case_044,C01,exclude,ok
jeff,2,2,case_044,C02,exclude,ok
jeff,2,2,case_044,C03,exclude,ok
jeff,2,2,case_044,C04,exclude,ok
jeff,2,2,case_044,C05,exclude,ok
jeff,2,2,case_044,C06,exclude,ok
jeff,2,2,case_044,C07,exclude,ok
jeff,2,2,case_044,C08,exclude,ok
jeff,2,2,case_044,C09,exclude,ok
jeff,2,2,case_044,C10,exclude,ok
jeff,2,2,case_045,C01,exclude,ok
jeff,2,2,case_045,C02,include,ok
jeff,2,2,case_045,C03,exclude,ok
jeff,2,2,case_045,C04,include,ok
jeff,2,2,case_045,C05,exclude,ok
jeff,2,2,case_045,C06,exclude,ok
jeff,2,2,case_045,C07,exclude,ok
jeff,2,2,case_045,C08,exclude,ok
jeff,2,2,case_045,C09,exclude,ok
jeff,2,2,case_045,C10,exclude,ok
jeff,2,2,case_046,C01,include,ok
jeff,2,2,case_046,C02,exclude,ok
jeff,2,2,case_046,C03,exclude,ok
jeff,2,2,case_046,C04,exclude,ok
jeff,2,2,case_046,C05,include,ok
jeff,2,2,case_046,C06,include,ok
jeff,2,2,case_046,C07,include,ok
jeff,2,2,case_046,C08,exclude,ok
jeff,2,2,case_046,C09,exclude,ok
jeff,2,2,case_046,C10,include,ok
jeff,2,2,case_047,C01,include,ok
jeff,2,2,case_047,C02,exclude,ok
jeff,2,2,case_047,C03,exclude,ok
jeff,2,2,case_047,C04,exclude,ok
jeff,2,2,case_047,C05,exclude,ok
jeff,2,2,case_047,C06,include,ok
jeff,2,2,case_047,C07,include,ok
jeff,2,2,case_047,C08,include,ok
jeff,2,2,case_047,C09,include,ok
jeff,2,2,case_047,C10,include,ok
jeff,2,2,case_048,C01,exclude,ok
jeff,2,2,case_048,C02,exclude,ok
jeff,2,2,case_048,C03,exclude,ok
jeff,2,2,case_048,C04,exclude,ok
jeff,2,2,case_048,C05,exclude,ok
jeff,2,2,case_048,C06,exclude,ok
jeff,2,2,case_048,C07,exclude,ok
jeff,2,2,case_048,C08,exclude,ok
jeff,2,2,case_048,C09,exclude,ok
jeff,2,2,case_048,C10,exclude,ok
jeff,2,2,case_049,C01,exclude,ok
jeff,2,2,case_049,C02,include,ok
jeff,2,2,case_049,C03,include,ok
jeff,2,2,case_049,C04,include,ok
jeff,2,2,case_049,C05,exclude,ok
jeff,2,2,case_049,C06,include,ok
jeff,2,2,case_049,C07,include,ok
jeff,2,2,case_049,C08,exclude,ok
jeff,2,2,case_049,C09,include,ok
jeff,2,2,case_049,C10,include,ok
jeff,2,2,case_050,C01,exclude,ok
jeff,2,2,case_050,C02,exclude,ok
jeff,2,2,case_050,C03,include,ok
jeff,2,2,case_050,C04,include,ok
jeff,2,2,case_050,C05,include,ok
jeff,2,2,case_050,C06,exclude,ok
jeff,2,2,case_050,C07,include,ok
jeff,2,2,case_050,C08,include,ok
jeff,2,2,case_050,C09,include,ok
jeff,2,2,case_050,C10,include,ok
jeff,2,2,case_051,C01,exclude,ok
jeff,2,2,case_051,C02,exclude,ok
jeff,2,2,case_051,C03,exclude,ok
jeff,2,2,case_051,C04,exclude,ok
jeff,2,2,case_051,C05,exclude,ok
jeff,2,2,case_051,C06,exclude,ok
jeff,2,2,case_051,C07,exclude,ok
jeff,2,2,case_051,C08,exclude,ok
jeff,2,2,case_051,C09,exclude,ok
jeff,2,2,case_051,C10,exclude,ok
jeff,2,2,case_052,C01,exclude,ok
jeff,2,2,case_052,C02,exclude,ok
jeff,2,2,case_052,C03,exclude,ok
jeff,2,2,case_052,C04,exclude,ok
jeff,2,2,case_052,C05,exclude,ok
jeff,2,2,case_052,C06,exclude,ok
jeff,2,2,case_052,C07,exclude,ok
jeff,2,2,case_052,C08,exclude,ok
jeff,2,2,case_052,C09,exclude,ok
jeff,2,2,case_052,C10,exclude,ok
jeff,2,2,case_053,C01,exclude,ok
jeff,2,2,case_053,C02,exclude,ok
jeff,2,2,case_053,C03,exclude,ok
jeff,2,2,case_053,C04,include,ok
jeff,2,2,case_053,C05,exclude,ok
jeff,2,2,case_053,C06,include,ok
jeff,2,2,case_053,C07,exclude,ok
jeff,2,2,case_053,C08,include,ok
jeff,2,2,case_053,C09,exclude,ok
jeff,2,2,case_053,C10,exclude,ok
jeff,2,2,case_054,C01,include,ok
jeff,2,2,case_054,C02,exclude,ok
jeff,2,2,case_054,C03,exclude,ok
jeff,2,2,case_054,C04,exclude,ok
jeff,2,2,case_054,C05,include,ok
jeff,2,2,case_054,C06,exclude,ok
jeff,2,2,case_054,C07,include,ok
jeff,2,2,case_054,C08,exclude,ok
jeff,2,2,case_054,C09,exclude,ok
jeff,2,2,case_054,C10,exclude,ok
jeff,2,2,case_055,C01,exclude,ok
jeff,2,2,case_055,C02,exclude,ok
jeff,2,2,case_055,C03,exclude,ok
jeff,2,2,case_055,C04,exclude,ok
jeff,2,2,case_055,C05,exclude,ok
jeff,2,2,case_055,C06,exclude,ok
jeff,2,2,case_055,C07,exclude,ok
jeff,2,2,case_055,C08,exclude,ok
jeff,2,2,case_055,C09,exclude,ok
jeff,2,2,case_055,C10,exclude,ok
jeff,2,2,case_056,C01,include,ok
jeff,2,2,case_056,C02,exclude,ok
jeff,2,2,case_056,C03,exclude,ok
jeff,2,2,case_056,C04,exclude,ok
jeff,2,2,case_056,C05,exclude,ok
jeff,2,2,case_056,C06,include,ok
jeff,2,2,case_056,C07,exclude,ok
jeff,2,2,case_056,C08,exclude,ok
jeff,2,2,case_056,C09,exclude,ok
jeff,2,2,case_056,C10,exclude,ok
jeff,2,2,case_057,C01,include,ok
jeff,2,2,case_057,C02,exclude,ok
jeff,2,2,case_057,C03,include,ok
jeff,2,2,case_057,C04,exclude,ok
jeff,2,2,case_057,C05,exclude,ok
jeff,2,2,case_057,C06,include,ok
jeff,2,2,case_057,C07,exclude,ok
jeff,2,2,case_057,C08,include,ok
jeff,2,2,case_057,C09,include,ok
jeff,2,2,case_057,C10,exclude,ok
jeff,2,2,case_058,C01,include,ok
jeff,2,2,case_058,C02,include,ok
jeff,2,2,case_058,C03,include,ok
jeff,2,2,case_058,C04,include,ok
jeff,2,2,case_058,C05,include,ok
jeff,2,2,case_058,C06,exclude,ok
jeff,2,2,case_058,C07,exclude,ok
jeff,2,2,case_058,C08,include,ok
jeff,2,2,case_058,C09,include,ok
jeff,2,2,case_058,C10,exclude,ok
jeff,2,2,case_059,C01,exclude,ok
jeff,2,2,case_059,C02,exclude,ok
jeff,2,2,case_059,C03,exclude,ok
jeff,2,2,case_059,C04,exclude,ok
jeff,2,2,case_059,C05,exclude,ok
jeff,2,2,case_059,C06,include,ok
jeff,2,2,case_059,C07,exclude,ok
jeff,2,2,case_059,C08,exclude,ok
jeff,2,2,case_059,C09,exclude,ok
jeff,2,2,case_059,C10,exclude,ok
jeff,2,2,case_060,C01,exclude,ok
jeff,2,2,case_060,C02,exclude,ok
jeff,2,2,case_060,C03,exclude,ok
jeff,2,2,case_060,C04,include,ok
jeff,2,2,case_060,C05,exclude,ok
jeff,2,2,case_060,C06,exclude,ok
jeff,2,2,case_060,C07,include,ok
jeff,2,2,case_060,C08,exclude,ok
jeff,2,2,case_060,C09,exclude,ok
jeff,2,2,case_060,C10,exclude,ok
jeff,2,2,case_061,C01,include,ok
jeff,2,2,case_061,C02,exclude,ok
jeff,2,2,case_061,C03,include,ok
jeff,2,2,case_061,C04,include,ok
jeff,2,2,case_061,C05,include,ok
jeff,2,2,case_061,C06,include,ok
jeff,2,2,case_061,C07,exclude,ok
jeff,2,2,case_061,C08,exclude,ok
jeff,2,2,case_061,C09,include,ok
jeff,2,2,case_061,C10,include,ok
jeff,2,2,case_062,C01,include,ok
jeff,2,2,case_062,C02,include,ok
jeff,2,2,case_062,C03,include,ok
jeff,2,2,case_062,C04,include,ok
jeff,2,2,case_062,C05,include,ok
jeff,2,2,case_062,C06,include,ok
jeff,2,2,case_062,C07,exclude,ok
jeff,2,2,case_062,C08,include,ok
jeff,2,2,case_062,C09,include,ok
jeff,2,2,case_062,C10,include,ok
jeff,2,2,case_063,C01,include,ok
jeff,2,2,case_063,C02,include,ok
jeff,2,2,case_063,C03,exclude,ok
jeff,2,2,case_063,C04,exclude,ok
jeff,2,2,case_063,C05,include,ok
jeff,2,2,case_063,C06,include,ok
jeff,2,2,case_063,C07,include,ok
jeff,2,2,case_063,C08,include,ok
jeff,2,2,case_063,C09,include,ok
jeff,2,2,case_063,C10,exclude,ok
jeff,2,2,case_064,C01,exclude,ok
jeff,2,2,case_064,C02,exclude,ok
jeff,2,2,case_064,C03,exclude,ok
jeff,2,2,case_064,C04,include,ok
jeff,2,2,case_064,C05,exclude,ok
jeff,2,2,case_064,C06,exclude,ok
jeff,2,2,case_064,C07,exclude,ok
jeff,2,2,case_064,C08,exclude,ok
jeff,2,2,case_064,C09,exclude,ok
jeff,2,2,case_064,C10,exclude,ok
jeff,2,2,case_065,C01,exclude,ok
jeff,2,2,case_065,C02,exclude,ok
jeff,2,2,case_065,C03,exclude,ok
jeff,2,2,case_065,C04,include,ok
jeff,2,2,case_065,C05,exclude,ok
jeff,2,2,case_065,C06,exclude,ok
jeff,2,2,case_065,C07,exclude,ok
jeff,2,2,case_065,C08,exclude,ok
jeff,2,2,case_065,C09,exclude,ok
jeff,2,2,case_065,C10,exclude,ok
jeff,2,2,case_066,C01,exclude,ok
jeff,2,2,case_066,C02,exclude,ok
jeff,2,2,case_066,C03,exclude,ok
jeff,2,2,case_066,C04,exclude,ok
jeff,2,2,case_066,C05,include,ok
jeff,2,2,case_066,C06,exclude,ok
jeff,2,2,case_066,C07,include,ok
jeff,2,2,case_066,C08,exclude,ok
jeff,2,2,case_066,C09,exclude,ok
jeff,2,2,case_066,C10,include,ok
jeff,2,2,case_067,C01,exclude,ok
jeff,2,2,case_067,C02,exclude,ok
jeff,2,2,case_067,C03,exclude,ok
jeff,2,2,case_067,C04,exclude,ok
jeff,2,2,case_067,C05,exclude,ok
jeff,2,2,case_067,C06,exclude,ok
jeff,2,2,case_067,C07,exclude,ok
jeff,2,2,case_067,C08,exclude,ok
jeff,2,2,case_067,C09,exclude,ok
jeff,2,2,case_067,C10,exclude,ok
jeff,2,2,case_068,C01,exclude,ok
jeff,2,2,case_068,C02,include,ok
jeff,2,2,case_068,C03,exclude,ok
jeff,2,2,case_068,C04,exclude,ok
jeff,2,2,case_068,C05,exclude,ok
jeff,2,2,case_068,C06,exclude,ok
jeff,2,2,case_068,C07,include,ok
jeff,2,2,case_068,C08,exclude,ok
jeff,2,2,case_068,C09,exclude,ok
jeff,2,2,case_068,C10,exclude,ok
jeff,2,2,case_069,C01,include,ok
jeff,2,2,case_069,C02,include,ok
jeff,2,2,case_069,C03,include,ok
jeff,2,2,case_069,C04,include,ok
jeff,2,2,case_069,C05,include,ok
jeff,2,2,case_069,C06,include,ok
jeff,2,2,case_069,C07,exclude,ok
jeff,2,2,case_069,C08,exclude,ok
jeff,2,2,case_069,C09,exclude,ok
jeff,2,2,case_069,C10,exclude,ok
jeff,2,2,case_070,C01,exclude,ok
jeff,2,2,case_070,C02,exclude,ok
jeff,2,2,case_070,C03,exclude,ok
jeff,2,2,case_070,C04,exclude,ok
jeff,2,2,case_070,C05,exclude,ok
jeff,2,2,case_070,C06,include,ok
jeff,2,2,case_070,C07,exclude,ok
jeff,2,2,case_070,C08,exclude,ok
jeff,2,2,case_070,C09,exclude,ok
jeff,2,2,case_070,C10,exclude,ok
jeff,2,2,case_071,C01,exclude,ok
jeff,2,2,case_071,C02,exclude,ok
jeff,2,2,case_071,C03,exclude,ok
jeff,2,2,case_071,C04,exclude,ok
jeff,2,2,case_071,C05,exclude,ok
jeff,2,2,case_071,C06,exclude,ok
jeff,2,2,case_071,C07,include,ok
jeff,2,2,case_071,C08,exclude,ok
jeff,2,2,case_071,C09,exclude,ok
jeff,2,2,case_071,C10,exclude,ok
jeff,2,2,case_072,C01,include,ok
jeff,2,2,case_072,C02,include,ok
jeff,2,2,case_072,C03,include,ok
jeff,2,2,case_072,C04,include,ok
jeff,2,2,case_072,C05,include,ok
jeff,2,2,case_072,C06,include,ok
jeff,2,2,case_072,C07,include,ok
jeff,2,2,case_072,C08,exclude,ok
jeff,2,2,case_072,C09,exclude,ok
jeff,2,2,case_072,C10,exclude,ok
jeff,2,2,case_073,C01,include,ok
jeff,2,2,case_073,C02,include,ok
jeff,2,2,case_073,C03,exclude,ok
jeff,2,2,case_073,C04,exclude,ok
jeff,2,2,case_073,C05,exclude,ok
jeff,2,2,case_073,C06,exclude,ok
jeff,2,2,case_073,C07,exclude,ok
jeff,2,2,case_073,C08,include,ok
jeff,2,2,case_073,C09,include,ok
jeff,2,2,case_073,C10,include,ok
jeff,2,2,case_074,C01,exclude,ok
jeff,2,2,case_074,C02,exclude,ok
jeff,2,2,case_074,C03,exclude,ok
jeff,2,2,case_074,C04,exclude,ok
jeff,2,2,case_074,C05,exclude,ok
jeff,2,2,case_074,C06,include,ok
jeff,2,2,case_074,C07,exclude,ok
jeff,2,2,case_074,C08,exclude,ok
jeff,2,2,case_074,C09,exclude,ok
jeff,2,2,case_074,C10,exclude,ok
jeff,2,2,case_075,C01,exclude,ok
jeff,2,2,case_075,C02,exclude,ok
jeff,2,2,case_075,C03,exclude,ok
jeff,2,2,case_075,C04,exclude,ok
jeff,2,2,case_075,C05,exclude,ok
jeff,2,2,case_075,C06,include,ok
jeff,2,2,case_075,C07,exclude,ok
jeff,2,2,case_075,C08,exclude,ok
jeff,2,2,case_075,C09,exclude,ok
jeff,2,2,case_075,C10,exclude,ok
jeff,2,2,case_076,C01,exclude,ok
jeff,2,2,case_076,C02,include,ok
jeff,2,2,case_076,C03,exclude,ok
jeff,2,2,case_076,C04,include,ok
jeff,2,2,case_076,C05,exclude,ok
jeff,2,2,case_076,C06,exclude,ok
jeff,2,2,case_076,C07,exclude,ok
jeff,2,2,case_076,C08,include,ok
jeff,2,2,case_076,C09,exclude,ok
jeff,2,2,case_076,C10,exclude,ok
jeff,2,2,case_077,C01,exclude,ok
jeff,2,2,case_077,C02,exclude,ok
jeff,2,2,case_077,C03,exclude,ok
jeff,2,2,case_077,C04,exclude,ok
jeff,2,2,case_077,C05,exclude,ok
jeff,2,2,case_077,C06,include,ok
jeff,2,2,case_077,C07,exclude,ok
jeff,2,2,case_077,C08,exclude,ok
jeff,2,2,case_077,C09,include,ok
jeff,2,2,case_077,C10,include,ok
jeff,2,2,case_078,C01,include,ok
jeff,2,2,case_078,C02,include,ok
jeff,2,2,case_078,C03,exclude,ok
jeff,2,2,case_078,C04,exclude,ok
jeff,2,2,case_078,C05,exclude,ok
jeff,2,2,case_078,C06,exclude,ok
jeff,2,2,case_078,C07,exclude,ok
jeff,2,2,case_078,C08,exclude,ok
jeff,2,2,case_078,C09,exclude,ok
jeff,2,2,case_078,C10,exclude,ok
jeff,2,2,case_079,C01,exclude,ok
jeff,2,2,case_079,C02,exclude,ok
jeff,2,2,case_079,C03,exclude,ok
jeff,2,2,case_079,C04,exclude,ok
jeff,2,2,case_079,C05,include,ok
jeff,2,2,case_079,C06,exclude,ok
jeff,2,2,case_079,C07,exclude,ok
jeff,2,2,case_079,C08,include,ok
jeff,2,2,case_079,C09,exclude,ok
jeff,2,2,case_079,C10,exclude,ok
jeff,2,2,case_080,C01,exclude,ok
jeff,2,2,case_080,C02,exclude,ok
jeff,2,2,case_080,C03,exclude,ok
jeff,2,2,case_080,C04,exclude,ok
jeff,2,2,case_080,C05,exclude,ok
jeff,2,2,case_080,C06,exclude,ok
jeff,2,2,case_080,C07,exclude,ok
jeff,2,2,case_080,C08,exclude,ok
jeff,2,2,case_080,C09,exclude,ok
jeff,2,2,case_080,C10,exclude,ok
jeff,2,2,case_081,C01,include,ok
jeff,2,2,case_081,C02,exclude,ok
jeff,2,2,case_081,C03,exclude,ok
jeff,2,2,case_081,C04,include,ok
jeff,2,2,case_081,C05,include,ok
jeff,2,2,case_081,C06,include,ok
jeff,2,2,case_081,C07,exclude,ok
jeff,2,2,case_081,C08,exclude,ok
jeff,2,2,case_081,C09,exclude,ok
jeff,2,2,case_081,C10,exclude,ok
jeff,2,2,case_082,C01,exclude,ok
jeff,2,2,case_082,C02,exclude,ok
jeff,2,2,case_082,C03,exclude,ok
jeff,2,2,case_082,C04,exclude,ok
jeff,2,2,case_082,C05,exclude,ok
jeff,2,2,case_082,C06,exclude,ok
jeff,2,2,case_082,C07,include,ok
jeff,2,2,case_082,C08,exclude,ok
jeff,2,2,case_082,C09,exclude,ok
jeff,2,2,case_082,C10,exclude,ok
jeff,2,2,case_083,C01,exclude,ok
jeff,2,2,case_083,C02,exclude,ok
jeff,2,2,case_083,C03,exclude,ok
jeff,2,2,case_083,C04,exclude,ok
jeff,2,2,case_083,C05,exclude,ok
jeff,2,2,case_083,C06,exclude,ok
jeff,2,2,case_083,C07,exclude,ok
jeff,2,2,case_083,C08,exclude,ok
jeff,2,2,case_083,C09,exclude,ok
jeff,2,2,case_083,C10,exclude,ok
jeff,2,2,case_084,C01,include,ok
jeff,2,2,case_084,C02,include,ok
jeff,2,2,case_084,C03,include,ok
jeff,2,2,case_084,C04,include,ok
jeff,2,2,case_084,C05,exclude,ok
jeff,2,2,case_084,C06,exclude,ok
jeff,2,2,case_084,C07,exclude,ok
jeff,2,2,case_084,C08,include,ok
jeff,2,2,case_084,C09,include,ok
jeff,2,2,case_084,C10,exclude,ok
jeff,2,2,case_085,C01,exclude,ok
jeff,2,2,case_085,C02,exclude,ok
jeff,2,2,case_085,C03,exclude,ok
jeff,2,2,case_085,C04,exclude,ok
jeff,2,2,case_085,C05,exclude,ok
jeff,2,2,case_085,C06,exclude,ok
jeff,2,2,case_085,C07,include,ok
jeff,2,2,case_085,C08,exclude,ok
jeff,2,2,case_085,C09,exclude,ok
jeff,2,2,case_085,C10,exclude,ok
jeff,2,2,case_086,C01,exclude,ok
jeff,2,2,case_086,C02,exclude,ok
jeff,2,2,case_086,C03,exclude,ok
jeff,2,2,case_086,C04,exclude,ok
jeff,2,2,case_086,C05,include,ok
jeff,2,2,case_086,C06,exclude,ok
jeff,2,2,case_086,C07,exclude,ok
jeff,2,2,case_086,C08,exclude,ok
jeff,2,2,case_086,C09,exclude,ok
jeff,2,2,case_086,C10,include,ok
jeff,2,2,case_087,C01,include,ok
jeff,2,2,case_087,C02,exclude,ok
jeff,2,2,case_087,C03,include,ok
jeff,2,2,case_087,C04,exclude,ok
jeff,2,2,case_087,C05,exclude,ok
jeff,2,2,case_087,C06,exclude,ok
jeff,2,2,case_087,C07,exclude,ok
jeff,2,2,case_087,C08,exclude,ok
jeff,2,2,case_087,C09,exclude,ok
jeff,2,2,case_087,C10,exclude,ok
jeff,2,2,case_088,C01,include,ok
jeff,2,2,case_088,C02,include,ok
jeff,2,2,case_088,C03,include,ok
jeff,2,2,case_088,C04,include,ok
jeff,2,2,case_088,C05,include,ok
jeff,2,2,case_088,C06,exclude,ok
jeff,2,2,case_088,C07,exclude,ok
jeff,2,2,case_088,C08,exclude,ok
jeff,2,2,case_088,C09,include,ok
jeff,2,2,case_088,C10,exclude,ok
jeff,2,2,case_089,C01,exclude,ok
jeff,2,2,case_089,C02,exclude,ok
jeff,2,2,case_089,C03,exclude,ok
jeff,2,2,case_089,C04,include,ok
jeff,2,2,case_089,C05,include,ok
jeff,2,2,case_089,C06,exclude,ok
jeff,2,2,case_089,C07,include,ok
jeff,2,2,case_089,C08,include,ok
jeff,2,2,case_089,C09,include,ok
jeff,2,2,case_089,C10,exclude,ok
jeff,2,2,case_090,C01,exclude,ok
jeff,2,2,case_090,C02,exclude,ok
jeff,2,2,case_090,C03,exclude,ok
jeff,2,2,case_090,C04,include,ok
jeff,2,2,case_090,C05,exclude,ok
jeff,2,2,case_090,C06,exclude,ok
jeff,2,2,case_090,C07,exclude,ok
jeff,2,2,case_090,C08,exclude,ok
jeff,2,2,case_090,C09,exclude,ok
jeff,2,2,case_090,C10,include,ok
jeff,2,2,case_091,C01,exclude,ok
jeff,2,2,case_091,C02,exclude,ok
jeff,2,2,case_091,C03,exclude,ok
jeff,2,2,case_091,C04,exclude,ok
jeff,2,2,case_091,C05,exclude,ok
jeff,2,2,case_091,C06,exclude,ok
jeff,2,2,case_091,C07,exclude,ok
jeff,2,2,case_091,C08,exclude,ok
jeff,2,2,case_091,C09,exclude,ok
jeff,2,2,case_091,C10,exclude,ok
jeff,2,2,case_092,C01,exclude,ok
jeff,2,2,case_092,C02,exclude,ok
jeff,2,2,case_092,C03,exclude,ok
jeff,2,2,case_092,C04,exclude,ok
jeff,2,2,case_092,C05,exclude,ok
jeff,2,2,case_092,C06,exclude,ok
jeff,2,2,case_092,C07,exclude,ok
jeff,2,2,case_092,C08,exclude,ok
jeff,2,2,case_092,C09,exclude,ok
jeff,2,2,case_092,C10,exclude,ok
jeff,2,2,case_093,C01,include,ok
jeff,2,2,case_093,C02,include,ok
jeff,2,2,case_093,C03,include,ok
jeff,2,2,case_093,C04,exclude,ok
jeff,2,2,case_093,C05,exclude,ok
jeff,2,2,case_093,C06,include,ok
jeff,2,2,case_093,C07,exclude,ok
jeff,2,2,case_093,C08,exclude,ok
jeff,2,2,case_093,C09,exclude,ok
jeff,2,2,case_093,C10,exclude,ok
jeff,2,2,case_094,C01,include,ok
jeff,2,2,case_094,C02,include,ok
jeff,2,2,case_094,C03,include,ok
jeff,2,2,case_094,C04,include,ok
jeff,2,2,case_094,C05,exclude,ok
jeff,2,2,case_094,C06,include,ok
jeff,2,2,case_094,C07,include,ok
jeff,2,2,case_094,C08,include,ok
jeff,2,2,case_094,C09,exclude,ok
jeff,2,2,case_094,C10,exclude,ok
jeff,2,2,case_095,C01,exclude,ok
jeff,2,2,case_095,C02,exclude,ok
jeff,2,2,case_095,C03,include,ok
jeff,2,2,case_095,C04,exclude,ok
jeff,2,2,case_095,C05,exclude,ok
jeff,2,2,case_095,C06,include,ok
jeff,2,2,case_095,C07,exclude,ok
jeff,2,2,case_095,C08,exclude,ok
jeff,2,2,case_095,C09,exclude,ok
jeff,2,2,case_095,C10,exclude,ok
jeff,2,2,case_096,C01,exclude,ok
jeff,2,2,case_096,C02,include,ok
jeff,2,2,case_096,C03,include,ok
jeff,2,2,case_096,C04,exclude,ok
jeff,2,2,case_096,C05,include,ok
jeff,2,2,case_096,C06,exclude,ok
jeff,2,2,case_096,C07,include,ok
jeff,2,2,case_096,C08,include,ok
jeff,2,2,case_096,C09,exclude,ok
jeff,2,2,case_096,C10,exclude,ok
jeff,2,2,case_097,C01,exclude,ok
jeff,2,2,case_097,C02,exclude,ok
jeff,2,2,case_097,C03,exclude,ok
jeff,2,2,case_097,C04,exclude,ok
jeff,2,2,case_097,C05,exclude,ok
jeff,2,2,case_097,C06,include,ok
jeff,2,2,case_097,C07,exclude,ok
jeff,2,2,case_097,C08,exclude,ok
jeff,2,2,case_097,C09,exclude,ok
jeff,2,2,case_097,C10,exclude,ok
jeff,2,2,case_098,C01,include,ok
jeff,2,2,case_098,C02,include,ok
jeff,2,2,case_098,C03,exclude,ok
jeff,2,2,case_098,C04,include,ok
jeff,2,2,case_098,C05,include,ok
jeff,2,2,case_098,C06,exclude,ok
jeff,2,2,case_098,C07,exclude,ok
jeff,2,2,case_098,C08,exclude,ok
jeff,2,2,case_098,C09,exclude,ok
jeff,2,2,case_098,C10,include,ok
jeff,2,2,case_099,C01,include,ok
jeff,2,2,case_099,C02,exclude,ok
jeff,2,2,case_099,C03,include,ok
jeff,2,2,case_099,C04,exclude,ok
jeff,2,2,case_099,C05,exclude,ok
jeff,2,2,case_099,C06,exclude,ok
jeff,2,2,case_099,C07,include,ok
jeff,2,2,case_099,C08,include,ok
jeff,2,2,case_099,C09,exclude,ok
jeff,2,2,case_099,C10,exclude,ok
jeff,2,2,case_100,C01,exclude,ok
jeff,2,2,case_100,C02,exclude,ok
jeff,2,2,case_100,C03,exclude,ok
jeff,2,2,case_100,C04,exclude,ok
jeff,2,2,case_100,C05,exclude,ok
jeff,2,2,case_100,C06,exclude,ok
jeff,2,2,case_100,C07,include,ok
jeff,2,2,case_100,C08,exclude,ok
jeff,2,2,case_100,C09,exclude,ok
jeff,2,2,case_100,C10,exclude,ok
jeff,3,3,case_001,C01,exclude,ok
jeff,3,3,case_001,C02,include,ok
jeff,3,3,case_001,C03,include,ok
jeff,3,3,case_001,C04,include,ok
jeff,3,3,case_001,C05,include,ok
jeff,3,3,case_001,C06,include,ok
jeff,3,3,case_001,C07,include,ok
jeff,3,3,case_001,C08,include,ok
jeff,3,3,case_001,C09,exclude,ok
jeff,3,3,case_001,C10,include,ok
jeff,3,3,case_002,C01,include,ok
jeff,3,3,case_002,C02,exclude,ok
jeff,3,3,case_002,C03,exclude,ok
jeff,3,3,case_002,C04,exclude,ok
jeff,3,3,case_002,C05,exclude,ok
jeff,3,3,case_002,C06,include,ok
jeff,3,3,case_002,C07,exclude,ok
jeff,3,3,case_002,C08,include,ok
jeff,3,3,case_002,C09,include,ok
jeff,3,3,case_002,C10,exclude,ok
jeff,3,3,case_003,C01,exclude,ok
jeff,3,3,case_003,C02,include,ok
jeff,3,3,case_003,C03,exclude,ok
jeff,3,3,case_003,C04,exclude,ok
jeff,3,3,case_003,C05,exclude,ok
jeff,3,3,case_003,C06,exclude,ok
jeff,3,3,case_003,C07,exclude,ok
jeff,3,3,case_003,C08,include,ok
jeff,3,3,case_003,C09,exclude,ok
jeff,3,3,case_003,C10,exclude,ok
jeff,3,3,case_004,C01,exclude,ok
jeff,3,3,case_004,C02,exclude,ok
jeff,3,3,case_004,C03,include,ok
jeff,3,3,case_004,C04,include,ok
jeff,3,3,case_004,C05,exclude,ok
jeff,3,3,case_004,C06,exclude,ok
jeff,3,3,case_004,C07,exclude,ok
jeff,3,3,case_004,C08,include,ok
jeff,3,3,case_004,C09,include,ok
jeff,3,3,case_004,C10,include,ok
jeff,3,3,case_005,C01,exclude,ok
jeff,3,3,case_005,C02,exclude,ok
jeff,3,3,case_005,C03,exclude,ok
jeff,3,3,case_005,C04,exclude,ok
jeff,3,3,case_005,C05,exclude,ok
jeff,3,3,case_005,C06,exclude,ok
jeff,3,3,case_005,C07,exclude,ok
jeff,3,3,case_005,C08,exclude,ok
jeff,3,3,case_005,C09,include,ok
jeff,3,3,case_005,C10,exclude,ok
jeff,3,3,case_006,C01,exclude,ok
jeff,3,3,case_006,C02,exclude,ok
jeff,3,3,case_006,C03,exclude,ok
jeff,3,3,case_006,C04,exclude,ok
jeff,3,3,case_006,C05,exclude,ok
jeff,3,3,case_006,C06,exclude,ok
jeff,3,3,case_006,C07,include,ok
jeff,3,3,case_006,C08,include,ok
jeff,3,3,case_006,C09,include,ok
jeff,3,3,case_006,C10,exclude,ok
jeff,3,3,case_007,C01,include,ok
jeff,3,3,case_007,C02,exclude,ok
jeff,3,3,case_007,C03,exclude,ok
jeff,3,3,case_007,C04,exclude,ok
jeff,3,3,case_007,C05,include,ok
jeff,3,3,case_007,C06,include,ok
jeff,3,3,case_007,C07,include,ok
jeff,3,3,case_007,C08,exclude,ok
jeff,3,3,case_007,C09,exclude,ok
jeff,3,3,case_007,C10,exclude,ok
jeff,3,3,case_008,C01,include,ok
jeff,3,3,case_008,C02,exclude,ok
jeff,3,3,case_008,C03,include,ok
jeff,3,3,case_008,C04,include,ok
jeff,3,3,case_008,C05,include,ok
jeff,3,3,case_008,C06,include,ok
jeff,3,3,case_008,C07,include,ok
jeff,3,3,case_008,C08,include,ok
jeff,3,3,case_008,C09,exclude,ok
jeff,3,3,case_008,C10,include,ok
jeff,3,3,case_009,C01,exclude,ok
jeff,3,3,case_009,C02,exclude,ok
jeff,3,3,case_009,C03,exclude,ok
jeff,3,3,case_009,C04,exclude,ok
jeff,3,3,case_009,C05,exclude,ok
jeff,3,3,case_009,C06,include,ok
jeff,3,3,case_009,C07,exclude,ok
jeff,3,3,case_009,C08,exclude,ok
jeff,3,3,case_009,C09,include,ok
jeff,3,3,case_009,C10,include,ok
jeff,3,3,case_010,C01,include,ok
jeff,3,3,case_010,C02,exclude,ok
jeff,3,3,case_010,C03,exclude,ok
jeff,3,3,case_010,C04,exclude,ok
jeff,3,3,case_010,C05,exclude,ok
jeff,3,3,case_010,C06,include,ok
jeff,3,3,case_010,C07,exclude,ok
jeff,3,3,case_010,C08,exclude,ok
jeff,3,3,case_010,C09,include,ok
jeff,3,3,case_010,C10,exclude,ok
jeff,3,3,case_011,C01,exclude,ok
jeff,3,3,case_011,C02,include,ok
jeff,3,3,case_011,C03,include,ok
jeff,3,3,case_011,C04,exclude,ok
jeff,3,3,case_011,C05,include,ok
jeff,3,3,case_011,C06,exclude,ok
jeff,3,3,case_011,C07,include,ok
jeff,3,3,case_011,C08,exclude,ok
jeff,3,3,case_011,C09,exclude,ok
jeff,3,3,case_011,C10,include,ok
jeff,3,3,case_012,C01,exclude,ok
jeff,3,3,case_012,C02,exclude,ok
jeff,3,3,case_012,C03,exclude,ok
jeff,3,3,case_012,C04,exclude,ok
jeff,3,3,case_012,C05,include,ok
jeff,3,3,case_012,C06,exclude,ok
jeff,3,3,case_012,C07,exclude,ok
jeff,3,3,case_012,C08,exclude,ok
jeff,3,3,case_012,C09,exclude,ok
jeff,3,3,case_012,C10,include,ok
jeff,3,3,case_013,C01,exclude,ok
jeff,3,3,case_013,C02,exclude,ok
jeff,3,3,case_013,C03,exclude,ok
jeff,3,3,case_013,C04,exclude,ok
jeff,3,3,case_013,C05,exclude,ok
jeff,3,3,case_013,C06,exclude,ok
jeff,3,3,case_013,C07,exclude,ok
jeff,3,3,case_013,C08,exclude,ok
jeff,3,3,case_013,C09,exclude,ok
jeff,3,3,case_013,C10,exclude,ok
jeff,3,3,case_014,C01,exclude,ok
jeff,3,3,case_014,C02,exclude,ok
jeff,3,3,case_014,C03,exclude,ok
jeff,3,3,case_014,C04,exclude,ok
jeff,3,3,case_014,C05,exclude,ok
jeff,3,3,case_014,C06,exclude,ok
jeff,3,3,case_014,C07,exclude,ok
jeff,3,3,case_014,C08,exclude,ok
jeff,3,3,case_014,C09,exclude,ok
jeff,3,3,case_014,C10,exclude,ok
jeff,3,3,case_015,C01,exclude,ok
jeff,3,3,case_015,C02,include,ok
jeff,3,3,case_015,C03,include,ok
jeff,3,3,case_015,C04,include,ok
jeff,3,3,case_015,C05,include,ok
jeff,3,3,case_015,C06,exclude,ok
jeff,3,3,case_015,C07,exclude,ok
jeff,3,3,case_015,C08,exclude,ok
jeff,3,3,case_015,C09,include,ok
jeff,3,3,case_015,C10,exclude,ok
jeff,3,3,case_016,C01,include,ok
jeff,3,3,case_016,C02,exclude,ok
jeff,3,3,case_016,C03,exclude,ok
jeff,3,3,case_016,C04,exclude,ok
jeff,3,3,case_016,C05,exclude,ok
jeff,3,3,case_016,C06,exclude,ok
jeff,3,3,case_016,C07,include,ok
jeff,3,3,case_016,C08,exclude,ok
jeff,3,3,case_016,C09,exclude,ok
jeff,3,3,case_016,C10,exclude,ok
jeff,3,3,case_017,C01,include,ok
jeff,3,3,case_017,C02,exclude,ok
jeff,3,3,case_017,C03,include,ok
jeff,3,3,case_017,C04,exclude,ok
jeff,3,3,case_017,C05,exclude,ok
jeff,3,3,case_017,C06,exclude,ok
jeff,3,3,case_017,C07,include,ok
jeff,3,3,case_017,C08,include,ok
jeff,3,3,case_017,C09,include,ok
jeff,3,3,case_017,C10,exclude,ok
jeff,3,3,case_018,C01,exclude,ok
jeff,3,3,case_018,C02,exclude,ok
jeff,3,3,case_018,C03,exclude,ok
jeff,3,3,case_018,C04,exclude,ok
jeff,3,3,case_018,C05,exclude,ok
jeff,3,3,case_018,C06,exclude,ok
jeff,3,3,case_018,C07,exclude,ok
jeff,3,3,case_018,C08,exclude,ok
jeff,3,3,case_018,C09,exclude,ok
jeff,3,3,case_018,C10,exclude,ok
jeff,3,3,case_019,C01,exclude,ok
jeff,3,3,case_019,C02,include,ok
jeff,3,3,case_019,C03,exclude,ok
jeff,3,3,case_019,C04,include,ok
jeff,3,3,case_019,C05,exclude,ok
jeff,3,3,case_019,C06,exclude,ok
jeff,3,3,case_019,C07,exclude,ok
jeff,3,3,case_019,C08,exclude,ok
jeff,3,3,case_019,C09,exclude,ok
jeff,3,3,case_019,C10,exclude,ok
jeff,3,3,case_020,C01,include,ok
jeff,3,3,case_020,C02,exclude,ok
jeff,3,3,case_020,C03,include,ok
jeff,3,3,case_020,C04,include,ok
jeff,3,3,case_020,C05,exclude,ok
jeff,3,3,case_020,C06,exclude,ok
jeff,3,3,case_020,C07,include,ok
jeff,3,3,case_020,C08,exclude,ok
jeff,3,3,case_020,C09,exclude,ok
jeff,3,3,case_020,C10,exclude,ok
jeff,3,3,case_021,C01,include,ok
jeff,3,3,case_021,C02,exclude,ok
jeff,3,3,case_021,C03,exclude,ok
jeff,3,3,case_021,C04,include,ok
jeff,3,3,case_021,C05,exclude,ok
jeff,3,3,case_021,C06,exclude,ok
jeff,3,3,case_021,C07,exclude,ok
jeff,3,3,case_021,C08,include,ok
jeff,3,3,case_021,C09,exclude,ok
jeff,3,3,case_021,C10,exclude,ok
jeff,3,3,case_022,C01,include,ok
jeff,3,3,case_022,C02,include,ok
jeff,3,3,case_022,C03,exclude,ok
jeff,3,3,case_022,C04,exclude,ok
jeff,3,3,case_022,C05,exclude,ok
jeff,3,3,case_022,C06,exclude,ok
jeff,3,3,case_022,C07,exclude,ok
jeff,3,3,case_022,C08,include,ok
jeff,3,3,case_022,C09,exclude,ok
jeff,3,3,case_022,C10,exclude,ok
jeff,3,3,case_023,C01,exclude,ok
jeff,3,3,case_023,C02,include,ok
jeff,3,3,case_023,C03,exclude,ok
jeff,3,3,case_023,C04,exclude,ok
jeff,3,3,case_023,C05,exclude,ok
jeff,3,3,case_023,C06,exclude,ok
jeff,3,3,case_023,C07,exclude,ok
jeff,3,3,case_023,C08,exclude,ok
jeff,3,3,case_023,C09,exclude,ok
jeff,3,3,case_023,C10,include,ok
jeff,3,3,case_024,C01,exclude,ok
jeff,3,3,case_024,C02,exclude,ok
jeff,3,3,case_024,C03,exclude,ok
jeff,3,3,case_024,C04,exclude,ok
jeff,3,3,case_024,C05,exclude,ok
jeff,3,3,case_024,C06,include,ok
jeff,3,3,case_024,C07,exclude,ok
jeff,3,3,case_024,C08,include,ok
jeff,3,3,case_024,C09,exclude,ok
jeff,3,3,case_024,C10,include,ok
jeff,3,3,case_025,C01,include,ok
jeff,3,3,case_025,C02,include,ok
jeff,3,3,case_025,C03,include,ok
jeff,3,3,case_025,C04,include,ok
jeff,3,3,case_025,C05,include,ok
jeff,3,3,case_025,C06,include,ok
jeff,3,3,case_025,C07,exclude,ok
jeff,3,3,case_025,C08,include,ok
jeff,3,3,case_025,C09,include,ok
jeff,3,3,case_025,C10,exclude,ok
jeff,3,3,case_026,C01,exclude,ok
jeff,3,3,case_026,C02,include,ok
jeff,3,3,case_026,C03,include,ok
jeff,3,3,case_026,C04,include,ok
jeff,3,3,case_026,C05,include,ok
jeff,3,3,case_026,C06,exclude,ok
jeff,3,3,case_026,C07,include,ok
jeff,3,3,case_026,C08,include,ok
jeff,3,3,case_026,C09,include,ok
jeff,3,3,case_026,C10,exclude,ok
jeff,3,3,case_027,C01,exclude,ok
jeff,3,3,case_027,C02,exclude,ok
jeff,3,3,case_027,C03,exclude,ok
jeff,3,3,case_027,C04,include,ok
jeff,3,3,case_027,C05,exclude,ok
jeff,3,3,case_027,C06,exclude,ok
jeff,3,3,case_027,C07,exclude,ok
jeff,3,3,case_027,C08,exclude,ok
jeff,3,3,case_027,C09,exclude,ok
jeff,3,3,case_027,C10,exclude,ok
jeff,3,3,case_028,C01,include,ok
jeff,3,3,case_028,C02,include,ok
jeff,3,3,case_028,C03,include,ok
jeff,3,3,case_028,C04,include,ok
jeff,3,3,case_028,C05,include,ok
jeff,3,3,case_028,C06,include,ok
jeff,3,3,case_028,C07,exclude,ok
jeff,3,3,case_028,C08,include,ok
jeff,3,3,case_028,C09,exclude,ok
jeff,3,3,case_028,C10,include,ok
jeff,3,3,case_029,C01,exclude,ok
jeff,3,3,case_029,C02,exclude,ok
jeff,3,3,case_029,C03,include,ok
jeff,3,3,case_029,C04,exclude,ok
jeff,3,3,case_029,C05,exclude,ok
jeff,3,3,case_029,C06,include,ok
jeff,3,3,case_029,C07,include,ok
jeff,3,3,case_029,C08,include,ok
jeff,3,3,case_029,C09,include,ok
jeff,3,3,case_029,C10,include,ok
jeff,3,3,case_030,C01,include,ok
jeff,3,3,case_030,C02,include,ok
jeff,3,3,case_030,C03,include,ok
jeff,3,3,case_030,C04,exclude,ok
jeff,3,3,case_030,C05,include,ok
jeff,3,3,case_030,C06,exclude,ok
jeff,3,3,case_030,C07,include,ok
jeff,3,3,case_030,C08,include,ok
jeff,3,3,case_030,C09,include,ok
jeff,3,3,case_030,C10,exclude,ok
jeff,3,3,case_031,C01,include,ok
jeff,3,3,case_031,C02,include,ok
jeff,3,3,case_031,C03,include,ok
jeff,3,3,case_031,C04,include,ok
jeff,3,3,case_031,C05,exclude,ok
jeff,3,3,case_031,C06,include,ok
jeff,3,3,case_031,C07,include,ok
jeff,3,3,case_031,C08,exclude,ok
jeff,3,3,case_031,C09,include,ok
jeff,3,3,case_031,C10,include,ok
jeff,3,3,case_032,C01,include,ok
jeff,3,3,case_032,C02,include,ok
jeff,3,3,case_032,C03,exclude,ok
jeff,3,3,case_032,C04,include,ok
jeff,3,3,case_032,C05,exclude,ok
jeff,3,3,case_032,C06,include,ok
jeff,3,3,case_032,C07,include,ok
jeff,3,3,case_032,C08,exclude,ok
jeff,3,3,case_032,C09,exclude,ok
jeff,3,3,case_032,C10,exclude,ok
jeff,3,3,case_033,C01,include,ok
jeff,3,3,case_033,C02,exclude,ok
jeff,3,3,case_033,C03,include,ok
jeff,3,3,case_033,C04,exclude,ok
jeff,3,3,case_033,C05,exclude,ok
jeff,3,3,case_033,C06,exclude,ok
jeff,3,3,case_033,C07,exclude,ok
jeff,3,3,case_033,C08,exclude,ok
jeff,3,3,case_033,C09,exclude,ok
jeff,3,3,case_033,C10,exclude,ok
jeff,3,3,case_034,C01,exclude,ok
jeff,3,3,case_034,C02,exclude,ok
jeff,3,3,case_034,C03,include,ok
jeff,3,3,case_034,C04,exclude,ok
jeff,3,3,case_034,C05,include,ok
jeff,3,3,case_034,C06,include,ok
jeff,3,3,case_034,C07,exclude,ok
jeff,3,3,case_034,C08,exclude,ok
jeff,3,3,case_034,C09,exclude,ok
jeff,3,3,case_034,C10,include,ok
jeff,3,3,case_035,C01,exclude,ok
jeff,3,3,case_035,C02,exclude,ok
jeff,3,3,case_035,C03,exclude,ok
jeff,3,3,case_035,C04,exclude,ok
jeff,3,3,case_035,C05,exclude,ok
jeff,3,3,case_035,C06,exclude,ok
jeff,3,3,case_035,C07,exclude,ok
jeff,3,3,case_035,C08,exclude,ok
jeff,3,3,case_035,C09,exclude,ok
jeff,3,3,case_035,C10,exclude,ok
jeff,3,3,case_036,C01,exclude,ok
jeff,3,3,case_036,C02,exclude,ok
jeff,3,3,case_036,C03,exclude,ok
jeff,3,3,case_036,C04,include,ok
jeff,3,3,case_036,C05,exclude,ok
jeff,3,3,case_036,C06,include,ok
jeff,3,3,case_036,C07,exclude,ok
jeff,3,3,case_036,C08,include,ok
jeff,3,3,case_036,C09,include,ok
jeff,3,3,case_036,C10,exclude,ok
jeff,3,3,case_037,C01,exclude,ok
jeff,3,3,case_037,C02,exclude,ok
jeff,3,3,case_037,C03,include,ok
jeff,3,3,case_037,C04,exclude,ok
jeff,3,3,case_037,C05,exclude,ok
jeff,3,3,case_037,C06,exclude,ok
jeff,3,3,case_037,C07,include,ok
jeff,3,3,case_037,C08,include,ok
jeff,3,3,case_037,C09,exclude,ok
jeff,3,3,case_037,C10,exclude,ok
jeff,3,3,case_038,C01,exclude,ok
jeff,3,3,case_038,C02,exclude,ok
jeff,3,3,case_038,C03,exclude,ok
jeff,3,3,case_038,C04,exclude,ok
jeff,3,3,case_038,C05,exclude,ok
jeff,3,3,case_038,C06,exclude,ok
jeff,3,3,case_038,C07,exclude,ok
jeff,3,3,case_038,C08,exclude,ok
jeff,3,3,case_038,C09,exclude,ok
jeff,3,3,case_038,C10,exclude,ok
jeff,3,3,case_039,C01,exclude,ok
jeff,3,3,case_039,C02,include,ok
jeff,3,3,case_039,C03,exclude,ok
jeff,3,3,case_039,C04,exclude,ok
jeff,3,3,case_039,C05,exclude,ok
jeff,3,3,case_039,C06,exclude,ok
jeff,3,3,case_039,C07,exclude,ok
jeff,3,3,case_039,C08,exclude,ok
jeff,3,3,case_039,C09,exclude,ok
jeff,3,3,case_039,C10,exclude,ok
jeff,3,3,case_040,C01,include,ok
jeff,3,3,case_040,C02,include,ok
jeff,3,3,case_040,C03,exclude,ok
jeff,3,3,case_040,C04,include,ok
jeff,3,3,case_040,C05,include,ok
jeff,3,3,case_040,C06,exclude,ok
jeff,3,3,case_040,C07,exclude,ok
jeff,3,3,case_040,C08,exclude,ok
jeff,3,3,case_040,C09,exclude,ok
jeff,3,3,case_040,C10,exclude,ok
jeff,3,3,case_041,C01,exclude,ok
jeff,3,3,case_041,C02,include,ok
jeff,3,3,case_041,C03,include,ok
jeff,3,3,case_041,C04,exclude,ok
jeff,3,3,case_041,C05,include,ok
jeff,3,3,case_041,C06,exclude,ok
jeff,3,3,case_041,C07,include,ok
jeff,3,3,case_041,C08,include,ok
jeff,3,3,case_041,C09,include,ok
jeff,3,3,case_041,C10,exclude,ok
jeff,3,3,case_042,C01,include,ok
jeff,3,3,case_042,C02,exclude,ok
jeff,3,3,case_042,C03,exclude,ok
jeff,3,3,case_042,C04,include,ok
jeff,3,3,case_042,C05,include,ok
jeff,3,3,case_042,C06,include,ok
jeff,3,3,case_042,C07,include,ok
jeff,3,3,case_042,C08,include,ok
jeff,3,3,case_042,C09,exclude,ok
jeff,3,3,case_042,C10,exclude,ok
jeff,3,3,case_043,C01,exclude,ok
jeff,3,3,case_043,C02,exclude,ok
jeff,3,3,case_043,C03,include,ok
jeff,3,3,case_043,C04,exclude,ok
jeff,3,3,case_043,C05,include,ok
jeff,3,3,case_043,C06,exclude,ok
jeff,3,3,case_043,C07,exclude,ok
jeff,3,3,case_043,C08,exclude,ok
jeff,3,3,case_043,C09,exclude,ok
jeff,3,3,case_043,C10,exclude,ok
jeff,3,3,case_044,C01,exclude,ok
jeff,3,3,case_044,C02,exclude,ok
jeff,3,3,case_044,C03,exclude,ok
jeff,3,3,case_044,C04,exclude,ok
jeff,3,3,case_044,C05,exclude,ok
jeff,3,3,case_044,C06,exclude,ok
jeff,3,3,case_044,C07,exclude,ok
jeff,3,3,case_044,C08,exclude,ok
jeff,3,3,case_044,C09,exclude,ok
jeff,3,3,case_044,C10,exclude,ok
jeff,3,3,case_045,C01,exclude,ok
jeff,3,3,case_045,C02,include,ok
jeff,3,3,case_045,C03,exclude,ok
jeff,3,3,case_045,C04,include,ok
jeff,3,3,case_045,C05,exclude,ok
jeff,3,3,case_045,C06,exclude,ok
jeff,3,3,case_045,C07,exclude,ok
jeff,3,3,case_045,C08,exclude,ok
jeff,3,3,case_045,C09,exclude,ok
jeff,3,3,case_045,C10,exclude,ok
jeff,3,3,case_046,C01,include,ok
jeff,3,3,case_046,C02,exclude,ok
jeff,3,3,case_046,C03,exclude,ok
jeff,3,3,case_046,C04,exclude,ok
jeff,3,3,case_046,C05,include,ok
jeff,3,3,case_046,C06,include,ok
jeff,3,3,case_046,C07,include,ok
jeff,3,3,case_046,C08,exclude,ok
jeff,3,3,case_046,C09,exclude,ok
jeff,3,3,case_046,C10,include,ok
jeff,3,3,case_047,C01,include,ok
jeff,3,3,case_047,C02,exclude,ok
jeff,3,3,case_047,C03,exclude,ok
jeff,3,3,case_047,C04,exclude,ok
jeff,3,3,case_047,C05,exclude,ok
jeff,3,3,case_047,C06,include,ok
jeff,3,3,case_047,C07,include,ok
jeff,3,3,case_047,C08,include,ok
jeff,3,3,case_047,C09,include,ok
jeff,3,3,case_047,C10,include,ok
jeff,3,3,case_048,C01,exclude,ok
jeff,3,3,case_048,C02,exclude,ok
jeff,3,3,case_048,C03,exclude,ok
jeff,3,3,case_048,C04,exclude,ok
jeff,3,3,case_048,C05,exclude,ok
jeff,3,3,case_048,C06,exclude,ok
jeff,3,3,case_048,C07,exclude,ok
jeff,3,3,case_048,C08,exclude,ok
jeff,3,3,case_048,C09,exclude,ok
jeff,3,3,case_048,C10,exclude,ok
jeff,3,3,case_049,C01,exclude,ok
jeff,3,3,case_049,C02,include,ok
jeff,3,3,case_049,C03,include,ok
jeff,3,3,case_049,C04,include,ok
jeff,3,3,case_049,C05,exclude,ok
jeff,3,3,case_049,C06,include,ok
jeff,3,3,case_049,C07,include,ok
jeff,3,3,case_049,C08,exclude,ok
jeff,3,3,case_049,C09,include,ok
jeff,3,3,case_049,C10,include,ok
jeff,3,3,case_050,C01,exclude,ok
jeff,3,3,case_050,C02,exclude,ok
jeff,3,3,case_050,C03,include,ok
jeff,3,3,case_050,C04,include,ok
jeff,3,3,case_050,C05,include,ok
jeff,3,3,case_050,C06,exclude,ok
jeff,3,3,case_050,C07,include,ok
jeff,3,3,case_050,C08,include,ok
jeff,3,3,case_050,C09,include,ok
jeff,3,3,case_050,C10,include,ok
jeff,3,3,case_051,C01,exclude,ok
jeff,3,3,case_051,C02,exclude,ok
jeff,3,3,case_051,C03,exclude,ok
jeff,3,3,case_051,C04,exclude,ok
jeff,3,3,case_051,C05,exclude,ok
jeff,3,3,case_051,C06,exclude,ok
jeff,3,3,case_051,C07,exclude,ok
jeff,3,3,case_051,C08,exclude,ok
jeff,3,3,case_051,C09,exclude,ok
jeff,3,3,case_051,C10,exclude,ok
jeff,3,3,case_052,C01,exclude,ok
jeff,3,3,case_052,C02,exclude,ok
jeff,3,3,case_052,C03,exclude,ok
jeff,3,3,case_052,C04,exclude,ok
jeff,3,3,case_052,C05,exclude,ok
jeff,3,3,case_052,C06,exclude,ok
jeff,3,3,case_052,C07,exclude,ok
jeff,3,3,case_052,C08,exclude,ok
jeff,3,3,case_052,C09,exclude,ok
jeff,3,3,case_052,C10,exclude,ok
jeff,3,3,case_053,C01,exclude,ok
jeff,3,3,case_053,C02,exclude,ok
jeff,3,3,case_053,C03,exclude,ok
jeff,3,3,case_053,C04,include,ok
jeff,3,3,case_053,C05,exclude,ok
jeff,3,3,case_053,C06,include,ok
jeff,3,3,case_053,C07,exclude,ok
jeff,3,3,case_053,C08,include,ok
jeff,3,3,case_053,C09,exclude,ok
jeff,3,3,case_053,C10,exclude,ok
jeff,3,3,case_054,C01,include,ok
jeff,3,3,case_054,C02,exclude,ok
jeff,3,3,case_054,C03,exclude,ok
jeff,3,3,case_054,C04,exclude,ok
jeff,3,3,case_054,C05,include,ok
jeff,3,3,case_054,C06,exclude,ok
jeff,3,3,case_054,C07,include,ok
jeff,3,3,case_054,C08,exclude,ok
jeff,3,3,case_054,C09,exclude,ok
jeff,3,3,case_054,C10,exclude,ok
jeff,3,3,case_055,C01,exclude,ok
jeff,3,3,case_055,C02,exclude,ok
jeff,3,3,case_055,C03,exclude,ok
jeff,3,3,case_055,C04,exclude,ok
jeff,3,3,case_055,C05,exclude,ok
jeff,3,3,case_055,C06,exclude,ok
jeff,3,3,case_055,C07,exclude,ok
jeff,3,3,case_055,C08,exclude,ok
jeff,3,3,case_055,C09,exclude,ok
jeff,3,3,case_055,C10,exclude,ok
jeff,3,3,case_056,C01,include,ok
jeff,3,3,case_056,C02,exclude,ok
jeff,3,3,case_056,C03,exclude,ok
jeff,3,3,case_056,C04,exclude,ok
jeff,3,3,case_056,C05,exclude,ok
jeff,3,3,case_056,C06,include,ok
jeff,3,3,case_056,C07,exclude,ok
jeff,3,3,case_056,C08,exclude,ok
jeff,3,3,case_056,C09,exclude,ok
jeff,3,3,case_056,C10,exclude,ok
jeff,3,3,case_057,C01,include,ok
jeff,3,3,case_057,C02,exclude,ok
jeff,3,3,case_057,C03,include,ok
jeff,3,3,case_057,C04,exclude,ok
jeff,3,3,case_057,C05,exclude,ok
jeff,3,3,case_057,C06,include,ok
jeff,3,3,case_057,C07,exclude,ok
jeff,3,3,case_057,C08,include,ok
jeff,3,3,case_057,C09,include,ok
jeff,3,3,case_057,C10,exclude,ok
jeff,3,3,case_058,C01,include,ok
jeff,3,3,case_058,C02,include,ok
jeff,3,3,case_058,C03,include,ok
jeff,3,3,case_058,C04,include,ok
jeff,3,3,case_058,C05,include,ok
jeff,3,3,case_058,C06,exclude,ok
jeff,3,3,case_058,C07,exclude,ok
jeff,3,3,case_058,C08,include,ok
jeff,3,3,case_058,C09,include,ok
jeff,3,3,case_058,C10,exclude,ok
jeff,3,3,case_059,C01,exclude,ok
jeff,3,3,case_059,C02,exclude,ok
jeff,3,3,case_059,C03,exclude,ok
jeff,3,3,case_059,C04,exclude,ok
jeff,3,3,case_059,C05,exclude,ok
jeff,3,3,case_059,C06,include,ok
jeff,3,3,case_059,C07,exclude,ok
jeff,3,3,case_059,C08,exclude,ok
jeff,3,3,case_059,C09,exclude,ok
jeff,3,3,case_059,C10,exclude,ok
jeff,3,3,case_060,C01,exclude,ok
jeff,3,3,case_060,C02,exclude,ok
jeff,3,3,case_060,C03,exclude,ok
jeff,3,3,case_060,C04,include,ok
jeff,3,3,case_060,C05,exclude,ok
jeff,3,3,case_060,C06,exclude,ok
jeff,3,3,case_060,C07,include,ok
jeff,3,3,case_060,C08,exclude,ok
jeff,3,3,case_060,C09,exclude,ok
jeff,3,3,case_060,C10,exclude,ok
jeff,3,3,case_061,C01,include,ok
jeff,3,3,case_061,C02,exclude,ok
jeff,3,3,case_061,C03,include,ok
jeff,3,3,case_061,C04,include,ok
jeff,3,3,case_061,C05,include,ok
jeff,3,3,case_061,C06,include,ok
jeff,3,3,case_061,C07,exclude,ok
jeff,3,3,case_061,C08,exclude,ok
jeff,3,3,case_061,C09,include,ok
jeff,3,3,case_061,C10,include,ok
jeff,3,3,case_062,C01,include,ok
jeff,3,3,case_062,C02,include,ok
jeff,3,3,case_062,C03,include,ok
jeff,3,3,case_062,C04,include,ok
jeff,3,3,case_062,C05,include,ok
jeff,3,3,case_062,C06,include,ok
jeff,3,3,case_062,C07,exclude,ok
jeff,3,3,case_062,C08,include,ok
jeff,3,3,case_062,C09,include,ok
jeff,3,3,case_062,C10,include,ok
jeff,3,3,case_063,C01,include,ok
jeff,3,3,case_063,C02,include,ok
jeff,3,3,case_063,C03,exclude,ok
jeff,3,3,case_063,C04,exclude,ok
jeff,3,3,case_063,C05,include,ok
jeff,3,3,case_063,C06,include,ok
jeff,3,3,case_063,C07,include,ok
jeff,3,3,case_063,C08,include,ok
jeff,3,3,case_063,C09,include,ok
jeff,3,3,case_063,C10,exclude,ok
jeff,3,3,case_064,C01,exclude,ok
jeff,3,3,case_064,C02,exclude,ok
jeff,3,3,case_064,C03,exclude,ok
jeff,3,3,case_064,C04,include,ok
jeff,3,3,case_064,C05,exclude,ok
jeff,3,3,case_064,C06,exclude,ok
jeff,3,3,case_064,C07,exclude,ok
jeff,3,3,case_064,C08,exclude,ok
jeff,3,3,case_064,C09,exclude,ok
jeff,3,3,case_064,C10,exclude,ok
jeff,3,3,case_065,C01,exclude,ok
jeff,3,3,case_065,C02,exclude,ok
jeff,3,3,case_065,C03,exclude,ok
jeff,3,3,case_065,C04,include,ok
jeff,3,3,case_065,C05,exclude,ok
jeff,3,3,case_065,C06,exclude,ok
jeff,3,3,case_065,C07,exclude,ok
jeff,3,3,case_065,C08,exclude,ok
jeff,3,3,case_065,C09,exclude,ok
jeff,3,3,case_065,C10,exclude,ok
jeff,3,3,case_066,C01,exclude,ok
jeff,3,3,case_066,C02,exclude,ok
jeff,3,3,case_066,C03,exclude,ok
jeff,3,3,case_066,C04,exclude,ok
jeff,3,3,case_066,C05,include,ok
jeff,3,3,case_066,C06,exclude,ok
jeff,3,3,case_066,C07,include,ok
jeff,3,3,case_066,C08,exclude,ok
jeff,3,3,case_066,C09,exclude,ok
jeff,3,3,case_066,C10,include,ok
jeff,3,3,case_067,C01,exclude,ok
jeff,3,3,case_067,C02,exclude,ok
jeff,3,3,case_067,C03,exclude,ok
jeff,3,3,case_067,C04,exclude,ok
jeff,3,3,case_067,C05,exclude,ok
jeff,3,3,case_067,C06,exclude,ok
jeff,3,3,case_067,C07,exclude,ok
jeff,3,3,case_067,C08,exclude,ok
jeff,3,3,case_067,C09,exclude,ok
jeff,3,3,case_067,C10,exclude,ok
jeff,3,3,case_068,C01,exclude,ok
jeff,3,3,case_068,C02,include,ok
jeff,3,3,case_068,C03,exclude,ok
jeff,3,3,case_068,C04,exclude,ok
jeff,3,3,case_068,C05,exclude,ok
jeff,3,3,case_068,C06,exclude,ok
jeff,3,3,case_068,C07,include,ok
jeff,3,3,case_068,C08,exclude,ok
jeff,3,3,case_068,C09,exclude,ok
jeff,3,3,case_068,C10,exclude,ok
jeff,3,3,case_069,C01,include,ok
jeff,3,3,case_069,C02,include,ok
jeff,3,3,case_069,C03,include,ok
jeff,3,3,case_069,C04,include,ok
jeff,3,3,case_069,C05,include,ok
jeff,3,3,case_069,C06,include,ok
jeff,3,3,case_069,C07,exclude,ok
jeff,3,3,case_069,C08,exclude,ok
jeff,3,3,case_069,C09,exclude,ok
jeff,3,3,case_069,C10,exclude,ok
jeff,3,3,case_070,C01,exclude,ok
jeff,3,3,case_070,C02,exclude,ok
jeff,3,3,case_070,C03,exclude,ok
jeff,3,3,case_070,C04,exclude,ok
jeff,3,3,case_070,C05,exclude,ok
jeff,3,3,case_070,C06,include,ok
jeff,3,3,case_070,C07,exclude,ok
jeff,3,3,case_070,C08,exclude,ok
jeff,3,3,case_070,C09,exclude,ok
jeff,3,3,case_070,C10,exclude,ok
jeff,3,3,case_071,C01,exclude,ok
jeff,3,3,case_071,C02,exclude,ok
jeff,3,3,case_071,C03,exclude,ok
jeff,3,3,case_071,C04,exclude,ok
jeff,3,3,case_071,C05,exclude,ok
jeff,3,3,case_071,C06,exclude,ok
jeff,3,3,case_071,C07,include,ok
jeff,3,3,case_071,C08,exclude,ok
jeff,3,3,case_071,C09,exclude,ok
jeff,3,3,case_071,C10,exclude,ok
jeff,3,3,case_072,C01,include,ok
jeff,3,3,case_072,C02,include,ok
jeff,3,3,case_072,C03,include,ok
jeff,3,3,case_072,C04,include,ok
jeff,3,3,case_072,C05,include,ok
jeff,3,3,case_072,C06,include,ok
jeff,3,3,case_072,C07,include,ok
jeff,3,3,case_072,C08,exclude,ok
jeff,3,3,case_072,C09,exclude,ok
jeff,3,3,case_072,C10,exclude,ok
jeff,3,3,case_073,C01,include,ok
jeff,3,3,case_073,C02,include,ok
jeff,3,3,case_073,C03,exclude,ok
jeff,3,3,case_073,C04,exclude,ok
jeff,3,3,case_073,C05,exclude,ok
jeff,3,3,case_073,C06,exclude,ok
jeff,3,3,case_073,C07,exclude,ok
jeff,3,3,case_073,C08,include,ok
jeff,3,3,case_073,C09,include,ok
jeff,3,3,case_073,C10,include,ok
jeff,3,3,case_074,C01,exclude,ok
jeff,3,3,case_074,C02,exclude,ok
jeff,3,3,case_074,C03,exclude,ok
jeff,3,3,case_074,C04,exclude,ok
jeff,3,3,case_074,C05,exclude,ok
jeff,3,3,case_074,C06,include,ok
jeff,3,3,case_074,C07,exclude,ok
jeff,3,3,case_074,C08,exclude,ok
jeff,3,3,case_074,C09,exclude,ok
jeff,3,3,case_074,C10,exclude,ok
jeff,3,3,case_075,C01,exclude,ok
jeff,3,3,case_075,C02,exclude,ok
jeff,3,3,case_075,C03,exclude,ok
jeff,3,3,case_075,C04,exclude,ok
jeff,3,3,case_075,C05,exclude,ok
jeff,3,3,case_075,C06,include,ok
jeff,3,3,case_075,C07,exclude,ok
jeff,3,3,case_075,C08,exclude,ok
jeff,3,3,case_075,C09,exclude,ok
jeff,3,3,case_075,C10,exclude,ok
jeff,3,3,case_076,C01,exclude,ok
jeff,3,3,case_076,C02,include,ok
jeff,3,3,case_076,C03,exclude,ok
jeff,3,3,case_076,C04,include,ok
jeff,3,3,case_076,C05,exclude,ok
jeff,3,3,case_076,C06,exclude,ok
jeff,3,3,case_076,C07,exclude,ok
jeff,3,3,case_076,C08,include,ok
jeff,3,3,case_076,C09,exclude,ok
jeff,3,3,case_076,C10,exclude,ok
jeff,3,3,case_077,C01,exclude,ok
jeff,3,3,case_077,C02,exclude,ok
jeff,3,3,case_077,C03,exclude,ok
jeff,3,3,case_077,C04,exclude,ok
jeff,3,3,case_077,C05,exclude,ok
jeff,3,3,case_077,C06,include,ok
jeff,3,3,case_077,C07,exclude,ok
jeff,3,3,case_077,C08,exclude,ok
jeff,3,3,case_077,C09,include,ok
jeff,3,3,case_077,C10,include,ok
jeff,3,3,case_078,C01,include,ok
jeff,3,3,case_078,C02,include,ok
jeff,3,3,case_078,C03,exclude,ok
jeff,3,3,case_078,C04,exclude,ok
jeff,3,3,case_078,C05,exclude,ok
jeff,3,3,case_078,C06,exclude,ok
jeff,3,3,case_078,C07,exclude,ok
jeff,3,3,case_078,C08,exclude,ok
jeff,3,3,case_078,C09,exclude,ok
jeff,3,3,case_078,C10,exclude,ok
jeff,3,3,case_079,C01,exclude,ok
jeff,3,3,case_079,C02,exclude,ok
jeff,3,3,case_079,C03,exclude,ok
jeff,3,3,case_079,C04,exclude,ok
jeff,3,3,case_079,C05,include,ok
jeff,3,3,case_079,C06,exclude,ok
jeff,3,3,case_079,C07,exclude,ok
jeff,3,3,case_079,C08,include,ok
jeff,3,3,case_079,C09,exclude,ok
jeff,3,3,case_079,C10,exclude,ok
jeff,3,3,case_080,C01,exclude,ok
jeff,3,3,case_080,C02,exclude,ok
jeff,3,3,case_080,C03,exclude,ok
jeff,3,3,case_080,C04,exclude,ok
jeff,3,3,case_080,C05,exclude,ok
jeff,3,3,case_080,C06,exclude,ok
jeff,3,3,case_080,C07,exclude,ok
jeff,3,3,case_080,C08,exclude,ok
jeff,3,3,case_080,C09,exclude,ok
jeff,3,3,case_080,C10,exclude,ok
jeff,3,3,case_081,C01,include,ok
jeff,3,3,case_081,C02,exclude,ok
jeff,3,3,case_081,C03,exclude,ok
jeff,3,3,case_081,C04,include,ok
jeff,3,3,case_081,C05,include,ok
jeff,3,3,case_081,C06,include,ok
jeff,3,3,case_081,C07,exclude,ok
jeff,3,3,case_081,C08,exclude,ok
jeff,3,3,case_081,C09,exclude,ok
jeff,3,3,case_081,C10,exclude,ok
jeff,3,3,case_082,C01,exclude,ok
jeff,3,3,case_082,C02,exclude,ok
jeff,3,3,case_082,C03,exclude,ok
jeff,3,3,case_082,C04,exclude,ok
jeff,3,3,case_082,C05,exclude,ok
jeff,3,3,case_082,C06,exclude,ok
jeff,3,3,case_082,C07,include,ok
jeff,3,3,case_082,C08,exclude,ok
jeff,3,3,case_082,C09,exclude,ok
jeff,3,3,case_082,C10,exclude,ok
jeff,3,3,case_083,C01,exclude,ok
jeff,3,3,case_083,C02,exclude,ok
jeff,3,3,case_083,C03,exclude,ok
jeff,3,3,case_083,C04,exclude,ok
jeff,3,3,case_083,C05,exclude,ok
jeff,3,3,case_083,C06,exclude,ok
jeff,3,3,case_083,C07,exclude,ok
jeff,3,3,case_083,C08,exclude,ok
jeff,3,3,case_083,C09,exclude,ok
jeff,3,3,case_083,C10,exclude,ok
jeff,3,3,case_084,C01,include,ok
jeff,3,3,case_084,C02,include,ok
jeff,3,3,case_084,C03,include,ok
jeff,3,3,case_084,C04,include,ok
jeff,3,3,case_084,C05,exclude,ok
jeff,3,3,case_084,C06,exclude,ok
jeff,3,3,case_084,C07,exclude,ok
jeff,3,3,case_084,C08,include,ok
jeff,3,3,case_084,C09,include,ok
jeff,3,3,case_084,C10,exclude,ok
jeff,3,3,case_085,C01,exclude,ok
jeff,3,3,case_085,C02,exclude,ok
jeff,3,3,case_085,C03,exclude,ok
jeff,3,3,case_085,C04,exclude,ok
jeff,3,3,case_085,C05,exclude,ok
jeff,3,3,case_085,C06,exclude,ok
jeff,3,3,case_085,C07,include,ok
jeff,3,3,case_085,C08,exclude,ok
jeff,3,3,case_085,C09,exclude,ok
jeff,3,3,case_085,C10,exclude,ok
jeff,3,3,case_086,C01,exclude,ok
jeff,3,3,case_086,C02,exclude,ok
jeff,3,3,case_086,C03,exclude,ok
jeff,3,3,case_086,C04,exclude,ok
jeff,3,3,case_086,C05,include,ok
jeff,3,3,case_086,C06,exclude,ok
jeff,3,3,case_086,C07,exclude,ok
jeff,3,3,case_086,C08,exclude,ok
jeff,3,3,case_086,C09,exclude,ok
jeff,3,3,case_086,C10,include,ok
jeff,3,3,case_087,C01,include,ok
jeff,3,3,case_087,C02,exclude,ok
jeff,3,3,case_087,C03,include,ok
jeff,3,3,case_087,C04,exclude,ok
jeff,3,3,case_087,C05,exclude,ok
jeff,3,3,case_087,C06,exclude,ok
jeff,3,3,case_087,C07,exclude,ok
jeff,3,3,case_087,C08,exclude,ok
jeff,3,3,case_087,C09,exclude,ok
jeff,3,3,case_087,C10,exclude,ok
jeff,3,3,case_088,C01,include,ok
jeff,3,3,case_088,C02,include,ok
jeff,3,3,case_088,C03,include,ok
jeff,3,3,case_088,C04,include,ok
jeff,3,3,case_088,C05,include,ok
jeff,3,3,case_088,C06,exclude,ok
jeff,3,3,case_088,C07,exclude,ok
jeff,3,3,case_088,C08,exclude,ok
jeff,3,3,case_088,C09,include,ok
jeff,3,3,case_088,C10,exclude,ok
jeff,3,3,case_089,C01,exclude,ok
jeff,3,3,case_089,C02,exclude,ok
jeff,3,3,case_089,C03,exclude,ok
jeff,3,3,case_089,C04,include,ok
jeff,3,3,case_089,C05,include,ok
jeff,3,3,case_089,C06,exclude,ok
jeff,3,3,case_089,C07,include,ok
jeff,3,3,case_089,C08,include,ok
jeff,3,3,case_089,C09,include,ok
jeff,3,3,case_089,C10,exclude,ok
jeff,3,3,case_090,C01,exclude,ok
jeff,3,3,case_090,C02,exclude,ok
jeff,3,3,case_090,C03,exclude,ok
jeff,3,3,case_090,C04,include,ok
jeff,3,3,case_090,C05,exclude,ok
jeff,3,3,case_090,C06,exclude,ok
jeff,3,3,case_090,C07,exclude,ok
jeff,3,3,case_090,C08,exclude,ok
jeff,3,3,case_090,C09,exclude,ok
jeff,3,3,case_090,C10,include,ok
jeff,3,3,case_091,C01,exclude,ok
jeff,3,3,case_091,C02,exclude,ok
jeff,3,3,case_091,C03,exclude,ok
jeff,3,3,case_091,C04,exclude,ok
jeff,3,3,case_091,C05,exclude,ok
jeff,3,3,case_091,C06,exclude,ok
jeff,3,3,case_091,C07,exclude,ok
jeff,3,3,case_091,C08,exclude,ok
jeff,3,3,case_091,C09,exclude,ok
jeff,3,3,case_091,C10,exclude,ok
jeff,3,3,case_092,C01,exclude,ok
jeff,3,3,case_092,C02,exclude,ok
jeff,3,3,case_092,C03,exclude,ok
jeff,3,3,case_092,C04,exclude,ok
jeff,3,3,case_092,C05,exclude,ok
jeff,3,3,case_092,C06,exclude,ok
jeff,3,3,case_092,C07,exclude,ok
jeff,3,3,case_092,C08,exclude,ok
jeff,3,3,case_092,C09,exclude,ok
jeff,3,3,case_092,C10,exclude,ok
jeff,3,3,case_093,C01,include,ok
jeff,3,3,case_093,C02,include,ok
jeff,3,3,case_093,C03,include,ok
jeff,3,3,case_093,C04,exclude,ok
jeff,3,3,case_093,C05,exclude,ok
jeff,3,3,case_093,C06,include,ok
jeff,3,3,case_093,C07,exclude,ok
jeff,3,3,case_093,C08,exclude,ok
jeff,3,3,case_093,C09,exclude,ok
jeff,3,3,case_093,C10,exclude,ok
jeff,3,3,case_094,C01,include,ok
jeff,3,3,case_094,C02,include,ok
jeff,3,3,case_094,C03,include,ok
jeff,3,3,case_094,C04,include,ok
jeff,3,3,case_094,C05,exclude,ok
jeff,3,3,case_094,C06,include,ok
jeff,3,3,case_094,C07,include,ok
jeff,3,3,case_094,C08,include,ok
jeff,3,3,case_094,C09,exclude,ok
jeff,3,3,case_094,C10,exclude,ok
jeff,3,3,case_095,C01,exclude,ok
jeff,3,3,case_095,C02,exclude,ok
jeff,3,3,case_095,C03,include,ok
jeff,3,3,case_095,C04,exclude,ok
jeff,3,3,case_095,C05,exclude,ok
jeff,3,3,case_095,C06,include,ok
jeff,3,3,case_095,C07,exclude,ok
jeff,3,3,case_095,C08,exclude,ok
jeff,3,3,case_095,C09,exclude,ok
jeff,3,3,case_095,C10,exclude,ok
jeff,3,3,case_096,C01,exclude,ok
jeff,3,3,case_096,C02,include,ok
jeff,3,3,case_096,C03,include,ok
jeff,3,3,case_096,C04,exclude,ok
jeff,3,3,case_096,C05,include,ok
jeff,3,3,case_096,C06,exclude,ok
jeff,3,3,case_096,C07,include,ok
jeff,3,3,case_096,C08,include,ok
jeff,3,3,case_096,C09,exclude,ok
jeff,3,3,case_096,C10,exclude,ok
jeff,3,3,case_097,C01,exclude,ok
jeff,3,3,case_097,C02,exclude,ok
jeff,3,3,case_097,C03,exclude,ok
jeff,3,3,case_097,C04,exclude,ok
jeff,3,3,case_097,C05,exclude,ok
jeff,3,3,case_097,C06,include,ok
jeff,3,3,case_097,C07,exclude,ok
jeff,3,3,case_097,C08,exclude,ok
jeff,3,3,case_097,C09,exclude,ok
jeff,3,3,case_097,C10,exclude,ok
jeff,3,3,case_098,C01,include,ok
jeff,3,3,case_098,C02,include,ok
jeff,3,3,case_098,C03,exclude,ok
jeff,3,3,case_098,C04,include,ok
jeff,3,3,case_098,C05,include,ok
jeff,3,3,case_098,C06,exclude,ok
jeff,3,3,case_098,C07,exclude,ok
jeff,3,3,case_098,C08,exclude,ok
jeff,3,3,case_098,C09,exclude,ok
jeff,3,3,case_098,C10,include,ok
jeff,3,3,case_099,C01,include,ok
jeff,3,3,case_099,C02,exclude,ok
jeff,3,3,case_099,C03,include,ok
jeff,3,3,case_099,C04,exclude,ok
jeff,3,3,case_099,C05,exclude,ok
jeff,3,3,case_099,C06,exclude,ok
jeff,3,3,case_099,C07,include,ok
jeff,3,3,case_099,C08,include,ok
jeff,3,3,case_099,C09,exclude,ok
jeff,3,3,case_099,C10,exclude,ok
jeff,3,3,case_100,C01,exclude,ok
jeff,3,3,case_100,C02,exclude,ok
jeff,3,3,case_100,C03,exclude,ok
jeff,3,3,case_100,C04,exclude,ok
jeff,3,3,case_100,C05,exclude,ok
jeff,3,3,case_100,C06,exclude,ok
jeff,3,3,case_100,C07,include,ok
jeff,3,3,case_100,C08,exclude,ok
jeff,3,3,case_100,C09,exclude,ok
jeff,3,3,case_100,C10,exclude,ok
jev,1,1,case_001,C01,include,ok
jev,1,1,case_001,C02,include,ok
jev,1,1,case_001,C03,include,ok
jev,1,1,case_001,C04,exclude,ok
jev,1,1,case_001,C05,include,ok
jev,1,1,case_001,C06,include,ok
jev,1,1,case_001,C07,include,ok
jev,1,1,case_001,C08,include,ok
jev,1,1,case_001,C09,include,ok
jev,1,1,case_001,C10,include,ok
jev,1,1,case_002,C01,exclude,ok
jev,1,1,case_002,C02,exclude,ok
jev,1,1,case_002,C03,exclude,ok
jev,1,1,case_002,C04,exclude,ok
jev,1,1,case_002,C05,exclude,ok
jev,1,1,case_002,C06,exclude,ok
jev,1,1,case_002,C07,exclude,ok
jev,1,1,case_002,C08,exclude,ok
jev,1,1,case_002,C09,exclude,ok
jev,1,1,case_002,C10,exclude,ok
jev,1,1,case_003,C01,exclude,ok
jev,1,1,case_003,C02,exclude,ok
jev,1,1,case_003,C03,exclude,ok
jev,1,1,case_003,C04,exclude,ok
jev,1,1,case_003,C05,exclude,ok
jev,1,1,case_003,C06,exclude,ok
jev,1,1,case_003,C07,exclude,ok
jev,1,1,case_003,C08,exclude,ok
jev,1,1,case_003,C09,exclude,ok
jev,1,1,case_003,C10,exclude,ok
jev,1,1,case_004,C01,include,ok
jev,1,1,case_004,C02,exclude,ok
jev,1,1,case_004,C03,exclude,ok
jev,1,1,case_004,C04,exclude,ok
jev,1,1,case_004,C05,exclude,ok
jev,1,1,case_004,C06,exclude,ok
jev,1,1,case_004,C07,exclude,ok
jev,1,1,case_004,C08,exclude,ok
jev,1,1,case_004,C09,exclude,ok
jev,1,1,case_004,C10,exclude,ok
jev,1,1,case_005,C01,exclude,ok
jev,1,1,case_005,C02,exclude,ok
jev,1,1,case_005,C03,exclude,ok
jev,1,1,case_005,C04,exclude,ok
jev,1,1,case_005,C05,include,ok
jev,1,1,case_005,C06,exclude,ok
jev,1,1,case_005,C07,exclude,ok
jev,1,1,case_005,C08,exclude,ok
jev,1,1,case_005,C09,include,ok
jev,1,1,case_005,C10,exclude,ok
jev,1,1,case_006,C01,exclude,ok
jev,1,1,case_006,C02,exclude,ok
jev,1,1,case_006,C03,exclude,ok
jev,1,1,case_006,C04,exclude,ok
jev,1,1,case_006,C05,exclude,ok
jev,1,1,case_006,C06,exclude,ok
jev,1,1,case_006,C07,include,ok
jev,1,1,case_006,C08,exclude,ok
jev,1,1,case_006,C09,exclude,ok
jev,1,1,case_006,C10,exclude,ok
jev,1,1,case_007,C01,include,ok
jev,1,1,case_007,C02,exclude,ok
jev,1,1,case_007,C03,include,ok
jev,1,1,case_007,C04,exclude,ok
jev,1,1,case_007,C05,include,ok
jev,1,1,case_007,C06,include,ok
jev,1,1,case_007,C07,include,ok
jev,1,1,case_007,C08,exclude,ok
jev,1,1,case_007,C09,exclude,ok
jev,1,1,case_007,C10,exclude,ok
jev,1,1,case_008,C01,exclude,ok
jev,1,1,case_008,C02,exclude,ok
jev,1,1,case_008,C03,exclude,ok
jev,1,1,case_008,C04,exclude,ok
jev,1,1,case_008,C05,exclude,ok
jev,1,1,case_008,C06,exclude,ok
jev,1,1,case_008,C07,exclude,ok
jev,1,1,case_008,C08,exclude,ok
jev,1,1,case_008,C09,exclude,ok
jev,1,1,case_008,C10,exclude,ok
jev,1,1,case_009,C01,include,ok
jev,1,1,case_009,C02,exclude,ok
jev,1,1,case_009,C03,include,ok
jev,1,1,case_009,C04,exclude,ok
jev,1,1,case_009,C05,exclude,ok
jev,1,1,case_009,C06,exclude,ok
jev,1,1,case_009,C07,exclude,ok
jev,1,1,case_009,C08,exclude,ok
jev,1,1,case_009,C09,exclude,ok
jev,1,1,case_009,C10,exclude,ok
jev,1,1,case_010,C01,include,ok
jev,1,1,case_010,C02,include,ok
jev,1,1,case_010,C03,include,ok
jev,1,1,case_010,C04,include,ok
jev,1,1,case_010,C05,include,ok
jev,1,1,case_010,C06,include,ok
jev,1,1,case_010,C07,exclude,ok
jev,1,1,case_010,C08,exclude,ok
jev,1,1,case_010,C09,include,ok
jev,1,1,case_010,C10,include,ok
jev,1,1,case_011,C01,exclude,ok
jev,1,1,case_011,C02,exclude,ok
jev,1,1,case_011,C03,exclude,ok
jev,1,1,case_011,C04,exclude,ok
jev,1,1,case_011,C05,exclude,ok
jev,1,1,case_011,C06,exclude,ok
jev,1,1,case_011,C07,include,ok
jev,1,1,case_011,C08,exclude,ok
jev,1,1,case_011,C09,exclude,ok
jev,1,1,case_011,C10,exclude,ok
jev,1,1,case_012,C01,include,ok
jev,1,1,case_012,C02,include,ok
jev,1,1,case_012,C03,exclude,ok
jev,1,1,case_012,C04,exclude,ok
jev,1,1,case_012,C05,exclude,ok
jev,1,1,case_012,C06,exclude,ok
jev,1,1,case_012,C07,exclude,ok
jev,1,1,case_012,C08,exclude,ok
jev,1,1,case_012,C09,exclude,ok
jev,1,1,case_012,C10,exclude,ok
jev,1,1,case_013,C01,exclude,ok
jev,1,1,case_013,C02,exclude,ok
jev,1,1,case_013,C03,exclude,ok
jev,1,1,case_013,C04,exclude,ok
jev,1,1,case_013,C05,exclude,ok
jev,1,1,case_013,C06,exclude,ok
jev,1,1,case_013,C07,exclude,ok
jev,1,1,case_013,C08,exclude,ok
jev,1,1,case_013,C09,exclude,ok
jev,1,1,case_013,C10,exclude,ok
jev,1,1,case_014,C01,exclude,ok
jev,1,1,case_014,C02,exclude,ok
jev,1,1,case_014,C03,exclude,ok
jev,1,1,case_014,C04,include,ok
jev,1,1,case_014,C05,exclude,ok
jev,1,1,case_014,C06,exclude,ok
jev,1,1,case_014,C07,exclude,ok
jev,1,1,case_014,C08,include,ok
jev,1,1,case_014,C09,exclude,ok
jev,1,1,case_014,C10,exclude,ok
jev,1,1,case_015,C01,exclude,ok
jev,1,1,case_015,C02,exclude,ok
jev,1,1,case_015,C03,exclude,ok
jev,1,1,case_015,C04,exclude,ok
jev,1,1,case_015,C05,exclude,ok
jev,1,1,case_015,C06,exclude,ok
jev,1,1,case_015,C07,exclude,ok
jev,1,1,case_015,C08,exclude,ok
jev,1,1,case_015,C09,exclude,ok
jev,1,1,case_015,C10,exclude,ok
jev,1,1,case_016,C01,include,ok
jev,1,1,case_016,C02,include,ok
jev,1,1,case_016,C03,include,ok
jev,1,1,case_016,C04,include,ok
jev,1,1,case_016,C05,include,ok
jev,1,1,case_016,C06,exclude,ok
jev,1,1,case_016,C07,include,ok
jev,1,1,case_016,C08,exclude,ok
jev,1,1,case_016,C09,exclude,ok
jev,1,1,case_016,C10,exclude,ok
jev,1,1,case_017,C01,exclude,ok
jev,1,1,case_017,C02,exclude,ok
jev,1,1,case_017,C03,exclude,ok
jev,1,1,case_017,C04,exclude,ok
jev,1,1,case_017,C05,exclude,ok
jev,1,1,case_017,C06,exclude,ok
jev,1,1,case_017,C07,exclude,ok
jev,1,1,case_017,C08,exclude,ok
jev,1,1,case_017,C09,exclude,ok
jev,1,1,case_017,C10,exclude,ok
jev,1,1,case_018,C01,exclude,ok
jev,1,1,case_018,C02,exclude,ok
jev,1,1,case_018,C03,exclude,ok
jev,1,1,case_018,C04,exclude,ok
jev,1,1,case_018,C05,exclude,ok
jev,1,1,case_018,C06,exclude,ok
jev,1,1,case_018,C07,exclude,ok
jev,1,1,case_018,C08,exclude,ok
jev,1,1,case_018,C09,exclude,ok
jev,1,1,case_018,C10,exclude,ok
jev,1,1,case_019,C01,exclude,ok
jev,1,1,case_019,C02,include,ok
jev,1,1,case_019,C03,include,ok
jev,1,1,case_019,C04,exclude,ok
jev,1,1,case_019,C05,exclude,ok
jev,1,1,case_019,C06,include,ok
jev,1,1,case_019,C07,include,ok
jev,1,1,case_019,C08,exclude,ok
jev,1,1,case_019,C09,exclude,ok
jev,1,1,case_019,C10,include,ok
jev,1,1,case_020,C01,exclude,ok
jev,1,1,case_020,C02,exclude,ok
jev,1,1,case_020,C03,include,ok
jev,1,1,case_020,C04,exclude,ok
jev,1,1,case_020,C05,exclude,ok
jev,1,1,case_020,C06,exclude,ok
jev,1,1,case_020,C07,exclude,ok
jev,1,1,case_020,C08,exclude,ok
jev,1,1,case_020,C09,exclude,ok
jev,1,1,case_020,C10,exclude,ok
jev,1,1,case_021,C01,include,ok
jev,1,1,case_021,C02,exclude,ok
jev,1,1,case_021,C03,include,ok
jev,1,1,case_021,C04,include,ok
jev,1,1,case_021,C05,exclude,ok
jev,1,1,case_021,C06,include,ok
jev,1,1,case_021,C07,include,ok
jev,1,1,case_021,C08,include,ok
jev,1,1,case_021,C09,include,ok
jev,1,1,case_021,C10,include,ok
jev,1,1,case_022,C01,exclude,ok
jev,1,1,case_022,C02,exclude,ok
jev,1,1,case_022,C03,exclude,ok
jev,1,1,case_022,C04,exclude,ok
jev,1,1,case_022,C05,exclude,ok
jev,1,1,case_022,C06,exclude,ok
jev,1,1,case_022,C07,exclude,ok
jev,1,1,case_022,C08,exclude,ok
jev,1,1,case_022,C09,exclude,ok
jev,1,1,case_022,C10,exclude,ok
jev,1,1,case_023,C01,include,ok
jev,1,1,case_023,C02,include,ok
jev,1,1,case_023,C03,include,ok
jev,1,1,case_023,C04,include,ok
jev,1,1,case_023,C05,include,ok
jev,1,1,case_023,C06,include,ok
jev,1,1,case_023,C07,include,ok
jev,1,1,case_023,C08,include,ok
jev,1,1,case_023,C09,include,ok
jev,1,1,case_023,C10,include,ok
jev,1,1,case_024,C01,exclude,ok
jev,1,1,case_024,C02,exclude,ok
jev,1,1,case_024,C03,exclude,ok
jev,1,1,case_024,C04,exclude,ok
jev,1,1,case_024,C05,include,ok
jev,1,1,case_024,C06,exclude,ok
jev,1,1,case_024,C07,exclude,ok
jev,1,1,case_024,C08,exclude,ok
jev,1,1,case_024,C09,exclude,ok
jev,1,1,case_024,C10,exclude,ok
jev,1,1,case_025,C01,include,ok
jev,1,1,case_025,C02,include,ok
jev,1,1,case_025,C03,include,ok
jev,1,1,case_025,C04,include,ok
jev,1,1,case_025,C05,include,ok
jev,1,1,case_025,C06,include,ok
jev,1,1,case_025,C07,exclude,ok
jev,1,1,case_025,C08,exclude,ok
jev,1,1,case_025,C09,include,ok
jev,1,1,case_025,C10,exclude,ok
jev,1,1,case_026,C01,include,ok
jev,1,1,case_026,C02,exclude,ok
jev,1,1,case_026,C03,include,ok
jev,1,1,case_026,C04,include,ok
jev,1,1,case_026,C05,include,ok
jev,1,1,case_026,C06,include,ok
jev,1,1,case_026,C07,include,ok
jev,1,1,case_026,C08,exclude,ok
jev,1,1,case_026,C09,exclude,ok
jev,1,1,case_026,C10,include,ok
jev,1,1,case_027,C01,include,ok
jev,1,1,case_027,C02,include,ok
jev,1,1,case_027,C03,exclude,ok
jev,1,1,case_027,C04,exclude,ok
jev,1,1,case_027,C05,include,ok
jev,1,1,case_027,C06,exclude,ok
jev,1,1,case_027,C07,include,ok
jev,1,1,case_027,C08,exclude,ok
jev,1,1,case_027,C09,exclude,ok
jev,1,1,case_027,C10,include,ok
jev,1,1,case_028,C01,include,ok
jev,1,1,case_028,C02,include,ok
jev,1,1,case_028,C03,include,ok
jev,1,1,case_028,C04,include,ok
jev,1,1,case_028,C05,include,ok
jev,1,1,case_028,C06,include,ok
jev,1,1,case_028,C07,include,ok
jev,1,1,case_028,C08,include,ok
jev,1,1,case_028,C09,include,ok
jev,1,1,case_028,C10,include,ok
jev,1,1,case_029,C01,include,ok
jev,1,1,case_029,C02,exclude,ok
jev,1,1,case_029,C03,exclude,ok
jev,1,1,case_029,C04,exclude,ok
jev,1,1,case_029,C05,exclude,ok
jev,1,1,case_029,C06,exclude,ok
jev,1,1,case_029,C07,exclude,ok
jev,1,1,case_029,C08,exclude,ok
jev,1,1,case_029,C09,exclude,ok
jev,1,1,case_029,C10,exclude,ok
jev,1,1,case_030,C01,exclude,ok
jev,1,1,case_030,C02,exclude,ok
jev,1,1,case_030,C03,exclude,ok
jev,1,1,case_030,C04,exclude,ok
jev,1,1,case_030,C05,exclude,ok
jev,1,1,case_030,C06,exclude,ok
jev,1,1,case_030,C07,exclude,ok
jev,1,1,case_030,C08,exclude,ok
jev,1,1,case_030,C09,exclude,ok
jev,1,1,case_030,C10,exclude,ok
jev,1,1,case_031,C01,include,ok
jev,1,1,case_031,C02,include,ok
jev,1,1,case_031,C03,include,ok
jev,1,1,case_031,C04,include,ok
jev,1,1,case_031,C05,exclude,ok
jev,1,1,case_031,C06,include,ok
jev,1,1,case_031,C07,include,ok
jev,1,1,case_031,C08,include,ok
jev,1,1,case_031,C09,include,ok
jev,1,1,case_031,C10,include,ok
jev,1,1,case_032,C01,include,ok
jev,1,1,case_032,C02,exclude,ok
jev,1,1,case_032,C03,exclude,ok
jev,1,1,case_032,C04,exclude,ok
jev,1,1,case_032,C05,exclude,ok
jev,1,1,case_032,C06,exclude,ok
jev,1,1,case_032,C07,exclude,ok
jev,1,1,case_032,C08,exclude,ok
jev,1,1,case_032,C09,exclude,ok
jev,1,1,case_032,C10,exclude,ok
jev,1,1,case_033,C01,include,ok
jev,1,1,case_033,C02,include,ok
jev,1,1,case_033,C03,include,ok
jev,1,1,case_033,C04,exclude,ok
jev,1,1,case_033,C05,include,ok
jev,1,1,case_033,C06,exclude,ok
jev,1,1,case_033,C07,exclude,ok
jev,1,1,case_033,C08,exclude,ok
jev,1,1,case_033,C09,exclude,ok
jev,1,1,case_033,C10,exclude,ok
jev,1,1,case_034,C01,exclude,ok
jev,1,1,case_034,C02,include,ok
jev,1,1,case_034,C03,exclude,ok
jev,1,1,case_034,C04,exclude,ok
jev,1,1,case_034,C05,exclude,ok
jev,1,1,case_034,C06,include,ok
jev,1,1,case_034,C07,exclude,ok
jev,1,1,case_034,C08,exclude,ok
jev,1,1,case_034,C09,exclude,ok
jev,1,1,case_034,C10,exclude,ok
jev,1,1,case_035,C01,exclude,ok
jev,1,1,case_035,C02,exclude,ok
jev,1,1,case_035,C03,exclude,ok
jev,1,1,case_035,C04,exclude,ok
jev,1,1,case_035,C05,exclude,ok
jev,1,1,case_035,C06,exclude,ok
jev,1,1,case_035,C07,exclude,ok
jev,1,1,case_035,C08,exclude,ok
jev,1,1,case_035,C09,exclude,ok
jev,1,1,case_035,C10,exclude,ok
jev,1,1,case_036,C01,exclude,ok
jev,1,1,case_036,C02,exclude,ok
jev,1,1,case_036,C03,include,ok
jev,1,1,case_036,C04,exclude,ok
jev,1,1,case_036,C05,exclude,ok
jev,1,1,case_036,C06,exclude,ok
jev,1,1,case_036,C07,exclude,ok
jev,1,1,case_036,C08,exclude,ok
jev,1,1,case_036,C09,include,ok
jev,1,1,case_036,C10,exclude,ok
jev,1,1,case_037,C01,exclude,ok
jev,1,1,case_037,C02,include,ok
jev,1,1,case_037,C03,include,ok
jev,1,1,case_037,C04,include,ok
jev,1,1,case_037,C05,include,ok
jev,1,1,case_037,C06,exclude,ok
jev,1,1,case_037,C07,include,ok
jev,1,1,case_037,C08,exclude,ok
jev,1,1,case_037,C09,include,ok
jev,1,1,case_037,C10,include,ok
jev,1,1,case_038,C01,include,ok
jev,1,1,case_038,C02,exclude,ok
jev,1,1,case_038,C03,include,ok
jev,1,1,case_038,C04,include,ok
jev,1,1,case_038,C05,exclude,ok
jev,1,1,case_038,C06,exclude,ok
jev,1,1,case_038,C07,exclude,ok
jev,1,1,case_038,C08,include,ok
jev,1,1,case_038,C09,exclude,ok
jev,1,1,case_038,C10,exclude,ok
jev,1,1,case_039,C01,exclude,ok
jev,1,1,case_039,C02,exclude,ok
jev,1,1,case_039,C03,exclude,ok
jev,1,1,case_039,C04,exclude,ok
jev,1,1,case_039,C05,exclude,ok
jev,1,1,case_039,C06,exclude,ok
jev,1,1,case_039,C07,exclude,ok
jev,1,1,case_039,C08,exclude,ok
jev,1,1,case_039,C09,exclude,ok
jev,1,1,case_039,C10,exclude,ok
jev,1,1,case_040,C01,exclude,ok
jev,1,1,case_040,C02,exclude,ok
jev,1,1,case_040,C03,include,ok
jev,1,1,case_040,C04,include,ok
jev,1,1,case_040,C05,exclude,ok
jev,1,1,case_040,C06,include,ok
jev,1,1,case_040,C07,include,ok
jev,1,1,case_040,C08,include,ok
jev,1,1,case_040,C09,exclude,ok
jev,1,1,case_040,C10,include,ok
jev,1,1,case_041,C01,include,ok
jev,1,1,case_041,C02,exclude,ok
jev,1,1,case_041,C03,exclude,ok
jev,1,1,case_041,C04,exclude,ok
jev,1,1,case_041,C05,exclude,ok
jev,1,1,case_041,C06,exclude,ok
jev,1,1,case_041,C07,exclude,ok
jev,1,1,case_041,C08,exclude,ok
jev,1,1,case_041,C09,exclude,ok
jev,1,1,case_041,C10,exclude,ok
jev,1,1,case_042,C01,exclude,ok
jev,1,1,case_042,C02,exclude,ok
jev,1,1,case_042,C03,exclude,ok
jev,1,1,case_042,C04,exclude,ok
jev,1,1,case_042,C05,exclude,ok
jev,1,1,case_042,C06,exclude,ok
jev,1,1,case_042,C07,exclude,ok
jev,1,1,case_042,C08,exclude,ok
jev,1,1,case_042,C09,exclude,ok
jev,1,1,case_042,C10,exclude,ok
jev,1,1,case_043,C01,include,ok
jev,1,1,case_043,C02,include,ok
jev,1,1,case_043,C03,include,ok
jev,1,1,case_043,C04,include,ok
jev,1,1,case_043,C05,exclude,ok
jev,1,1,case_043,C06,include,ok
jev,1,1,case_043,C07,exclude,ok
jev,1,1,case_043,C08,exclude,ok
jev,1,1,case_043,C09,include,ok
jev,1,1,case_043,C10,exclude,ok
jev,1,1,case_044,C01,exclude,ok
jev,1,1,case_044,C02,include,ok
jev,1,1,case_044,C03,exclude,ok
jev,1,1,case_044,C04,exclude,ok
jev,1,1,case_044,C05,exclude,ok
jev,1,1,case_044,C06,include,ok
jev,1,1,case_044,C07,exclude,ok
jev,1,1,case_044,C08,exclude,ok
jev,1,1,case_044,C09,exclude,ok
jev,1,1,case_044,C10,exclude,ok
jev,1,1,case_045,C01,exclude,ok
jev,1,1,case_045,C02,exclude,ok
jev,1,1,case_045,C03,include,ok
jev,1,1,case_045,C04,exclude,ok
jev,1,1,case_045,C05,exclude,ok
jev,1,1,case_045,C06,exclude,ok
jev,1,1,case_045,C07,exclude,ok
jev,1,1,case_045,C08,include,ok
jev,1,1,case_045,C09,exclude,ok
jev,1,1,case_045,C10,exclude,ok
jev,1,1,case_046,C01,include,ok
jev,1,1,case_046,C02,include,ok
jev,1,1,case_046,C03,include,ok
jev,1,1,case_046,C04,include,ok
jev,1,1,case_046,C05,include,ok
jev,1,1,case_046,C06,include,ok
jev,1,1,case_046,C07,include,ok
jev,1,1,case_046,C08,include,ok
jev,1,1,case_046,C09,include,ok
jev,1,1,case_046,C10,include,ok
jev,1,1,case_047,C01,include,ok
jev,1,1,case_047,C02,exclude,ok
jev,1,1,case_047,C03,exclude,ok
jev,1,1,case_047,C04,exclude,ok
jev,1,1,case_047,C05,exclude,ok
jev,1,1,case_047,C06,include,ok
jev,1,1,case_047,C07,include,ok
jev,1,1,case_047,C08,include,ok
jev,1,1,case_047,C09,exclude,ok
jev,1,1,case_047,C10,exclude,ok
jev,1,1,case_048,C01,exclude,ok
jev,1,1,case_048,C02,exclude,ok
jev,1,1,case_048,C03,exclude,ok
jev,1,1,case_048,C04,include,ok
jev,1,1,case_048,C05,exclude,ok
jev,1,1,case_048,C06,exclude,ok
jev,1,1,case_048,C07,exclude,ok
jev,1,1,case_048,C08,exclude,ok
jev,1,1,case_048,C09,exclude,ok
jev,1,1,case_048,C10,exclude,ok
jev,1,1,case_049,C01,exclude,ok
jev,1,1,case_049,C02,exclude,ok
jev,1,1,case_049,C03,exclude,ok
jev,1,1,case_049,C04,include,ok
jev,1,1,case_049,C05,exclude,ok
jev,1,1,case_049,C06,exclude,ok
jev,1,1,case_049,C07,include,ok
jev,1,1,case_049,C08,include,ok
jev,1,1,case_049,C09,include,ok
jev,1,1,case_049,C10,exclude,ok
jev,1,1,case_050,C01,include,ok
jev,1,1,case_050,C02,exclude,ok
jev,1,1,case_050,C03,exclude,ok
jev,1,1,case_050,C04,exclude,ok
jev,1,1,case_050,C05,exclude,ok
jev,1,1,case_050,C06,exclude,ok
jev,1,1,case_050,C07,exclude,ok
jev,1,1,case_050,C08,exclude,ok
jev,1,1,case_050,C09,exclude,ok
jev,1,1,case_050,C10,exclude,ok
jev,1,1,case_051,C01,exclude,ok
jev,1,1,case_051,C02,exclude,ok
jev,1,1,case_051,C03,exclude,ok
jev,1,1,case_051,C04,exclude,ok
jev,1,1,case_051,C05,exclude,ok
jev,1,1,case_051,C06,exclude,ok
jev,1,1,case_051,C07,exclude,ok
jev,1,1,case_051,C08,exclude,ok
jev,1,1,case_051,C09,exclude,ok
jev,1,1,case_051,C10,exclude,ok
jev,1,1,case_052,C01,exclude,ok
jev,1,1,case_052,C02,exclude,ok
jev,1,1,case_052,C03,exclude,ok
jev,1,1,case_052,C04,exclude,ok
jev,1,1,case_052,C05,exclude,ok
jev,1,1,case_052,C06,exclude,ok
jev,1,1,case_052,C07,exclude,ok
jev,1,1,case_052,C08,exclude,ok
jev,1,1,case_052,C09,exclude,ok
jev,1,1,case_052,C10,exclude,ok
jev,1,1,case_053,C01,exclude,ok
jev,1,1,case_053,C02,include,ok
jev,1,1,case_053,C03,exclude,ok
jev,1,1,case_053,C04,include,ok
jev,1,1,case_053,C05,exclude,ok
jev,1,1,case_053,C06,include,ok
jev,1,1,case_053,C07,include,ok
jev,1,1,case_053,C08,include,ok
jev,1,1,case_053,C09,include,ok
jev,1,1,case_053,C10,include,ok
jev,1,1,case_054,C01,exclude,ok
jev,1,1,case_054,C02,exclude,ok
jev,1,1,case_054,C03,exclude,ok
jev,1,1,case_054,C04,exclude,ok
jev,1,1,case_054,C05,include,ok
jev,1,1,case_054,C06,exclude,ok
jev,1,1,case_054,C07,exclude,ok
jev,1,1,case_054,C08,exclude,ok
jev,1,1,case_054,C09,exclude,ok
jev,1,1,case_054,C10,exclude,ok
jev,1,1,case_055,C01,exclude,ok
jev,1,1,case_055,C02,exclude,ok
jev,1,1,case_055,C03,exclude,ok
jev,1,1,case_055,C04,exclude,ok
jev,1,1,case_055,C05,exclude,ok
jev,1,1,case_055,C06,exclude,ok
jev,1,1,case_055,C07,exclude,ok
jev,1,1,case_055,C08,exclude,ok
jev,1,1,case_055,C09,exclude,ok
jev,1,1,case_055,C10,exclude,ok
jev,1,1,case_056,C01,exclude,ok
jev,1,1,case_056,C02,exclude,ok
jev,1,1,case_056,C03,exclude,ok
jev,1,1,case_056,C04,exclude,ok
jev,1,1,case_056,C05,exclude,ok
jev,1,1,case_056,C06,exclude,ok
jev,1,1,case_056,C07,exclude,ok
jev,1,1,case_056,C08,exclude,ok
jev,1,1,case_056,C09,exclude,ok
jev,1,1,case_056,C10,exclude,ok
jev,1,1,case_057,C01,exclude,ok
jev,1,1,case_057,C02,exclude,ok
jev,1,1,case_057,C03,exclude,ok
jev,1,1,case_057,C04,exclude,ok
jev,1,1,case_057,C05,exclude,ok
jev,1,1,case_057,C06,include,ok
jev,1,1,case_057,C07,exclude,ok
jev,1,1,case_057,C08,exclude,ok
jev,1,1,case_057,C09,exclude,ok
jev,1,1,case_057,C10,exclude,ok
jev,1,1,case_058,C01,include,ok
jev,1,1,case_058,C02,exclude,ok
jev,1,1,case_058,C03,include,ok
jev,1,1,case_058,C04,include,ok
jev,1,1,case_058,C05,exclude,ok
jev,1,1,case_058,C06,exclude,ok
jev,1,1,case_058,C07,include,ok
jev,1,1,case_058,C08,exclude,ok
jev,1,1,case_058,C09,exclude,ok
jev,1,1,case_058,C10,include,ok
jev,1,1,case_059,C01,include,ok
jev,1,1,case_059,C02,include,ok
jev,1,1,case_059,C03,include,ok
jev,1,1,case_059,C04,include,ok
jev,1,1,case_059,C05,include,ok
jev,1,1,case_059,C06,include,ok
jev,1,1,case_059,C07,include,ok
jev,1,1,case_059,C08,include,ok
jev,1,1,case_059,C09,exclude,ok
jev,1,1,case_059,C10,exclude,ok
jev,1,1,case_060,C01,include,ok
jev,1,1,case_060,C02,include,ok
jev,1,1,case_060,C03,exclude,ok
jev,1,1,case_060,C04,exclude,ok
jev,1,1,case_060,C05,exclude,ok
jev,1,1,case_060,C06,exclude,ok
jev,1,1,case_060,C07,exclude,ok
jev,1,1,case_060,C08,exclude,ok
jev,1,1,case_060,C09,exclude,ok
jev,1,1,case_060,C10,exclude,ok
jev,1,1,case_061,C01,exclude,ok
jev,1,1,case_061,C02,exclude,ok
jev,1,1,case_061,C03,exclude,ok
jev,1,1,case_061,C04,exclude,ok
jev,1,1,case_061,C05,exclude,ok
jev,1,1,case_061,C06,exclude,ok
jev,1,1,case_061,C07,exclude,ok
jev,1,1,case_061,C08,exclude,ok
jev,1,1,case_061,C09,include,ok
jev,1,1,case_061,C10,include,ok
jev,1,1,case_062,C01,include,ok
jev,1,1,case_062,C02,include,ok
jev,1,1,case_062,C03,include,ok
jev,1,1,case_062,C04,include,ok
jev,1,1,case_062,C05,include,ok
jev,1,1,case_062,C06,include,ok
jev,1,1,case_062,C07,include,ok
jev,1,1,case_062,C08,include,ok
jev,1,1,case_062,C09,include,ok
jev,1,1,case_062,C10,include,ok
jev,1,1,case_063,C01,exclude,ok
jev,1,1,case_063,C02,exclude,ok
jev,1,1,case_063,C03,exclude,ok
jev,1,1,case_063,C04,exclude,ok
jev,1,1,case_063,C05,include,ok
jev,1,1,case_063,C06,exclude,ok
jev,1,1,case_063,C07,exclude,ok
jev,1,1,case_063,C08,exclude,ok
jev,1,1,case_063,C09,exclude,ok
jev,1,1,case_063,C10,exclude,ok
jev,1,1,case_064,C01,exclude,ok
jev,1,1,case_064,C02,exclude,ok
jev,1,1,case_064,C03,exclude,ok
jev,1,1,case_064,C04,exclude,ok
jev,1,1,case_064,C05,exclude,ok
jev,1,1,case_064,C06,exclude,ok
jev,1,1,case_064,C07,exclude,ok
jev,1,1,case_064,C08,include,ok
jev,1,1,case_064,C09,exclude,ok
jev,1,1,case_064,C10,exclude,ok
jev,1,1,case_065,C01,exclude,ok
jev,1,1,case_065,C02,exclude,ok
jev,1,1,case_065,C03,exclude,ok
jev,1,1,case_065,C04,include,ok
jev,1,1,case_065,C05,include,ok
jev,1,1,case_065,C06,exclude,ok
jev,1,1,case_065,C07,exclude,ok
jev,1,1,case_065,C08,exclude,ok
jev,1,1,case_065,C09,include,ok
jev,1,1,case_065,C10,exclude,ok
jev,1,1,case_066,C01,exclude,ok
jev,1,1,case_066,C02,exclude,ok
jev,1,1,case_066,C03,exclude,ok
jev,1,1,case_066,C04,exclude,ok
jev,1,1,case_066,C05,exclude,ok
jev,1,1,case_066,C06,exclude,ok
jev,1,1,case_066,C07,exclude,ok
jev,1,1,case_066,C08,exclude,ok
jev,1,1,case_066,C09,exclude,ok
jev,1,1,case_066,C10,exclude,ok
jev,1,1,case_067,C01,include,ok
jev,1,1,case_067,C02,include,ok
jev,1,1,case_067,C03,exclude,ok
jev,1,1,case_067,C04,exclude,ok
jev,1,1,case_067,C05,include,ok
jev,1,1,case_067,C06,exclude,ok
jev,1,1,case_067,C07,include,ok
jev,1,1,case_067,C08,include,ok
jev,1,1,case_067,C09,exclude,ok
jev,1,1,case_067,C10,exclude,ok
jev,1,1,case_068,C01,include,ok
jev,1,1,case_068,C02,exclude,ok
jev,1,1,case_068,C03,exclude,ok
jev,1,1,case_068,C04,exclude,ok
jev,1,1,case_068,C05,exclude,ok
jev,1,1,case_068,C06,exclude,ok
jev,1,1,case_068,C07,exclude,ok
jev,1,1,case_068,C08,exclude,ok
jev,1,1,case_068,C09,exclude,ok
jev,1,1,case_068,C10,exclude,ok
jev,1,1,case_069,C01,exclude,ok
jev,1,1,case_069,C02,exclude,ok
jev,1,1,case_069,C03,include,ok
jev,1,1,case_069,C04,include,ok
jev,1,1,case_069,C05,exclude,ok
jev,1,1,case_069,C06,include,ok
jev,1,1,case_069,C07,exclude,ok
jev,1,1,case_069,C08,exclude,ok
jev,1,1,case_069,C09,exclude,ok
jev,1,1,case_069,C10,exclude,ok
jev,1,1,case_070,C01,include,ok
jev,1,1,case_070,C02,exclude,ok
jev,1,1,case_070,C03,include,ok
jev,1,1,case_070,C04,exclude,ok
jev,1,1,case_070,C05,include,ok
jev,1,1,case_070,C06,include,ok
jev,1,1,case_070,C07,exclude,ok
jev,1,1,case_070,C08,exclude,ok
jev,1,1,case_070,C09,include,ok
jev,1,1,case_070,C10,exclude,ok
jev,1,1,case_071,C01,exclude,ok
jev,1,1,case_071,C02,exclude,ok
jev,1,1,case_071,C03,exclude,ok
jev,1,1,case_071,C04,exclude,ok
jev,1,1,case_071,C05,exclude,ok
jev,1,1,case_071,C06,exclude,ok
jev,1,1,case_071,C07,exclude,ok
jev,1,1,case_071,C08,exclude,ok
jev,1,1,case_071,C09,exclude,ok
jev,1,1,case_071,C10,exclude,ok
jev,1,1,case_072,C01,include,ok
jev,1,1,case_072,C02,include,ok
jev,1,1,case_072,C03,include,ok
jev,1,1,case_072,C04,include,ok
jev,1,1,case_072,C05,include,ok
jev,1,1,case_072,C06,include,ok
jev,1,1,case_072,C07,include,ok
jev,1,1,case_072,C08,include,ok
jev,1,1,case_072,C09,include,ok
jev,1,1,case_072,C10,include,ok
jev,1,1,case_073,C01,include,ok
jev,1,1,case_073,C02,include,ok
jev,1,1,case_073,C03,include,ok
jev,1,1,case_073,C04,include,ok
jev,1,1,case_073,C05,include,ok
jev,1,1,case_073,C06,include,ok
jev,1,1,case_073,C07,include,ok
jev,1,1,case_073,C08,exclude,ok
jev,1,1,case_073,C09,exclude,ok
jev,1,1,case_073,C10,exclude,ok
jev,1,1,case_074,C01,exclude,ok
jev,1,1,case_074,C02,exclude,ok
jev,1,1,case_074,C03,exclude,ok
jev,1,1,case_074,C04,exclude,ok
jev,1,1,case_074,C05,exclude,ok
jev,1,1,case_074,C06,exclude,ok
jev,1,1,case_074,C07,exclude,ok
jev,1,1,case_074,C08,exclude,ok
jev,1,1,case_074,C09,exclude,ok
jev,1,1,case_074,C10,exclude,ok
jev,1,1,case_075,C01,exclude,ok
jev,1,1,case_075,C02,exclude,ok
jev,1,1,case_075,C03,exclude,ok
jev,1,1,case_075,C04,exclude,ok
jev,1,1,case_075,C05,exclude,ok
jev,1,1,case_075,C06,exclude,ok
jev,1,1,case_075,C07,exclude,ok
jev,1,1,case_075,C08,include,ok
jev,1,1,case_075,C09,include,ok
jev,1,1,case_075,C10,exclude,ok
jev,1,1,case_076,C01,exclude,ok
jev,1,1,case_076,C02,exclude,ok
jev,1,1,case_076,C03,exclude,ok
jev,1,1,case_076,C04,exclude,ok
jev,1,1,case_076,C05,exclude,ok
jev,1,1,case_076,C06,exclude,ok
jev,1,1,case_076,C07,exclude,ok
jev,1,1,case_076,C08,exclude,ok
jev,1,1,case_076,C09,exclude,ok
jev,1,1,case_076,C10,exclude,ok
jev,1,1,case_077,C01,exclude,ok
jev,1,1,case_077,C02,exclude,ok
jev,1,1,case_077,C03,exclude,ok
jev,1,1,case_077,C04,exclude,ok
jev,1,1,case_077,C05,exclude,ok
jev,1,1,case_077,C06,exclude,ok
jev,1,1,case_077,C07,exclude,ok
jev,1,1,case_077,C08,exclude,ok
jev,1,1,case_077,C09,include,ok
jev,1,1,case_077,C10,include,ok
jev,1,1,case_078,C01,exclude,ok
jev,1,1,case_078,C02,exclude,ok
jev,1,1,case_078,C03,include,ok
jev,1,1,case_078,C04,include,ok
jev,1,1,case_078,C05,include,ok
jev,1,1,case_078,C06,include,ok
jev,1,1,case_078,C07,include,ok
jev,1,1,case_078,C08,exclude,ok
jev,1,1,case_078,C09,include,ok
jev,1,1,case_078,C10,exclude,ok
jev,1,1,case_079,C01,exclude,ok
jev,1,1,case_079,C02,include,ok
jev,1,1,case_079,C03,include,ok
jev,1,1,case_079,C04,exclude,ok
jev,1,1,case_079,C05,exclude,ok
jev,1,1,case_079,C06,include,ok
jev,1,1,case_079,C07,exclude,ok
jev,1,1,case_079,C08,exclude,ok
jev,1,1,case_079,C09,exclude,ok
jev,1,1,case_079,C10,exclude,ok
jev,1,1,case_080,C01,include,ok
jev,1,1,case_080,C02,exclude,ok
jev,1,1,case_080,C03,exclude,ok
jev,1,1,case_080,C04,exclude,ok
jev,1,1,case_080,C05,exclude,ok
jev,1,1,case_080,C06,exclude,ok
jev,1,1,case_080,C07,exclude,ok
jev,1,1,case_080,C08,exclude,ok
jev,1,1,case_080,C09,exclude,ok
jev,1,1,case_080,C10,exclude,ok
jev,1,1,case_081,C01,exclude,ok
jev,1,1,case_081,C02,include,ok
jev,1,1,case_081,C03,exclude,ok
jev,1,1,case_081,C04,exclude,ok
jev,1,1,case_081,C05,exclude,ok
jev,1,1,case_081,C06,include,ok
jev,1,1,case_081,C07,exclude,ok
jev,1,1,case_081,C08,exclude,ok
jev,1,1,case_081,C09,exclude,ok
jev,1,1,case_081,C10,exclude,ok
jev,1,1,case_082,C01,include,ok
jev,1,1,case_082,C02,exclude,ok
jev,1,1,case_082,C03,include,ok
jev,1,1,case_082,C04,include,ok
jev,1,1,case_082,C05,include,ok
jev,1,1,case_082,C06,include,ok
jev,1,1,case_082,C07,exclude,ok
jev,1,1,case_082,C08,include,ok
jev,1,1,case_082,C09,include,ok
jev,1,1,case_082,C10,exclude,ok
jev,1,1,case_083,C01,include,ok
jev,1,1,case_083,C02,exclude,ok
jev,1,1,case_083,C03,exclude,ok
jev,1,1,case_083,C04,exclude,ok
jev,1,1,case_083,C05,exclude,ok
jev,1,1,case_083,C06,exclude,ok
jev,1,1,case_083,C07,exclude,ok
jev,1,1,case_083,C08,include,ok
jev,1,1,case_083,C09,include,ok
jev,1,1,case_083,C10,exclude,ok
jev,1,1,case_084,C01,exclude,ok
jev,1,1,case_084,C02,include,ok
jev,1,1,case_084,C03,include,ok
jev,1,1,case_084,C04,exclude,ok
jev,1,1,case_084,C05,exclude,ok
jev,1,1,case_084,C06,exclude,ok
jev,1,1,case_084,C07,exclude,ok
jev,1,1,case_084,C08,exclude,ok
jev,1,1,case_084,C09,exclude,ok
jev,1,1,case_084,C10,exclude,ok
jev,1,1,case_085,C01,exclude,ok
jev,1,1,case_085,C02,exclude,ok
jev,1,1,case_085,C03,exclude,ok
jev,1,1,case_085,C04,exclude,ok
jev,1,1,case_085,C05,exclude,ok
jev,1,1,case_085,C06,exclude,ok
jev,1,1,case_085,C07,exclude,ok
jev,1,1,case_085,C08,exclude,ok
jev,1,1,case_085,C09,exclude,ok
jev,1,1,case_085,C10,exclude,ok
jev,1,1,case_086,C01,exclude,ok
jev,1,1,case_086,C02,exclude,ok
jev,1,1,case_086,C03,exclude,ok
jev,1,1,case_086,C04,include,ok
jev,1,1,case_086,C05,include,ok
jev,1,1,case_086,C06,exclude,ok
jev,1,1,case_086,C07,exclude,ok
jev,1,1,case_086,C08,exclude,ok
jev,1,1,case_086,C09,exclude,ok
jev,1,1,case_086,C10,exclude,ok
jev,1,1,case_087,C01,include,ok
jev,1,1,case_087,C02,include,ok
jev,1,1,case_087,C03,exclude,ok
jev,1,1,case_087,C04,exclude,ok
jev,1,1,case_087,C05,include,ok
jev,1,1,case_087,C06,include,ok
jev,1,1,case_087,C07,include,ok
jev,1,1,case_087,C08,exclude,ok
jev,1,1,case_087,C09,include,ok
jev,1,1,case_087,C10,exclude,ok
jev,1,1,case_088,C01,exclude,ok
jev,1,1,case_088,C02,exclude,ok
jev,1,1,case_088,C03,exclude,ok
jev,1,1,case_088,C04,exclude,ok
jev,1,1,case_088,C05,exclude,ok
jev,1,1,case_088,C06,exclude,ok
jev,1,1,case_088,C07,exclude,ok
jev,1,1,case_088,C08,exclude,ok
jev,1,1,case_088,C09,exclude,ok
jev,1,1,case_088,C10,exclude,ok
jev,1,1,case_089,C01,exclude,ok
jev,1,1,case_089,C02,exclude,ok
jev,1,1,case_089,C03,include,ok
jev,1,1,case_089,C04,exclude,ok
jev,1,1,case_089,C05,include,ok
jev,1,1,case_089,C06,exclude,ok
jev,1,1,case_089,C07,exclude,ok
jev,1,1,case_089,C08,exclude,ok
jev,1,1,case_089,C09,exclude,ok
jev,1,1,case_089,C10,exclude,ok
jev,1,1,case_090,C01,include,ok
jev,1,1,case_090,C02,include,ok
jev,1,1,case_090,C03,include,ok
jev,1,1,case_090,C04,exclude,ok
jev,1,1,case_090,C05,exclude,ok
jev,1,1,case_090,C06,exclude,ok
jev,1,1,case_090,C07,include,ok
jev,1,1,case_090,C08,exclude,ok
jev,1,1,case_090,C09,exclude,ok
jev,1,1,case_090,C10,exclude,ok
jev,1,1,case_091,C01,exclude,ok
jev,1,1,case_091,C02,exclude,ok
jev,1,1,case_091,C03,exclude,ok
jev,1,1,case_091,C04,exclude,ok
jev,1,1,case_091,C05,exclude,ok
jev,1,1,case_091,C06,exclude,ok
jev,1,1,case_091,C07,exclude,ok
jev,1,1,case_091,C08,exclude,ok
jev,1,1,case_091,C09,exclude,ok
jev,1,1,case_091,C10,exclude,ok
jev,1,1,case_092,C01,exclude,ok
jev,1,1,case_092,C02,exclude,ok
jev,1,1,case_092,C03,exclude,ok
jev,1,1,case_092,C04,include,ok
jev,1,1,case_092,C05,exclude,ok
jev,1,1,case_092,C06,exclude,ok
jev,1,1,case_092,C07,exclude,ok
jev,1,1,case_092,C08,exclude,ok
jev,1,1,case_092,C09,exclude,ok
jev,1,1,case_092,C10,exclude,ok
jev,1,1,case_093,C01,include,ok
jev,1,1,case_093,C02,include,ok
jev,1,1,case_093,C03,include,ok
jev,1,1,case_093,C04,include,ok
jev,1,1,case_093,C05,include,ok
jev,1,1,case_093,C06,exclude,ok
jev,1,1,case_093,C07,exclude,ok
jev,1,1,case_093,C08,exclude,ok
jev,1,1,case_093,C09,exclude,ok
jev,1,1,case_093,C10,exclude,ok
jev,1,1,case_094,C01,include,ok
jev,1,1,case_094,C02,include,ok
jev,1,1,case_094,C03,exclude,ok
jev,1,1,case_094,C04,exclude,ok
jev,1,1,case_094,C05,include,ok
jev,1,1,case_094,C06,exclude,ok
jev,1,1,case_094,C07,include,ok
jev,1,1,case_094,C08,exclude,ok
jev,1,1,case_094,C09,exclude,ok
jev,1,1,case_094,C10,exclude,ok
jev,1,1,case_095,C01,exclude,ok
jev,1,1,case_095,C02,exclude,ok
jev,1,1,case_095,C03,exclude,ok
jev,1,1,case_095,C04,exclude,ok
jev,1,1,case_095,C05,exclude,ok
jev,1,1,case_095,C06,exclude,ok
jev,1,1,case_095,C07,exclude,ok
jev,1,1,case_095,C08,exclude,ok
jev,1,1,case_095,C09,include,ok
jev,1,1,case_095,C10,exclude,ok
jev,1,1,case_096,C01,include,ok
jev,1,1,case_096,C02,exclude,ok
jev,1,1,case_096,C03,exclude,ok
jev,1,1,case_096,C04,exclude,ok
jev,1,1,case_096,C05,exclude,ok
jev,1,1,case_096,C06,include,ok
jev,1,1,case_096,C07,include,ok
jev,1,1,case_096,C08,include,ok
jev,1,1,case_096,C09,exclude,ok
jev,1,1,case_096,C10,exclude,ok
jev,1,1,case_097,C01,exclude,ok
jev,1,1,case_097,C02,exclude,ok
jev,1,1,case_097,C03,exclude,ok
jev,1,1,case_097,C04,exclude,ok
jev,1,1,case_097,C05,exclude,ok
jev,1,1,case_097,C06,include,ok
jev,1,1,case_097,C07,exclude,ok
jev,1,1,case_097,C08,exclude,ok
jev,1,1,case_097,C09,exclude,ok
jev,1,1,case_097,C10,include,ok
jev,1,1,case_098,C01,include,ok
jev,1,1,case_098,C02,include,ok
jev,1,1,case_098,C03,include,ok
jev,1,1,case_098,C04,include,ok
jev,1,1,case_098,C05,include,ok
jev,1,1,case_098,C06,include,ok
jev,1,1,case_098,C07,include,ok
jev,1,1,case_098,C08,include,ok
jev,1,1,case_098,C09,exclude,ok
jev,1,1,case_098,C10,include,ok
jev,1,1,case_099,C01,include,ok
jev,1,1,case_099,C02,include,ok
jev,1,1,case_099,C03,include,ok
jev,1,1,case_099,C04,exclude,ok
jev,1,1,case_099,C05,exclude,ok
jev,1,1,case_099,C06,include,ok
jev,1,1,case_099,C07,include,ok
jev,1,1,case_099,C08,include,ok
jev,1,1,case_099,C09,include,ok
jev,1,1,case_099,C10,include,ok
jev,1,1,case_100,C01,exclude,ok
jev,1,1,case_100,C02,exclude,ok
jev,1,1,case_100,C03,exclude,ok
jev,1,1,case_100,C04,include,ok
jev,1,1,case_100,C05,include,ok
jev,1,1,case_100,C06,exclude,ok
jev,1,1,case_100,C07,exclude,ok
jev,1,1,case_100,C08,exclude,ok
jev,1,1,case_100,C09,exclude,ok
jev,1,1,case_100,C10,exclude,ok
jev,2,2,case_001,C01,include,ok
jev,2,2,case_001,C02,include,ok
jev,2,2,case_001,C03,include,ok
jev,2,2,case_001,C04,exclude,ok
jev,2,2,case_001,C05,include,ok
jev,2,2,case_001,C06,exclude,ok
jev,2,2,case_001,C07,include,ok
jev,2,2,case_001,C08,include,ok
jev,2,2,case_001,C09,include,ok
jev,2,2,case_001,C10,include,ok
jev,2,2,case_002,C01,exclude,ok
jev,2,2,case_002,C02,exclude,ok
jev,2,2,case_002,C03,exclude,ok
jev,2,2,case_002,C04,exclude,ok
jev,2,2,case_002,C05,exclude,ok
jev,2,2,case_002,C06,exclude,ok
jev,2,2,case_002,C07,exclude,ok
jev,2,2,case_002,C08,exclude,ok
jev,2,2,case_002,C09,exclude,ok
jev,2,2,case_002,C10,exclude,ok
jev,2,2,case_003,C01,exclude,ok
jev,2,2,case_003,C02,exclude,ok
jev,2,2,case_003,C03,exclude,ok
jev,2,2,case_003,C04,exclude,ok
jev,2,2,case_003,C05,exclude,ok
jev,2,2,case_003,C06,exclude,ok
jev,2,2,case_003,C07,exclude,ok
jev,2,2,case_003,C08,exclude,ok
jev,2,2,case_003,C09,exclude,ok
jev,2,2,case_003,C10,exclude,ok
jev,2,2,case_004,C01,include,ok
jev,2,2,case_004,C02,exclude,ok
jev,2,2,case_004,C03,exclude,ok
jev,2,2,case_004,C04,exclude,ok
jev,2,2,case_004,C05,exclude,ok
jev,2,2,case_004,C06,exclude,ok
jev,2,2,case_004,C07,exclude,ok
jev,2,2,case_004,C08,exclude,ok
jev,2,2,case_004,C09,exclude,ok
jev,2,2,case_004,C10,exclude,ok
jev,2,2,case_005,C01,exclude,ok
jev,2,2,case_005,C02,exclude,ok
jev,2,2,case_005,C03,exclude,ok
jev,2,2,case_005,C04,exclude,ok
jev,2,2,case_005,C05,include,ok
jev,2,2,case_005,C06,exclude,ok
jev,2,2,case_005,C07,exclude,ok
jev,2,2,case_005,C08,exclude,ok
jev,2,2,case_005,C09,include,ok
jev,2,2,case_005,C10,exclude,ok
jev,2,2,case_006,C01,exclude,ok
jev,2,2,case_006,C02,exclude,ok
jev,2,2,case_006,C03,exclude,ok
jev,2,2,case_006,C04,exclude,ok
jev,2,2,case_006,C05,exclude,ok
jev,2,2,case_006,C06,exclude,ok
jev,2,2,case_006,C07,include,ok
jev,2,2,case_006,C08,exclude,ok
jev,2,2,case_006,C09,exclude,ok
jev,2,2,case_006,C10,exclude,ok
jev,2,2,case_007,C01,include,ok
jev,2,2,case_007,C02,exclude,ok
jev,2,2,case_007,C03,include,ok
jev,2,2,case_007,C04,exclude,ok
jev,2,2,case_007,C05,include,ok
jev,2,2,case_007,C06,include,ok
jev,2,2,case_007,C07,include,ok
jev,2,2,case_007,C08,exclude,ok
jev,2,2,case_007,C09,exclude,ok
jev,2,2,case_007,C10,exclude,ok
jev,2,2,case_008,C01,exclude,ok
jev,2,2,case_008,C02,exclude,ok
jev,2,2,case_008,C03,exclude,ok
jev,2,2,case_008,C04,exclude,ok
jev,2,2,case_008,C05,exclude,ok
jev,2,2,case_008,C06,exclude,ok
jev,2,2,case_008,C07,exclude,ok
jev,2,2,case_008,C08,exclude,ok
jev,2,2,case_008,C09,exclude,ok
jev,2,2,case_008,C10,exclude,ok
jev,2,2,case_009,C01,include,ok
jev,2,2,case_009,C02,exclude,ok
jev,2,2,case_009,C03,include,ok
jev,2,2,case_009,C04,exclude,ok
jev,2,2,case_009,C05,exclude,ok
jev,2,2,case_009,C06,exclude,ok
jev,2,2,case_009,C07,exclude,ok
jev,2,2,case_009,C08,exclude,ok
jev,2,2,case_009,C09,exclude,ok
jev,2,2,case_009,C10,exclude,ok
jev,2,2,case_010,C01,include,ok
jev,2,2,case_010,C02,include,ok
jev,2,2,case_010,C03,include,ok
jev,2,2,case_010,C04,include,ok
jev,2,2,case_010,C05,include,ok
jev,2,2,case_010,C06,include,ok
jev,2,2,case_010,C07,exclude,ok
jev,2,2,case_010,C08,exclude,ok
jev,2,2,case_010,C09,include,ok
jev,2,2,case_010,C10,include,ok
jev,2,2,case_011,C01,exclude,ok
jev,2,2,case_011,C02,exclude,ok
jev,2,2,case_011,C03,exclude,ok
jev,2,2,case_011,C04,exclude,ok
jev,2,2,case_011,C05,exclude,ok
jev,2,2,case_011,C06,exclude,ok
jev,2,2,case_011,C07,include,ok
jev,2,2,case_011,C08,exclude,ok
jev,2,2,case_011,C09,exclude,ok
jev,2,2,case_011,C10,exclude,ok
jev,2,2,case_012,C01,include,ok
jev,2,2,case_012,C02,include,ok
jev,2,2,case_012,C03,exclude,ok
jev,2,2,case_012,C04,exclude,ok
jev,2,2,case_012,C05,exclude,ok
jev,2,2,case_012,C06,exclude,ok
jev,2,2,case_012,C07,exclude,ok
jev,2,2,case_012,C08,exclude,ok
jev,2,2,case_012,C09,exclude,ok
jev,2,2,case_012,C10,exclude,ok
jev,2,2,case_013,C01,exclude,ok
jev,2,2,case_013,C02,exclude,ok
jev,2,2,case_013,C03,exclude,ok
jev,2,2,case_013,C04,exclude,ok
jev,2,2,case_013,C05,exclude,ok
jev,2,2,case_013,C06,exclude,ok
jev,2,2,case_013,C07,exclude,ok
jev,2,2,case_013,C08,exclude,ok
jev,2,2,case_013,C09,exclude,ok
jev,2,2,case_013,C10,exclude,ok
jev,2,2,case_014,C01,exclude,ok
jev,2,2,case_014,C02,exclude,ok
jev,2,2,case_014,C03,exclude,ok
jev,2,2,case_014,C04,include,ok
jev,2,2,case_014,C05,exclude,ok
jev,2,2,case_014,C06,exclude,ok
jev,2,2,case_014,C07,exclude,ok
jev,2,2,case_014,C08,include,ok
jev,2,2,case_014,C09,exclude,ok
jev,2,2,case_014,C10,exclude,ok
jev,2,2,case_015,C01,exclude,ok
jev,2,2,case_015,C02,exclude,ok
jev,2,2,case_015,C03,exclude,ok
jev,2,2,case_015,C04,exclude,ok
jev,2,2,case_015,C05,exclude,ok
jev,2,2,case_015,C06,exclude,ok
jev,2,2,case_015,C07,exclude,ok
jev,2,2,case_015,C08,exclude,ok
jev,2,2,case_015,C09,exclude,ok
jev,2,2,case_015,C10,exclude,ok
jev,2,2,case_016,C01,include,ok
jev,2,2,case_016,C02,include,ok
jev,2,2,case_016,C03,include,ok
jev,2,2,case_016,C04,include,ok
jev,2,2,case_016,C05,include,ok
jev,2,2,case_016,C06,exclude,ok
jev,2,2,case_016,C07,include,ok
jev,2,2,case_016,C08,exclude,ok
jev,2,2,case_016,C09,exclude,ok
jev,2,2,case_016,C10,exclude,ok
jev,2,2,case_017,C01,exclude,ok
jev,2,2,case_017,C02,exclude,ok
jev,2,2,case_017,C03,exclude,ok
jev,2,2,case_017,C04,exclude,ok
jev,2,2,case_017,C05,exclude,ok
jev,2,2,case_017,C06,exclude,ok
jev,2,2,case_017,C07,exclude,ok
jev,2,2,case_017,C08,exclude,ok
jev,2,2,case_017,C09,exclude,ok
jev,2,2,case_017,C10,exclude,ok
jev,2,2,case_018,C01,exclude,ok
jev,2,2,case_018,C02,exclude,ok
jev,2,2,case_018,C03,exclude,ok
jev,2,2,case_018,C04,exclude,ok
jev,2,2,case_018,C05,exclude,ok
jev,2,2,case_018,C06,exclude,ok
jev,2,2,case_018,C07,exclude,ok
jev,2,2,case_018,C08,exclude,ok
jev,2,2,case_018,C09,exclude,ok
jev,2,2,case_018,C10,exclude,ok
jev,2,2,case_019,C01,exclude,ok
jev,2,2,case_019,C02,include,ok
jev,2,2,case_019,C03,include,ok
jev,2,2,case_019,C04,exclude,ok
jev,2,2,case_019,C05,exclude,ok
jev,2,2,case_019,C06,include,ok
jev,2,2,case_019,C07,include,ok
jev,2,2,case_019,C08,exclude,ok
jev,2,2,case_019,C09,exclude,ok
jev,2,2,case_019,C10,include,ok
jev,2,2,case_020,C01,exclude,ok
jev,2,2,case_020,C02,exclude,ok
jev,2,2,case_020,C03,include,ok
jev,2,2,case_020,C04,exclude,ok
jev,2,2,case_020,C05,exclude,ok
jev,2,2,case_020,C06,exclude,ok
jev,2,2,case_020,C07,exclude,ok
jev,2,2,case_020,C08,exclude,ok
jev,2,2,case_020,C09,exclude,ok
jev,2,2,case_020,C10,exclude,ok
jev,2,2,case_021,C01,include,ok
jev,2,2,case_021,C02,exclude,ok
jev,2,2,case_021,C03,include,ok
jev,2,2,case_021,C04,include,ok
jev,2,2,case_021,C05,exclude,ok
jev,2,2,case_021,C06,include,ok
jev,2,2,case_021,C07,include,ok
jev,2,2,case_021,C08,include,ok
jev,2,2,case_021,C09,include,ok
jev,2,2,case_021,C10,include,ok
jev,2,2,case_022,C01,exclude,ok
jev,2,2,case_022,C02,exclude,ok
jev,2,2,case_022,C03,exclude,ok
jev,2,2,case_022,C04,exclude,ok
jev,2,2,case_022,C05,exclude,ok
jev,2,2,case_022,C06,exclude,ok
jev,2,2,case_022,C07,exclude,ok
jev,2,2,case_022,C08,exclude,ok
jev,2,2,case_022,C09,exclude,ok
jev,2,2,case_022,C10,exclude,ok
jev,2,2,case_023,C01,include,ok
jev,2,2,case_023,C02,include,ok
jev,2,2,case_023,C03,include,ok
jev,2,2,case_023,C04,include,ok
jev,2,2,case_023,C05,include,ok
jev,2,2,case_023,C06,include,ok
jev,2,2,case_023,C07,include,ok
jev,2,2,case_023,C08,include,ok
jev,2,2,case_023,C09,include,ok
jev,2,2,case_023,C10,include,ok
jev,2,2,case_024,C01,exclude,ok
jev,2,2,case_024,C02,exclude,ok
jev,2,2,case_024,C03,exclude,ok
jev,2,2,case_024,C04,exclude,ok
jev,2,2,case_024,C05,include,ok
jev,2,2,case_024,C06,exclude,ok
jev,2,2,case_024,C07,exclude,ok
jev,2,2,case_024,C08,exclude,ok
jev,2,2,case_024,C09,exclude,ok
jev,2,2,case_024,C10,exclude,ok
jev,2,2,case_025,C01,include,ok
jev,2,2,case_025,C02,include,ok
jev,2,2,case_025,C03,include,ok
jev,2,2,case_025,C04,include,ok
jev,2,2,case_025,C05,include,ok
jev,2,2,case_025,C06,include,ok
jev,2,2,case_025,C07,exclude,ok
jev,2,2,case_025,C08,exclude,ok
jev,2,2,case_025,C09,include,ok
jev,2,2,case_025,C10,exclude,ok
jev,2,2,case_026,C01,include,ok
jev,2,2,case_026,C02,exclude,ok
jev,2,2,case_026,C03,include,ok
jev,2,2,case_026,C04,include,ok
jev,2,2,case_026,C05,include,ok
jev,2,2,case_026,C06,include,ok
jev,2,2,case_026,C07,include,ok
jev,2,2,case_026,C08,exclude,ok
jev,2,2,case_026,C09,exclude,ok
jev,2,2,case_026,C10,include,ok
jev,2,2,case_027,C01,include,ok
jev,2,2,case_027,C02,include,ok
jev,2,2,case_027,C03,exclude,ok
jev,2,2,case_027,C04,exclude,ok
jev,2,2,case_027,C05,include,ok
jev,2,2,case_027,C06,exclude,ok
jev,2,2,case_027,C07,include,ok
jev,2,2,case_027,C08,exclude,ok
jev,2,2,case_027,C09,exclude,ok
jev,2,2,case_027,C10,include,ok
jev,2,2,case_028,C01,include,ok
jev,2,2,case_028,C02,include,ok
jev,2,2,case_028,C03,include,ok
jev,2,2,case_028,C04,include,ok
jev,2,2,case_028,C05,include,ok
jev,2,2,case_028,C06,include,ok
jev,2,2,case_028,C07,include,ok
jev,2,2,case_028,C08,include,ok
jev,2,2,case_028,C09,include,ok
jev,2,2,case_028,C10,include,ok
jev,2,2,case_029,C01,include,ok
jev,2,2,case_029,C02,include,ok
jev,2,2,case_029,C03,exclude,ok
jev,2,2,case_029,C04,include,ok
jev,2,2,case_029,C05,exclude,ok
jev,2,2,case_029,C06,exclude,ok
jev,2,2,case_029,C07,exclude,ok
jev,2,2,case_029,C08,exclude,ok
jev,2,2,case_029,C09,exclude,ok
jev,2,2,case_029,C10,exclude,ok
jev,2,2,case_030,C01,exclude,ok
jev,2,2,case_030,C02,exclude,ok
jev,2,2,case_030,C03,exclude,ok
jev,2,2,case_030,C04,exclude,ok
jev,2,2,case_030,C05,exclude,ok
jev,2,2,case_030,C06,exclude,ok
jev,2,2,case_030,C07,exclude,ok
jev,2,2,case_030,C08,exclude,ok
jev,2,2,case_030,C09,exclude,ok
jev,2,2,case_030,C10,exclude,ok
jev,2,2,case_031,C01,include,ok
jev,2,2,case_031,C02,include,ok
jev,2,2,case_031,C03,include,ok
jev,2,2,case_031,C04,include,ok
jev,2,2,case_031,C05,exclude,ok
jev,2,2,case_031,C06,include,ok
jev,2,2,case_031,C07,include,ok
jev,2,2,case_031,C08,include,ok
jev,2,2,case_031,C09,include,ok
jev,2,2,case_031,C10,include,ok
jev,2,2,case_032,C01,include,ok
jev,2,2,case_032,C02,exclude,ok
jev,2,2,case_032,C03,exclude,ok
jev,2,2,case_032,C04,exclude,ok
jev,2,2,case_032,C05,exclude,ok
jev,2,2,case_032,C06,exclude,ok
jev,2,2,case_032,C07,exclude,ok
jev,2,2,case_032,C08,exclude,ok
jev,2,2,case_032,C09,exclude,ok
jev,2,2,case_032,C10,exclude,ok
jev,2,2,case_033,C01,include,ok
jev,2,2,case_033,C02,include,ok
jev,2,2,case_033,C03,include,ok
jev,2,2,case_033,C04,exclude,ok
jev,2,2,case_033,C05,include,ok
jev,2,2,case_033,C06,exclude,ok
jev,2,2,case_033,C07,exclude,ok
jev,2,2,case_033,C08,exclude,ok
jev,2,2,case_033,C09,exclude,ok
jev,2,2,case_033,C10,exclude,ok
jev,2,2,case_034,C01,exclude,ok
jev,2,2,case_034,C02,include,ok
jev,2,2,case_034,C03,exclude,ok
jev,2,2,case_034,C04,exclude,ok
jev,2,2,case_034,C05,include,ok
jev,2,2,case_034,C06,include,ok
jev,2,2,case_034,C07,exclude,ok
jev,2,2,case_034,C08,exclude,ok
jev,2,2,case_034,C09,exclude,ok
jev,2,2,case_034,C10,exclude,ok
jev,2,2,case_035,C01,exclude,ok
jev,2,2,case_035,C02,exclude,ok
jev,2,2,case_035,C03,exclude,ok
jev,2,2,case_035,C04,exclude,ok
jev,2,2,case_035,C05,exclude,ok
jev,2,2,case_035,C06,exclude,ok
jev,2,2,case_035,C07,exclude,ok
jev,2,2,case_035,C08,exclude,ok
jev,2,2,case_035,C09,exclude,ok
jev,2,2,case_035,C10,exclude,ok
jev,2,2,case_036,C01,exclude,ok
jev,2,2,case_036,C02,exclude,ok
jev,2,2,case_036,C03,include,ok
jev,2,2,case_036,C04,exclude,ok
jev,2,2,case_036,C05,exclude,ok
jev,2,2,case_036,C06,exclude,ok
jev,2,2,case_036,C07,exclude,ok
jev,2,2,case_036,C08,exclude,ok
jev,2,2,case_036,C09,include,ok
jev,2,2,case_036,C10,exclude,ok
jev,2,2,case_037,C01,exclude,ok
jev,2,2,case_037,C02,include,ok
jev,2,2,case_037,C03,include,ok
jev,2,2,case_037,C04,include,ok
jev,2,2,case_037,C05,include,ok
jev,2,2,case_037,C06,exclude,ok
jev,2,2,case_037,C07,include,ok
jev,2,2,case_037,C08,exclude,ok
jev,2,2,case_037,C09,include,ok
jev,2,2,case_037,C10,include,ok
jev,2,2,case_038,C01,include,ok
jev,2,2,case_038,C02,exclude,ok
jev,2,2,case_038,C03,include,ok
jev,2,2,case_038,C04,include,ok
jev,2,2,case_038,C05,exclude,ok
jev,2,2,case_038,C06,exclude,ok
jev,2,2,case_038,C07,exclude,ok
jev,2,2,case_038,C08,include,ok
jev,2,2,case_038,C09,exclude,ok
jev,2,2,case_038,C10,exclude,ok
jev,2,2,case_039,C01,exclude,ok
jev,2,2,case_039,C02,exclude,ok
jev,2,2,case_039,C03,exclude,ok
jev,2,2,case_039,C04,exclude,ok
jev,2,2,case_039,C05,exclude,ok
jev,2,2,case_039,C06,exclude,ok
jev,2,2,case_039,C07,exclude,ok
jev,2,2,case_039,C08,exclude,ok
jev,2,2,case_039,C09,exclude,ok
jev,2,2,case_039,C10,exclude,ok
jev,2,2,case_040,C01,exclude,ok
jev,2,2,case_040,C02,exclude,ok
jev,2,2,case_040,C03,include,ok
jev,2,2,case_040,C04,include,ok
jev,2,2,case_040,C05,exclude,ok
jev,2,2,case_040,C06,include,ok
jev,2,2,case_040,C07,exclude,ok
jev,2,2,case_040,C08,include,ok
jev,2,2,case_040,C09,exclude,ok
jev,2,2,case_040,C10,include,ok
jev,2,2,case_041,C01,include,ok
jev,2,2,case_041,C02,exclude,ok
jev,2,2,case_041,C03,exclude,ok
jev,2,2,case_041,C04,exclude,ok
jev,2,2,case_041,C05,exclude,ok
jev,2,2,case_041,C06,exclude,ok
jev,2,2,case_041,C07,exclude,ok
jev,2,2,case_041,C08,exclude,ok
jev,2,2,case_041,C09,exclude,ok
jev,2,2,case_041,C10,exclude,ok
jev,2,2,case_042,C01,exclude,ok
jev,2,2,case_042,C02,exclude,ok
jev,2,2,case_042,C03,exclude,ok
jev,2,2,case_042,C04,exclude,ok
jev,2,2,case_042,C05,exclude,ok
jev,2,2,case_042,C06,exclude,ok
jev,2,2,case_042,C07,exclude,ok
jev,2,2,case_042,C08,exclude,ok
jev,2,2,case_042,C09,exclude,ok
jev,2,2,case_042,C10,exclude,ok
jev,2,2,case_043,C01,include,ok
jev,2,2,case_043,C02,include,ok
jev,2,2,case_043,C03,include,ok
jev,2,2,case_043,C04,include,ok
jev,2,2,case_043,C05,exclude,ok
jev,2,2,case_043,C06,include,ok
jev,2,2,case_043,C07,exclude,ok
jev,2,2,case_043,C08,exclude,ok
jev,2,2,case_043,C09,include,ok
jev,2,2,case_043,C10,exclude,ok
jev,2,2,case_044,C01,exclude,ok
jev,2,2,case_044,C02,include,ok
jev,2,2,case_044,C03,exclude,ok
jev,2,2,case_044,C04,exclude,ok
jev,2,2,case_044,C05,include,ok
jev,2,2,case_044,C06,include,ok
jev,2,2,case_044,C07,exclude,ok
jev,2,2,case_044,C08,exclude,ok
jev,2,2,case_044,C09,exclude,ok
jev,2,2,case_044,C10,exclude,ok
jev,2,2,case_045,C01,exclude,ok
jev,2,2,case_045,C02,exclude,ok
jev,2,2,case_045,C03,include,ok
jev,2,2,case_045,C04,exclude,ok
jev,2,2,case_045,C05,exclude,ok
jev,2,2,case_045,C06,exclude,ok
jev,2,2,case_045,C07,exclude,ok
jev,2,2,case_045,C08,include,ok
jev,2,2,case_045,C09,exclude,ok
jev,2,2,case_045,C10,exclude,ok
jev,2,2,case_046,C01,include,ok
jev,2,2,case_046,C02,exclude,ok
jev,2,2,case_046,C03,include,ok
jev,2,2,case_046,C04,include,ok
jev,2,2,case_046,C05,include,ok
jev,2,2,case_046,C06,include,ok
jev,2,2,case_046,C07,include,ok
jev,2,2,case_046,C08,include,ok
jev,2,2,case_046,C09,include,ok
jev,2,2,case_046,C10,include,ok
jev,2,2,case_047,C01,include,ok
jev,2,2,case_047,C02,exclude,ok
jev,2,2,case_047,C03,exclude,ok
jev,2,2,case_047,C04,exclude,ok
jev,2,2,case_047,C05,exclude,ok
jev,2,2,case_047,C06,include,ok
jev,2,2,case_047,C07,include,ok
jev,2,2,case_047,C08,include,ok
jev,2,2,case_047,C09,exclude,ok
jev,2,2,case_047,C10,exclude,ok
jev,2,2,case_048,C01,exclude,ok
jev,2,2,case_048,C02,exclude,ok
jev,2,2,case_048,C03,exclude,ok
jev,2,2,case_048,C04,include,ok
jev,2,2,case_048,C05,exclude,ok
jev,2,2,case_048,C06,exclude,ok
jev,2,2,case_048,C07,exclude,ok
jev,2,2,case_048,C08,exclude,ok
jev,2,2,case_048,C09,exclude,ok
jev,2,2,case_048,C10,exclude,ok
jev,2,2,case_049,C01,exclude,ok
jev,2,2,case_049,C02,exclude,ok
jev,2,2,case_049,C03,exclude,ok
jev,2,2,case_049,C04,include,ok
jev,2,2,case_049,C05,exclude,ok
jev,2,2,case_049,C06,exclude,ok
jev,2,2,case_049,C07,include,ok
jev,2,2,case_049,C08,include,ok
jev,2,2,case_049,C09,include,ok
jev,2,2,case_049,C10,exclude,ok
jev,2,2,case_050,C01,include,ok
jev,2,2,case_050,C02,exclude,ok
jev,2,2,case_050,C03,exclude,ok
jev,2,2,case_050,C04,exclude,ok
jev,2,2,case_050,C05,exclude,ok
jev,2,2,case_050,C06,exclude,ok
jev,2,2,case_050,C07,exclude,ok
jev,2,2,case_050,C08,exclude,ok
jev,2,2,case_050,C09,exclude,ok
jev,2,2,case_050,C10,exclude,ok
jev,2,2,case_051,C01,exclude,ok
jev,2,2,case_051,C02,exclude,ok
jev,2,2,case_051,C03,exclude,ok
jev,2,2,case_051,C04,exclude,ok
jev,2,2,case_051,C05,exclude,ok
jev,2,2,case_051,C06,exclude,ok
jev,2,2,case_051,C07,exclude,ok
jev,2,2,case_051,C08,exclude,ok
jev,2,2,case_051,C09,exclude,ok
jev,2,2,case_051,C10,exclude,ok
jev,2,2,case_052,C01,exclude,ok
jev,2,2,case_052,C02,exclude,ok
jev,2,2,case_052,C03,exclude,ok
jev,2,2,case_052,C04,exclude,ok
jev,2,2,case_052,C05,exclude,ok
jev,2,2,case_052,C06,exclude,ok
jev,2,2,case_052,C07,exclude,ok
jev,2,2,case_052,C08,exclude,ok
jev,2,2,case_052,C09,exclude,ok
jev,2,2,case_052,C10,exclude,ok
jev,2,2,case_053,C01,exclude,ok
jev,2,2,case_053,C02,include,ok
jev,2,2,case_053,C03,exclude,ok
jev,2,2,case_053,C04,include,ok
jev,2,2,case_053,C05,exclude,ok
jev,2,2,case_053,C06,include,ok
jev,2,2,case_053,C07,include,ok
jev,2,2,case_053,C08,include,ok
jev,2,2,case_053,C09,include,ok
jev,2,2,case_053,C10,include,ok
jev,2,2,case_054,C01,exclude,ok
jev,2,2,case_054,C02,exclude,ok
jev,2,2,case_054,C03,exclude,ok
jev,2,2,case_054,C04,exclude,ok
jev,2,2,case_054,C05,include,ok
jev,2,2,case_054,C06,exclude,ok
jev,2,2,case_054,C07,exclude,ok
jev,2,2,case_054,C08,exclude,ok
jev,2,2,case_054,C09,exclude,ok
jev,2,2,case_054,C10,exclude,ok
jev,2,2,case_055,C01,exclude,ok
jev,2,2,case_055,C02,exclude,ok
jev,2,2,case_055,C03,exclude,ok
jev,2,2,case_055,C04,exclude,ok
jev,2,2,case_055,C05,exclude,ok
jev,2,2,case_055,C06,exclude,ok
jev,2,2,case_055,C07,exclude,ok
jev,2,2,case_055,C08,exclude,ok
jev,2,2,case_055,C09,exclude,ok
jev,2,2,case_055,C10,exclude,ok
jev,2,2,case_056,C01,exclude,ok
jev,2,2,case_056,C02,exclude,ok
jev,2,2,case_056,C03,exclude,ok
jev,2,2,case_056,C04,exclude,ok
jev,2,2,case_056,C05,exclude,ok
jev,2,2,case_056,C06,exclude,ok
jev,2,2,case_056,C07,exclude,ok
jev,2,2,case_056,C08,exclude,ok
jev,2,2,case_056,C09,exclude,ok
jev,2,2,case_056,C10,exclude,ok
jev,2,2,case_057,C01,exclude,ok
jev,2,2,case_057,C02,exclude,ok
jev,2,2,case_057,C03,exclude,ok
jev,2,2,case_057,C04,exclude,ok
jev,2,2,case_057,C05,exclude,ok
jev,2,2,case_057,C06,include,ok
jev,2,2,case_057,C07,exclude,ok
jev,2,2,case_057,C08,exclude,ok
jev,2,2,case_057,C09,exclude,ok
jev,2,2,case_057,C10,exclude,ok
jev,2,2,case_058,C01,include,ok
jev,2,2,case_058,C02,exclude,ok
jev,2,2,case_058,C03,include,ok
jev,2,2,case_058,C04,include,ok
jev,2,2,case_058,C05,exclude,ok
jev,2,2,case_058,C06,exclude,ok
jev,2,2,case_058,C07,include,ok
jev,2,2,case_058,C08,exclude,ok
jev,2,2,case_058,C09,exclude,ok
jev,2,2,case_058,C10,include,ok
jev,2,2,case_059,C01,include,ok
jev,2,2,case_059,C02,include,ok
jev,2,2,case_059,C03,include,ok
jev,2,2,case_059,C04,include,ok
jev,2,2,case_059,C05,include,ok
jev,2,2,case_059,C06,include,ok
jev,2,2,case_059,C07,include,ok
jev,2,2,case_059,C08,include,ok
jev,2,2,case_059,C09,exclude,ok
jev,2,2,case_059,C10,exclude,ok
jev,2,2,case_060,C01,include,ok
jev,2,2,case_060,C02,include,ok
jev,2,2,case_060,C03,exclude,ok
jev,2,2,case_060,C04,exclude,ok
jev,2,2,case_060,C05,exclude,ok
jev,2,2,case_060,C06,exclude,ok
jev,2,2,case_060,C07,exclude,ok
jev,2,2,case_060,C08,exclude,ok
jev,2,2,case_060,C09,exclude,ok
jev,2,2,case_060,C10,exclude,ok
jev,2,2,case_061,C01,exclude,ok
jev,2,2,case_061,C02,exclude,ok
jev,2,2,case_061,C03,exclude,ok
jev,2,2,case_061,C04,exclude,ok
jev,2,2,case_061,C05,exclude,ok
jev,2,2,case_061,C06,exclude,ok
jev,2,2,case_061,C07,exclude,ok
jev,2,2,case_061,C08,exclude,ok
jev,2,2,case_061,C09,include,ok
jev,2,2,case_061,C10,exclude,ok
jev,2,2,case_062,C01,include,ok
jev,2,2,case_062,C02,include,ok
jev,2,2,case_062,C03,include,ok
jev,2,2,case_062,C04,include,ok
jev,2,2,case_062,C05,include,ok
jev,2,2,case_062,C06,include,ok
jev,2,2,case_062,C07,include,ok
jev,2,2,case_062,C08,include,ok
jev,2,2,case_062,C09,include,ok
jev,2,2,case_062,C10,include,ok
jev,2,2,case_063,C01,exclude,ok
jev,2,2,case_063,C02,exclude,ok
jev,2,2,case_063,C03,exclude,ok
jev,2,2,case_063,C04,exclude,ok
jev,2,2,case_063,C05,include,ok
jev,2,2,case_063,C06,exclude,ok
jev,2,2,case_063,C07,exclude,ok
jev,2,2,case_063,C08,exclude,ok
jev,2,2,case_063,C09,exclude,ok
jev,2,2,case_063,C10,exclude,ok
jev,2,2,case_064,C01,exclude,ok
jev,2,2,case_064,C02,exclude,ok
jev,2,2,case_064,C03,exclude,ok
jev,2,2,case_064,C04,exclude,ok
jev,2,2,case_064,C05,exclude,ok
jev,2,2,case_064,C06,exclude,ok
jev,2,2,case_064,C07,exclude,ok
jev,2,2,case_064,C08,include,ok
jev,2,2,case_064,C09,exclude,ok
jev,2,2,case_064,C10,exclude,ok
jev,2,2,case_065,C01,exclude,ok
jev,2,2,case_065,C02,exclude,ok
jev,2,2,case_065,C03,exclude,ok
jev,2,2,case_065,C04,include,ok
jev,2,2,case_065,C05,include,ok
jev,2,2,case_065,C06,exclude,ok
jev,2,2,case_065,C07,exclude,ok
jev,2,2,case_065,C08,exclude,ok
jev,2,2,case_065,C09,include,ok
jev,2,2,case_065,C10,include,ok
jev,2,2,case_066,C01,exclude,ok
jev,2,2,case_066,C02,exclude,ok
jev,2,2,case_066,C03,exclude,ok
jev,2,2,case_066,C04,exclude,ok
jev,2,2,case_066,C05,exclude,ok
jev,2,2,case_066,C06,exclude,ok
jev,2,2,case_066,C07,exclude,ok
jev,2,2,case_066,C08,exclude,ok
jev,2,2,case_066,C09,exclude,ok
jev,2,2,case_066,C10,exclude,ok
jev,2,2,case_067,C01,include,ok
jev,2,2,case_067,C02,include,ok
jev,2,2,case_067,C03,exclude,ok
jev,2,2,case_067,C04,exclude,ok
jev,2,2,case_067,C05,include,ok
jev,2,2,case_067,C06,exclude,ok
jev,2,2,case_067,C07,include,ok
jev,2,2,case_067,C08,include,ok
jev,2,2,case_067,C09,exclude,ok
jev,2,2,case_067,C10,exclude,ok
jev,2,2,case_068,C01,include,ok
jev,2,2,case_068,C02,exclude,ok
jev,2,2,case_068,C03,exclude,ok
jev,2,2,case_068,C04,exclude,ok
jev,2,2,case_068,C05,exclude,ok
jev,2,2,case_068,C06,exclude,ok
jev,2,2,case_068,C07,exclude,ok
jev,2,2,case_068,C08,exclude,ok
jev,2,2,case_068,C09,exclude,ok
jev,2,2,case_068,C10,exclude,ok
jev,2,2,case_069,C01,exclude,ok
jev,2,2,case_069,C02,exclude,ok
jev,2,2,case_069,C03,include,ok
jev,2,2,case_069,C04,include,ok
jev,2,2,case_069,C05,exclude,ok
jev,2,2,case_069,C06,include,ok
jev,2,2,case_069,C07,exclude,ok
jev,2,2,case_069,C08,exclude,ok
jev,2,2,case_069,C09,exclude,ok
jev,2,2,case_069,C10,exclude,ok
jev,2,2,case_070,C01,include,ok
jev,2,2,case_070,C02,exclude,ok
jev,2,2,case_070,C03,include,ok
jev,2,2,case_070,C04,exclude,ok
jev,2,2,case_070,C05,include,ok
jev,2,2,case_070,C06,include,ok
jev,2,2,case_070,C07,exclude,ok
jev,2,2,case_070,C08,exclude,ok
jev,2,2,case_070,C09,include,ok
jev,2,2,case_070,C10,exclude,ok
jev,2,2,case_071,C01,exclude,ok
jev,2,2,case_071,C02,exclude,ok
jev,2,2,case_071,C03,exclude,ok
jev,2,2,case_071,C04,exclude,ok
jev,2,2,case_071,C05,exclude,ok
jev,2,2,case_071,C06,exclude,ok
jev,2,2,case_071,C07,exclude,ok
jev,2,2,case_071,C08,exclude,ok
jev,2,2,case_071,C09,exclude,ok
jev,2,2,case_071,C10,exclude,ok
jev,2,2,case_072,C01,include,ok
jev,2,2,case_072,C02,include,ok
jev,2,2,case_072,C03,include,ok
jev,2,2,case_072,C04,include,ok
jev,2,2,case_072,C05,include,ok
jev,2,2,case_072,C06,include,ok
jev,2,2,case_072,C07,include,ok
jev,2,2,case_072,C08,include,ok
jev,2,2,case_072,C09,include,ok
jev,2,2,case_072,C10,include,ok
jev,2,2,case_073,C01,include,ok
jev,2,2,case_073,C02,include,ok
jev,2,2,case_073,C03,include,ok
jev,2,2,case_073,C04,include,ok
jev,2,2,case_073,C05,include,ok
jev,2,2,case_073,C06,include,ok
jev,2,2,case_073,C07,include,ok
jev,2,2,case_073,C08,exclude,ok
jev,2,2,case_073,C09,exclude,ok
jev,2,2,case_073,C10,exclude,ok
jev,2,2,case_074,C01,exclude,ok
jev,2,2,case_074,C02,exclude,ok
jev,2,2,case_074,C03,exclude,ok
jev,2,2,case_074,C04,exclude,ok
jev,2,2,case_074,C05,exclude,ok
jev,2,2,case_074,C06,exclude,ok
jev,2,2,case_074,C07,exclude,ok
jev,2,2,case_074,C08,exclude,ok
jev,2,2,case_074,C09,exclude,ok
jev,2,2,case_074,C10,exclude,ok
jev,2,2,case_075,C01,exclude,ok
jev,2,2,case_075,C02,exclude,ok
jev,2,2,case_075,C03,exclude,ok
jev,2,2,case_075,C04,exclude,ok
jev,2,2,case_075,C05,exclude,ok
jev,2,2,case_075,C06,exclude,ok
jev,2,2,case_075,C07,exclude,ok
jev,2,2,case_075,C08,include,ok
jev,2,2,case_075,C09,include,ok
jev,2,2,case_075,C10,exclude,ok
jev,2,2,case_076,C01,exclude,ok
jev,2,2,case_076,C02,exclude,ok
jev,2,2,case_076,C03,exclude,ok
jev,2,2,case_076,C04,exclude,ok
jev,2,2,case_076,C05,exclude,ok
jev,2,2,case_076,C06,exclude,ok
jev,2,2,case_076,C07,exclude,ok
jev,2,2,case_076,C08,exclude,ok
jev,2,2,case_076,C09,exclude,ok
jev,2,2,case_076,C10,exclude,ok
jev,2,2,case_077,C01,exclude,ok
jev,2,2,case_077,C02,exclude,ok
jev,2,2,case_077,C03,exclude,ok
jev,2,2,case_077,C04,exclude,ok
jev,2,2,case_077,C05,exclude,ok
jev,2,2,case_077,C06,exclude,ok
jev,2,2,case_077,C07,exclude,ok
jev,2,2,case_077,C08,exclude,ok
jev,2,2,case_077,C09,include,ok
jev,2,2,case_077,C10,include,ok
jev,2,2,case_078,C01,exclude,ok
jev,2,2,case_078,C02,exclude,ok
jev,2,2,case_078,C03,include,ok
jev,2,2,case_078,C04,include,ok
jev,2,2,case_078,C05,include,ok
jev,2,2,case_078,C06,include,ok
jev,2,2,case_078,C07,include,ok
jev,2,2,case_078,C08,exclude,ok
jev,2,2,case_078,C09,include,ok
jev,2,2,case_078,C10,exclude,ok
jev,2,2,case_079,C01,exclude,ok
jev,2,2,case_079,C02,include,ok
jev,2,2,case_079,C03,include,ok
jev,2,2,case_079,C04,exclude,ok
jev,2,2,case_079,C05,exclude,ok
jev,2,2,case_079,C06,include,ok
jev,2,2,case_079,C07,exclude,ok
jev,2,2,case_079,C08,exclude,ok
jev,2,2,case_079,C09,exclude,ok
jev,2,2,case_079,C10,exclude,ok
jev,2,2,case_080,C01,include,ok
jev,2,2,case_080,C02,exclude,ok
jev,2,2,case_080,C03,exclude,ok
jev,2,2,case_080,C04,exclude,ok
jev,2,2,case_080,C05,exclude,ok
jev,2,2,case_080,C06,exclude,ok
jev,2,2,case_080,C07,exclude,ok
jev,2,2,case_080,C08,exclude,ok
jev,2,2,case_080,C09,exclude,ok
jev,2,2,case_080,C10,exclude,ok
jev,2,2,case_081,C01,exclude,ok
jev,2,2,case_081,C02,include,ok
jev,2,2,case_081,C03,exclude,ok
jev,2,2,case_081,C04,exclude,ok
jev,2,2,case_081,C05,exclude,ok
jev,2,2,case_081,C06,include,ok
jev,2,2,case_081,C07,exclude,ok
jev,2,2,case_081,C08,exclude,ok
jev,2,2,case_081,C09,exclude,ok
jev,2,2,case_081,C10,exclude,ok
jev,2,2,case_082,C01,include,ok
jev,2,2,case_082,C02,exclude,ok
jev,2,2,case_082,C03,include,ok
jev,2,2,case_082,C04,include,ok
jev,2,2,case_082,C05,include,ok
jev,2,2,case_082,C06,include,ok
jev,2,2,case_082,C07,exclude,ok
jev,2,2,case_082,C08,include,ok
jev,2,2,case_082,C09,include,ok
jev,2,2,case_082,C10,exclude,ok
jev,2,2,case_083,C01,include,ok
jev,2,2,case_083,C02,exclude,ok
jev,2,2,case_083,C03,exclude,ok
jev,2,2,case_083,C04,exclude,ok
jev,2,2,case_083,C05,exclude,ok
jev,2,2,case_083,C06,exclude,ok
jev,2,2,case_083,C07,exclude,ok
jev,2,2,case_083,C08,include,ok
jev,2,2,case_083,C09,include,ok
jev,2,2,case_083,C10,exclude,ok
jev,2,2,case_084,C01,exclude,ok
jev,2,2,case_084,C02,include,ok
jev,2,2,case_084,C03,include,ok
jev,2,2,case_084,C04,exclude,ok
jev,2,2,case_084,C05,exclude,ok
jev,2,2,case_084,C06,exclude,ok
jev,2,2,case_084,C07,exclude,ok
jev,2,2,case_084,C08,exclude,ok
jev,2,2,case_084,C09,exclude,ok
jev,2,2,case_084,C10,exclude,ok
jev,2,2,case_085,C01,exclude,ok
jev,2,2,case_085,C02,exclude,ok
jev,2,2,case_085,C03,exclude,ok
jev,2,2,case_085,C04,exclude,ok
jev,2,2,case_085,C05,exclude,ok
jev,2,2,case_085,C06,exclude,ok
jev,2,2,case_085,C07,exclude,ok
jev,2,2,case_085,C08,exclude,ok
jev,2,2,case_085,C09,exclude,ok
jev,2,2,case_085,C10,exclude,ok
jev,2,2,case_086,C01,include,ok
jev,2,2,case_086,C02,exclude,ok
jev,2,2,case_086,C03,exclude,ok
jev,2,2,case_086,C04,include,ok
jev,2,2,case_086,C05,include,ok
jev,2,2,case_086,C06,exclude,ok
jev,2,2,case_086,C07,exclude,ok
jev,2,2,case_086,C08,exclude,ok
jev,2,2,case_086,C09,exclude,ok
jev,2,2,case_086,C10,exclude,ok
jev,2,2,case_087,C01,include,ok
jev,2,2,case_087,C02,include,ok
jev,2,2,case_087,C03,exclude,ok
jev,2,2,case_087,C04,exclude,ok
jev,2,2,case_087,C05,include,ok
jev,2,2,case_087,C06,include,ok
jev,2,2,case_087,C07,include,ok
jev,2,2,case_087,C08,exclude,ok
jev,2,2,case_087,C09,include,ok
jev,2,2,case_087,C10,exclude,ok
jev,2,2,case_088,C01,exclude,ok
jev,2,2,case_088,C02,exclude,ok
jev,2,2,case_088,C03,exclude,ok
jev,2,2,case_088,C04,exclude,ok
jev,2,2,case_088,C05,exclude,ok
jev,2,2,case_088,C06,exclude,ok
jev,2,2,case_088,C07,exclude,ok
jev,2,2,case_088,C08,exclude,ok
jev,2,2,case_088,C09,exclude,ok
jev,2,2,case_088,C10,exclude,ok
jev,2,2,case_089,C01,exclude,ok
jev,2,2,case_089,C02,exclude,ok
jev,2,2,case_089,C03,include,ok
jev,2,2,case_089,C04,exclude,ok
jev,2,2,case_089,C05,include,ok
jev,2,2,case_089,C06,exclude,ok
jev,2,2,case_089,C07,exclude,ok
jev,2,2,case_089,C08,exclude,ok
jev,2,2,case_089,C09,exclude,ok
jev,2,2,case_089,C10,exclude,ok
jev,2,2,case_090,C01,include,ok
jev,2,2,case_090,C02,include,ok
jev,2,2,case_090,C03,include,ok
jev,2,2,case_090,C04,exclude,ok
jev,2,2,case_090,C05,exclude,ok
jev,2,2,case_090,C06,exclude,ok
jev,2,2,case_090,C07,include,ok
jev,2,2,case_090,C08,exclude,ok
jev,2,2,case_090,C09,exclude,ok
jev,2,2,case_090,C10,exclude,ok
jev,2,2,case_091,C01,exclude,ok
jev,2,2,case_091,C02,exclude,ok
jev,2,2,case_091,C03,exclude,ok
jev,2,2,case_091,C04,exclude,ok
jev,2,2,case_091,C05,exclude,ok
jev,2,2,case_091,C06,exclude,ok
jev,2,2,case_091,C07,exclude,ok
jev,2,2,case_091,C08,exclude,ok
jev,2,2,case_091,C09,exclude,ok
jev,2,2,case_091,C10,exclude,ok
jev,2,2,case_092,C01,exclude,ok
jev,2,2,case_092,C02,exclude,ok
jev,2,2,case_092,C03,exclude,ok
jev,2,2,case_092,C04,include,ok
jev,2,2,case_092,C05,exclude,ok
jev,2,2,case_092,C06,exclude,ok
jev,2,2,case_092,C07,exclude,ok
jev,2,2,case_092,C08,exclude,ok
jev,2,2,case_092,C09,exclude,ok
jev,2,2,case_092,C10,exclude,ok
jev,2,2,case_093,C01,include,ok
jev,2,2,case_093,C02,include,ok
jev,2,2,case_093,C03,exclude,ok
jev,2,2,case_093,C04,include,ok
jev,2,2,case_093,C05,include,ok
jev,2,2,case_093,C06,exclude,ok
jev,2,2,case_093,C07,exclude,ok
jev,2,2,case_093,C08,exclude,ok
jev,2,2,case_093,C09,exclude,ok
jev,2,2,case_093,C10,exclude,ok
jev,2,2,case_094,C01,include,ok
jev,2,2,case_094,C02,include,ok
jev,2,2,case_094,C03,exclude,ok
jev,2,2,case_094,C04,exclude,ok
jev,2,2,case_094,C05,include,ok
jev,2,2,case_094,C06,exclude,ok
jev,2,2,case_094,C07,include,ok
jev,2,2,case_094,C08,exclude,ok
jev,2,2,case_094,C09,exclude,ok
jev,2,2,case_094,C10,exclude,ok
jev,2,2,case_095,C01,exclude,ok
jev,2,2,case_095,C02,exclude,ok
jev,2,2,case_095,C03,exclude,ok
jev,2,2,case_095,C04,exclude,ok
jev,2,2,case_095,C05,exclude,ok
jev,2,2,case_095,C06,exclude,ok
jev,2,2,case_095,C07,exclude,ok
jev,2,2,case_095,C08,exclude,ok
jev,2,2,case_095,C09,include,ok
jev,2,2,case_095,C10,exclude,ok
jev,2,2,case_096,C01,include,ok
jev,2,2,case_096,C02,exclude,ok
jev,2,2,case_096,C03,exclude,ok
jev,2,2,case_096,C04,exclude,ok
jev,2,2,case_096,C05,exclude,ok
jev,2,2,case_096,C06,include,ok
jev,2,2,case_096,C07,include,ok
jev,2,2,case_096,C08,include,ok
jev,2,2,case_096,C09,exclude,ok
jev,2,2,case_096,C10,exclude,ok
jev,2,2,case_097,C01,exclude,ok
jev,2,2,case_097,C02,exclude,ok
jev,2,2,case_097,C03,exclude,ok
jev,2,2,case_097,C04,exclude,ok
jev,2,2,case_097,C05,exclude,ok
jev,2,2,case_097,C06,include,ok
jev,2,2,case_097,C07,exclude,ok
jev,2,2,case_097,C08,exclude,ok
jev,2,2,case_097,C09,exclude,ok
jev,2,2,case_097,C10,include,ok
jev,2,2,case_098,C01,include,ok
jev,2,2,case_098,C02,include,ok
jev,2,2,case_098,C03,include,ok
jev,2,2,case_098,C04,include,ok
jev,2,2,case_098,C05,include,ok
jev,2,2,case_098,C06,include,ok
jev,2,2,case_098,C07,include,ok
jev,2,2,case_098,C08,include,ok
jev,2,2,case_098,C09,exclude,ok
jev,2,2,case_098,C10,include,ok
jev,2,2,case_099,C01,include,ok
jev,2,2,case_099,C02,include,ok
jev,2,2,case_099,C03,include,ok
jev,2,2,case_099,C04,exclude,ok
jev,2,2,case_099,C05,exclude,ok
jev,2,2,case_099,C06,include,ok
jev,2,2,case_099,C07,include,ok
jev,2,2,case_099,C08,include,ok
jev,2,2,case_099,C09,include,ok
jev,2,2,case_099,C10,include,ok
jev,2,2,case_100,C01,exclude,ok
jev,2,2,case_100,C02,exclude,ok
jev,2,2,case_100,C03,exclude,ok
jev,2,2,case_100,C04,include,ok
jev,2,2,case_100,C05,include,ok
jev,2,2,case_100,C06,exclude,ok
jev,2,2,case_100,C07,exclude,ok
jev,2,2,case_100,C08,exclude,ok
jev,2,2,case_100,C09,exclude,ok
jev,2,2,case_100,C10,exclude,ok
jev,3,4,case_001,C01,include,ok
jev,3,4,case_001,C02,include,ok
jev,3,4,case_001,C03,include,ok
jev,3,4,case_001,C04,exclude,ok
jev,3,4,case_001,C05,include,ok
jev,3,4,case_001,C06,exclude,ok
jev,3,4,case_001,C07,include,ok
jev,3,4,case_001,C08,include,ok
jev,3,4,case_001,C09,include,ok
jev,3,4,case_001,C10,include,ok
jev,3,4,case_002,C01,exclude,ok
jev,3,4,case_002,C02,exclude,ok
jev,3,4,case_002,C03,exclude,ok
jev,3,4,case_002,C04,exclude,ok
jev,3,4,case_002,C05,exclude,ok
jev,3,4,case_002,C06,exclude,ok
jev,3,4,case_002,C07,exclude,ok
jev,3,4,case_002,C08,exclude,ok
jev,3,4,case_002,C09,exclude,ok
jev,3,4,case_002,C10,exclude,ok
jev,3,4,case_003,C01,exclude,ok
jev,3,4,case_003,C02,exclude,ok
jev,3,4,case_003,C03,exclude,ok
jev,3,4,case_003,C04,exclude,ok
jev,3,4,case_003,C05,exclude,ok
jev,3,4,case_003,C06,exclude,ok
jev,3,4,case_003,C07,exclude,ok
jev,3,4,case_003,C08,exclude,ok
jev,3,4,case_003,C09,exclude,ok
jev,3,4,case_003,C10,exclude,ok
jev,3,4,case_004,C01,include,ok
jev,3,4,case_004,C02,exclude,ok
jev,3,4,case_004,C03,exclude,ok
jev,3,4,case_004,C04,exclude,ok
jev,3,4,case_004,C05,exclude,ok
jev,3,4,case_004,C06,exclude,ok
jev,3,4,case_004,C07,exclude,ok
jev,3,4,case_004,C08,exclude,ok
jev,3,4,case_004,C09,exclude,ok
jev,3,4,case_004,C10,exclude,ok
jev,3,4,case_005,C01,exclude,ok
jev,3,4,case_005,C02,exclude,ok
jev,3,4,case_005,C03,exclude,ok
jev,3,4,case_005,C04,exclude,ok
jev,3,4,case_005,C05,include,ok
jev,3,4,case_005,C06,exclude,ok
jev,3,4,case_005,C07,exclude,ok
jev,3,4,case_005,C08,exclude,ok
jev,3,4,case_005,C09,include,ok
jev,3,4,case_005,C10,exclude,ok
jev,3,4,case_006,C01,exclude,ok
jev,3,4,case_006,C02,exclude,ok
jev,3,4,case_006,C03,exclude,ok
jev,3,4,case_006,C04,exclude,ok
jev,3,4,case_006,C05,exclude,ok
jev,3,4,case_006,C06,exclude,ok
jev,3,4,case_006,C07,include,ok
jev,3,4,case_006,C08,exclude,ok
jev,3,4,case_006,C09,exclude,ok
jev,3,4,case_006,C10,exclude,ok
jev,3,4,case_007,C01,include,ok
jev,3,4,case_007,C02,exclude,ok
jev,3,4,case_007,C03,include,ok
jev,3,4,case_007,C04,exclude,ok
jev,3,4,case_007,C05,include,ok
jev,3,4,case_007,C06,include,ok
jev,3,4,case_007,C07,include,ok
jev,3,4,case_007,C08,exclude,ok
jev,3,4,case_007,C09,exclude,ok
jev,3,4,case_007,C10,exclude,ok
jev,3,4,case_008,C01,exclude,ok
jev,3,4,case_008,C02,exclude,ok
jev,3,4,case_008,C03,exclude,ok
jev,3,4,case_008,C04,exclude,ok
jev,3,4,case_008,C05,exclude,ok
jev,3,4,case_008,C06,exclude,ok
jev,3,4,case_008,C07,exclude,ok
jev,3,4,case_008,C08,exclude,ok
jev,3,4,case_008,C09,exclude,ok
jev,3,4,case_008,C10,exclude,ok
jev,3,4,case_009,C01,include,ok
jev,3,4,case_009,C02,exclude,ok
jev,3,4,case_009,C03,include,ok
jev,3,4,case_009,C04,exclude,ok
jev,3,4,case_009,C05,exclude,ok
jev,3,4,case_009,C06,exclude,ok
jev,3,4,case_009,C07,exclude,ok
jev,3,4,case_009,C08,exclude,ok
jev,3,4,case_009,C09,exclude,ok
jev,3,4,case_009,C10,exclude,ok
jev,3,4,case_010,C01,include,ok
jev,3,4,case_010,C02,include,ok
jev,3,4,case_010,C03,include,ok
jev,3,4,case_010,C04,include,ok
jev,3,4,case_010,C05,include,ok
jev,3,4,case_010,C06,include,ok
jev,3,4,case_010,C07,exclude,ok
jev,3,4,case_010,C08,exclude,ok
jev,3,4,case_010,C09,include,ok
jev,3,4,case_010,C10,include,ok
jev,3,4,case_011,C01,exclude,ok
jev,3,4,case_011,C02,exclude,ok
jev,3,4,case_011,C03,exclude,ok
jev,3,4,case_011,C04,exclude,ok
jev,3,4,case_011,C05,exclude,ok
jev,3,4,case_011,C06,exclude,ok
jev,3,4,case_011,C07,include,ok
jev,3,4,case_011,C08,exclude,ok
jev,3,4,case_011,C09,exclude,ok
jev,3,4,case_011,C10,exclude,ok
jev,3,4,case_012,C01,include,ok
jev,3,4,case_012,C02,include,ok
jev,3,4,case_012,C03,exclude,ok
jev,3,4,case_012,C04,exclude,ok
jev,3,4,case_012,C05,exclude,ok
jev,3,4,case_012,C06,exclude,ok
jev,3,4,case_012,C07,exclude,ok
jev,3,4,case_012,C08,exclude,ok
jev,3,4,case_012,C09,exclude,ok
jev,3,4,case_012,C10,exclude,ok
jev,3,4,case_013,C01,exclude,ok
jev,3,4,case_013,C02,exclude,ok
jev,3,4,case_013,C03,exclude,ok
jev,3,4,case_013,C04,exclude,ok
jev,3,4,case_013,C05,exclude,ok
jev,3,4,case_013,C06,exclude,ok
jev,3,4,case_013,C07,exclude,ok
jev,3,4,case_013,C08,exclude,ok
jev,3,4,case_013,C09,exclude,ok
jev,3,4,case_013,C10,exclude,ok
jev,3,4,case_014,C01,exclude,ok
jev,3,4,case_014,C02,exclude,ok
jev,3,4,case_014,C03,exclude,ok
jev,3,4,case_014,C04,include,ok
jev,3,4,case_014,C05,exclude,ok
jev,3,4,case_014,C06,exclude,ok
jev,3,4,case_014,C07,exclude,ok
jev,3,4,case_014,C08,include,ok
jev,3,4,case_014,C09,exclude,ok
jev,3,4,case_014,C10,exclude,ok
jev,3,4,case_015,C01,exclude,ok
jev,3,4,case_015,C02,exclude,ok
jev,3,4,case_015,C03,exclude,ok
jev,3,4,case_015,C04,exclude,ok
jev,3,4,case_015,C05,exclude,ok
jev,3,4,case_015,C06,exclude,ok
jev,3,4,case_015,C07,exclude,ok
jev,3,4,case_015,C08,exclude,ok
jev,3,4,case_015,C09,exclude,ok
jev,3,4,case_015,C10,exclude,ok
jev,3,4,case_016,C01,include,ok
jev,3,4,case_016,C02,include,ok
jev,3,4,case_016,C03,include,ok
jev,3,4,case_016,C04,include,ok
jev,3,4,case_016,C05,include,ok
jev,3,4,case_016,C06,exclude,ok
jev,3,4,case_016,C07,include,ok
jev,3,4,case_016,C08,exclude,ok
jev,3,4,case_016,C09,exclude,ok
jev,3,4,case_016,C10,exclude,ok
jev,3,4,case_017,C01,exclude,ok
jev,3,4,case_017,C02,exclude,ok
jev,3,4,case_017,C03,exclude,ok
jev,3,4,case_017,C04,exclude,ok
jev,3,4,case_017,C05,exclude,ok
jev,3,4,case_017,C06,exclude,ok
jev,3,4,case_017,C07,exclude,ok
jev,3,4,case_017,C08,exclude,ok
jev,3,4,case_017,C09,exclude,ok
jev,3,4,case_017,C10,exclude,ok
jev,3,4,case_018,C01,exclude,ok
jev,3,4,case_018,C02,exclude,ok
jev,3,4,case_018,C03,exclude,ok
jev,3,4,case_018,C04,exclude,ok
jev,3,4,case_018,C05,exclude,ok
jev,3,4,case_018,C06,exclude,ok
jev,3,4,case_018,C07,exclude,ok
jev,3,4,case_018,C08,exclude,ok
jev,3,4,case_018,C09,exclude,ok
jev,3,4,case_018,C10,exclude,ok
jev,3,4,case_019,C01,exclude,ok
jev,3,4,case_019,C02,include,ok
jev,3,4,case_019,C03,include,ok
jev,3,4,case_019,C04,exclude,ok
jev,3,4,case_019,C05,exclude,ok
jev,3,4,case_019,C06,include,ok
jev,3,4,case_019,C07,include,ok
jev,3,4,case_019,C08,exclude,ok
jev,3,4,case_019,C09,exclude,ok
jev,3,4,case_019,C10,include,ok
jev,3,4,case_020,C01,exclude,ok
jev,3,4,case_020,C02,exclude,ok
jev,3,4,case_020,C03,include,ok
jev,3,4,case_020,C04,exclude,ok
jev,3,4,case_020,C05,exclude,ok
jev,3,4,case_020,C06,exclude,ok
jev,3,4,case_020,C07,exclude,ok
jev,3,4,case_020,C08,exclude,ok
jev,3,4,case_020,C09,exclude,ok
jev,3,4,case_020,C10,exclude,ok
jev,3,4,case_021,C01,include,ok
jev,3,4,case_021,C02,exclude,ok
jev,3,4,case_021,C03,include,ok
jev,3,4,case_021,C04,include,ok
jev,3,4,case_021,C05,exclude,ok
jev,3,4,case_021,C06,include,ok
jev,3,4,case_021,C07,include,ok
jev,3,4,case_021,C08,include,ok
jev,3,4,case_021,C09,include,ok
jev,3,4,case_021,C10,include,ok
jev,3,4,case_022,C01,exclude,ok
jev,3,4,case_022,C02,exclude,ok
jev,3,4,case_022,C03,exclude,ok
jev,3,4,case_022,C04,exclude,ok
jev,3,4,case_022,C05,exclude,ok
jev,3,4,case_022,C06,exclude,ok
jev,3,4,case_022,C07,exclude,ok
jev,3,4,case_022,C08,exclude,ok
jev,3,4,case_022,C09,exclude,ok
jev,3,4,case_022,C10,exclude,ok
jev,3,4,case_023,C01,include,ok
jev,3,4,case_023,C02,include,ok
jev,3,4,case_023,C03,include,ok
jev,3,4,case_023,C04,include,ok
jev,3,4,case_023,C05,include,ok
jev,3,4,case_023,C06,include,ok
jev,3,4,case_023,C07,include,ok
jev,3,4,case_023,C08,include,ok
jev,3,4,case_023,C09,include,ok
jev,3,4,case_023,C10,include,ok
jev,3,4,case_024,C01,exclude,ok
jev,3,4,case_024,C02,exclude,ok
jev,3,4,case_024,C03,exclude,ok
jev,3,4,case_024,C04,exclude,ok
jev,3,4,case_024,C05,include,ok
jev,3,4,case_024,C06,exclude,ok
jev,3,4,case_024,C07,exclude,ok
jev,3,4,case_024,C08,exclude,ok
jev,3,4,case_024,C09,exclude,ok
jev,3,4,case_024,C10,exclude,ok
jev,3,4,case_025,C01,include,ok
jev,3,4,case_025,C02,include,ok
jev,3,4,case_025,C03,include,ok
jev,3,4,case_025,C04,include,ok
jev,3,4,case_025,C05,include,ok
jev,3,4,case_025,C06,include,ok
jev,3,4,case_025,C07,exclude,ok
jev,3,4,case_025,C08,exclude,ok
jev,3,4,case_025,C09,include,ok
jev,3,4,case_025,C10,exclude,ok
jev,3,4,case_026,C01,include,ok
jev,3,4,case_026,C02,exclude,ok
jev,3,4,case_026,C03,include,ok
jev,3,4,case_026,C04,include,ok
jev,3,4,case_026,C05,include,ok
jev,3,4,case_026,C06,include,ok
jev,3,4,case_026,C07,include,ok
jev,3,4,case_026,C08,exclude,ok
jev,3,4,case_026,C09,exclude,ok
jev,3,4,case_026,C10,include,ok
jev,3,4,case_027,C01,include,ok
jev,3,4,case_027,C02,include,ok
jev,3,4,case_027,C03,exclude,ok
jev,3,4,case_027,C04,exclude,ok
jev,3,4,case_027,C05,include,ok
jev,3,4,case_027,C06,exclude,ok
jev,3,4,case_027,C07,include,ok
jev,3,4,case_027,C08,exclude,ok
jev,3,4,case_027,C09,exclude,ok
jev,3,4,case_027,C10,include,ok
jev,3,4,case_028,C01,include,ok
jev,3,4,case_028,C02,include,ok
jev,3,4,case_028,C03,include,ok
jev,3,4,case_028,C04,include,ok
jev,3,4,case_028,C05,include,ok
jev,3,4,case_028,C06,include,ok
jev,3,4,case_028,C07,include,ok
jev,3,4,case_028,C08,include,ok
jev,3,4,case_028,C09,include,ok
jev,3,4,case_028,C10,include,ok
jev,3,4,case_029,C01,include,ok
jev,3,4,case_029,C02,include,ok
jev,3,4,case_029,C03,exclude,ok
jev,3,4,case_029,C04,exclude,ok
jev,3,4,case_029,C05,exclude,ok
jev,3,4,case_029,C06,exclude,ok
jev,3,4,case_029,C07,exclude,ok
jev,3,4,case_029,C08,exclude,ok
jev,3,4,case_029,C09,exclude,ok
jev,3,4,case_029,C10,exclude,ok
jev,3,4,case_030,C01,exclude,ok
jev,3,4,case_030,C02,exclude,ok
jev,3,4,case_030,C03,exclude,ok
jev,3,4,case_030,C04,exclude,ok
jev,3,4,case_030,C05,exclude,ok
jev,3,4,case_030,C06,exclude,ok
jev,3,4,case_030,C07,exclude,ok
jev,3,4,case_030,C08,exclude,ok
jev,3,4,case_030,C09,exclude,ok
jev,3,4,case_030,C10,exclude,ok
jev,3,4,case_031,C01,include,ok
jev,3,4,case_031,C02,include,ok
jev,3,4,case_031,C03,include,ok
jev,3,4,case_031,C04,include,ok
jev,3,4,case_031,C05,exclude,ok
jev,3,4,case_031,C06,include,ok
jev,3,4,case_031,C07,include,ok
jev,3,4,case_031,C08,include,ok
jev,3,4,case_031,C09,include,ok
jev,3,4,case_031,C10,include,ok
jev,3,4,case_032,C01,include,ok
jev,3,4,case_032,C02,exclude,ok
jev,3,4,case_032,C03,exclude,ok
jev,3,4,case_032,C04,exclude,ok
jev,3,4,case_032,C05,exclude,ok
jev,3,4,case_032,C06,exclude,ok
jev,3,4,case_032,C07,exclude,ok
jev,3,4,case_032,C08,exclude,ok
jev,3,4,case_032,C09,exclude,ok
jev,3,4,case_032,C10,exclude,ok
jev,3,4,case_033,C01,include,ok
jev,3,4,case_033,C02,include,ok
jev,3,4,case_033,C03,include,ok
jev,3,4,case_033,C04,exclude,ok
jev,3,4,case_033,C05,include,ok
jev,3,4,case_033,C06,exclude,ok
jev,3,4,case_033,C07,exclude,ok
jev,3,4,case_033,C08,exclude,ok
jev,3,4,case_033,C09,exclude,ok
jev,3,4,case_033,C10,exclude,ok
jev,3,4,case_034,C01,exclude,ok
jev,3,4,case_034,C02,include,ok
jev,3,4,case_034,C03,exclude,ok
jev,3,4,case_034,C04,exclude,ok
jev,3,4,case_034,C05,include,ok
jev,3,4,case_034,C06,include,ok
jev,3,4,case_034,C07,exclude,ok
jev,3,4,case_034,C08,exclude,ok
jev,3,4,case_034,C09,exclude,ok
jev,3,4,case_034,C10,exclude,ok
jev,3,4,case_035,C01,exclude,ok
jev,3,4,case_035,C02,exclude,ok
jev,3,4,case_035,C03,exclude,ok
jev,3,4,case_035,C04,exclude,ok
jev,3,4,case_035,C05,exclude,ok
jev,3,4,case_035,C06,exclude,ok
jev,3,4,case_035,C07,exclude,ok
jev,3,4,case_035,C08,exclude,ok
jev,3,4,case_035,C09,exclude,ok
jev,3,4,case_035,C10,exclude,ok
jev,3,4,case_036,C01,exclude,ok
jev,3,4,case_036,C02,exclude,ok
jev,3,4,case_036,C03,include,ok
jev,3,4,case_036,C04,exclude,ok
jev,3,4,case_036,C05,exclude,ok
jev,3,4,case_036,C06,exclude,ok
jev,3,4,case_036,C07,exclude,ok
jev,3,4,case_036,C08,exclude,ok
jev,3,4,case_036,C09,include,ok
jev,3,4,case_036,C10,exclude,ok
jev,3,4,case_037,C01,exclude,ok
jev,3,4,case_037,C02,include,ok
jev,3,4,case_037,C03,include,ok
jev,3,4,case_037,C04,include,ok
jev,3,4,case_037,C05,include,ok
jev,3,4,case_037,C06,exclude,ok
jev,3,4,case_037,C07,include,ok
jev,3,4,case_037,C08,exclude,ok
jev,3,4,case_037,C09,include,ok
jev,3,4,case_037,C10,include,ok
jev,3,4,case_038,C01,include,ok
jev,3,4,case_038,C02,exclude,ok
jev,3,4,case_038,C03,include,ok
jev,3,4,case_038,C04,include,ok
jev,3,4,case_038,C05,exclude,ok
jev,3,4,case_038,C06,exclude,ok
jev,3,4,case_038,C07,exclude,ok
jev,3,4,case_038,C08,include,ok
jev,3,4,case_038,C09,exclude,ok
jev,3,4,case_038,C10,exclude,ok
jev,3,4,case_039,C01,exclude,ok
jev,3,4,case_039,C02,exclude,ok
jev,3,4,case_039,C03,exclude,ok
jev,3,4,case_039,C04,exclude,ok
jev,3,4,case_039,C05,exclude,ok
jev,3,4,case_039,C06,exclude,ok
jev,3,4,case_039,C07,exclude,ok
jev,3,4,case_039,C08,exclude,ok
jev,3,4,case_039,C09,exclude,ok
jev,3,4,case_039,C10,exclude,ok
jev,3,4,case_040,C01,exclude,ok
jev,3,4,case_040,C02,exclude,ok
jev,3,4,case_040,C03,include,ok
jev,3,4,case_040,C04,include,ok
jev,3,4,case_040,C05,exclude,ok
jev,3,4,case_040,C06,include,ok
jev,3,4,case_040,C07,include,ok
jev,3,4,case_040,C08,include,ok
jev,3,4,case_040,C09,exclude,ok
jev,3,4,case_040,C10,include,ok
jev,3,4,case_041,C01,include,ok
jev,3,4,case_041,C02,exclude,ok
jev,3,4,case_041,C03,exclude,ok
jev,3,4,case_041,C04,exclude,ok
jev,3,4,case_041,C05,exclude,ok
jev,3,4,case_041,C06,exclude,ok
jev,3,4,case_041,C07,exclude,ok
jev,3,4,case_041,C08,exclude,ok
jev,3,4,case_041,C09,exclude,ok
jev,3,4,case_041,C10,exclude,ok
jev,3,4,case_042,C01,exclude,ok
jev,3,4,case_042,C02,exclude,ok
jev,3,4,case_042,C03,exclude,ok
jev,3,4,case_042,C04,exclude,ok
jev,3,4,case_042,C05,exclude,ok
jev,3,4,case_042,C06,exclude,ok
jev,3,4,case_042,C07,exclude,ok
jev,3,4,case_042,C08,exclude,ok
jev,3,4,case_042,C09,exclude,ok
jev,3,4,case_042,C10,exclude,ok
jev,3,4,case_043,C01,include,ok
jev,3,4,case_043,C02,include,ok
jev,3,4,case_043,C03,exclude,ok
jev,3,4,case_043,C04,include,ok
jev,3,4,case_043,C05,exclude,ok
jev,3,4,case_043,C06,include,ok
jev,3,4,case_043,C07,exclude,ok
jev,3,4,case_043,C08,exclude,ok
jev,3,4,case_043,C09,include,ok
jev,3,4,case_043,C10,exclude,ok
jev,3,4,case_044,C01,exclude,ok
jev,3,4,case_044,C02,include,ok
jev,3,4,case_044,C03,exclude,ok
jev,3,4,case_044,C04,exclude,ok
jev,3,4,case_044,C05,exclude,ok
jev,3,4,case_044,C06,include,ok
jev,3,4,case_044,C07,exclude,ok
jev,3,4,case_044,C08,exclude,ok
jev,3,4,case_044,C09,exclude,ok
jev,3,4,case_044,C10,exclude,ok
jev,3,4,case_045,C01,exclude,ok
jev,3,4,case_045,C02,exclude,ok
jev,3,4,case_045,C03,exclude,ok
jev,3,4,case_045,C04,exclude,ok
jev,3,4,case_045,C05,exclude,ok
jev,3,4,case_045,C06,exclude,ok
jev,3,4,case_045,C07,exclude,ok
jev,3,4,case_045,C08,include,ok
jev,3,4,case_045,C09,exclude,ok
jev,3,4,case_045,C10,exclude,ok
jev,3,4,case_046,C01,include,ok
jev,3,4,case_046,C02,include,ok
jev,3,4,case_046,C03,include,ok
jev,3,4,case_046,C04,include,ok
jev,3,4,case_046,C05,include,ok
jev,3,4,case_046,C06,include,ok
jev,3,4,case_046,C07,include,ok
jev,3,4,case_046,C08,include,ok
jev,3,4,case_046,C09,include,ok
jev,3,4,case_046,C10,include,ok
jev,3,4,case_047,C01,include,ok
jev,3,4,case_047,C02,exclude,ok
jev,3,4,case_047,C03,exclude,ok
jev,3,4,case_047,C04,exclude,ok
jev,3,4,case_047,C05,exclude,ok
jev,3,4,case_047,C06,include,ok
jev,3,4,case_047,C07,include,ok
jev,3,4,case_047,C08,include,ok
jev,3,4,case_047,C09,exclude,ok
jev,3,4,case_047,C10,exclude,ok
jev,3,4,case_048,C01,exclude,ok
jev,3,4,case_048,C02,exclude,ok
jev,3,4,case_048,C03,exclude,ok
jev,3,4,case_048,C04,include,ok
jev,3,4,case_048,C05,exclude,ok
jev,3,4,case_048,C06,exclude,ok
jev,3,4,case_048,C07,exclude,ok
jev,3,4,case_048,C08,exclude,ok
jev,3,4,case_048,C09,exclude,ok
jev,3,4,case_048,C10,exclude,ok
jev,3,4,case_049,C01,exclude,ok
jev,3,4,case_049,C02,exclude,ok
jev,3,4,case_049,C03,exclude,ok
jev,3,4,case_049,C04,include,ok
jev,3,4,case_049,C05,exclude,ok
jev,3,4,case_049,C06,exclude,ok
jev,3,4,case_049,C07,include,ok
jev,3,4,case_049,C08,include,ok
jev,3,4,case_049,C09,include,ok
jev,3,4,case_049,C10,exclude,ok
jev,3,4,case_050,C01,include,ok
jev,3,4,case_050,C02,exclude,ok
jev,3,4,case_050,C03,exclude,ok
jev,3,4,case_050,C04,exclude,ok
jev,3,4,case_050,C05,exclude,ok
jev,3,4,case_050,C06,exclude,ok
jev,3,4,case_050,C07,exclude,ok
jev,3,4,case_050,C08,exclude,ok
jev,3,4,case_050,C09,exclude,ok
jev,3,4,case_050,C10,exclude,ok
jev,3,4,case_051,C01,exclude,ok
jev,3,4,case_051,C02,exclude,ok
jev,3,4,case_051,C03,exclude,ok
jev,3,4,case_051,C04,exclude,ok
jev,3,4,case_051,C05,exclude,ok
jev,3,4,case_051,C06,exclude,ok
jev,3,4,case_051,C07,exclude,ok
jev,3,4,case_051,C08,exclude,ok
jev,3,4,case_051,C09,exclude,ok
jev,3,4,case_051,C10,exclude,ok
jev,3,4,case_052,C01,exclude,ok
jev,3,4,case_052,C02,exclude,ok
jev,3,4,case_052,C03,exclude,ok
jev,3,4,case_052,C04,exclude,ok
jev,3,4,case_052,C05,exclude,ok
jev,3,4,case_052,C06,exclude,ok
jev,3,4,case_052,C07,exclude,ok
jev,3,4,case_052,C08,exclude,ok
jev,3,4,case_052,C09,exclude,ok
jev,3,4,case_052,C10,exclude,ok
jev,3,4,case_053,C01,exclude,ok
jev,3,4,case_053,C02,include,ok
jev,3,4,case_053,C03,exclude,ok
jev,3,4,case_053,C04,include,ok
jev,3,4,case_053,C05,exclude,ok
jev,3,4,case_053,C06,include,ok
jev,3,4,case_053,C07,include,ok
jev,3,4,case_053,C08,include,ok
jev,3,4,case_053,C09,include,ok
jev,3,4,case_053,C10,include,ok
jev,3,4,case_054,C01,exclude,ok
jev,3,4,case_054,C02,exclude,ok
jev,3,4,case_054,C03,exclude,ok
jev,3,4,case_054,C04,exclude,ok
jev,3,4,case_054,C05,include,ok
jev,3,4,case_054,C06,exclude,ok
jev,3,4,case_054,C07,exclude,ok
jev,3,4,case_054,C08,exclude,ok
jev,3,4,case_054,C09,exclude,ok
jev,3,4,case_054,C10,exclude,ok
jev,3,4,case_055,C01,exclude,ok
jev,3,4,case_055,C02,exclude,ok
jev,3,4,case_055,C03,exclude,ok
jev,3,4,case_055,C04,exclude,ok
jev,3,4,case_055,C05,exclude,ok
jev,3,4,case_055,C06,exclude,ok
jev,3,4,case_055,C07,exclude,ok
jev,3,4,case_055,C08,exclude,ok
jev,3,4,case_055,C09,exclude,ok
jev,3,4,case_055,C10,exclude,ok
jev,3,4,case_056,C01,exclude,ok
jev,3,4,case_056,C02,exclude,ok
jev,3,4,case_056,C03,exclude,ok
jev,3,4,case_056,C04,exclude,ok
jev,3,4,case_056,C05,exclude,ok
jev,3,4,case_056,C06,exclude,ok
jev,3,4,case_056,C07,exclude,ok
jev,3,4,case_056,C08,exclude,ok
jev,3,4,case_056,C09,exclude,ok
jev,3,4,case_056,C10,exclude,ok
jev,3,4,case_057,C01,exclude,ok
jev,3,4,case_057,C02,exclude,ok
jev,3,4,case_057,C03,exclude,ok
jev,3,4,case_057,C04,exclude,ok
jev,3,4,case_057,C05,exclude,ok
jev,3,4,case_057,C06,include,ok
jev,3,4,case_057,C07,exclude,ok
jev,3,4,case_057,C08,exclude,ok
jev,3,4,case_057,C09,exclude,ok
jev,3,4,case_057,C10,exclude,ok
jev,3,4,case_058,C01,include,ok
jev,3,4,case_058,C02,exclude,ok
jev,3,4,case_058,C03,include,ok
jev,3,4,case_058,C04,include,ok
jev,3,4,case_058,C05,exclude,ok
jev,3,4,case_058,C06,exclude,ok
jev,3,4,case_058,C07,include,ok
jev,3,4,case_058,C08,exclude,ok
jev,3,4,case_058,C09,exclude,ok
jev,3,4,case_058,C10,include,ok
jev,3,4,case_059,C01,include,ok
jev,3,4,case_059,C02,include,ok
jev,3,4,case_059,C03,include,ok
jev,3,4,case_059,C04,include,ok
jev,3,4,case_059,C05,include,ok
jev,3,4,case_059,C06,include,ok
jev,3,4,case_059,C07,include,ok
jev,3,4,case_059,C08,include,ok
jev,3,4,case_059,C09,exclude,ok
jev,3,4,case_059,C10,exclude,ok
jev,3,4,case_060,C01,include,ok
jev,3,4,case_060,C02,include,ok
jev,3,4,case_060,C03,exclude,ok
jev,3,4,case_060,C04,exclude,ok
jev,3,4,case_060,C05,exclude,ok
jev,3,4,case_060,C06,exclude,ok
jev,3,4,case_060,C07,exclude,ok
jev,3,4,case_060,C08,exclude,ok
jev,3,4,case_060,C09,exclude,ok
jev,3,4,case_060,C10,exclude,ok
jev,3,4,case_061,C01,exclude,ok
jev,3,4,case_061,C02,exclude,ok
jev,3,4,case_061,C03,exclude,ok
jev,3,4,case_061,C04,exclude,ok
jev,3,4,case_061,C05,exclude,ok
jev,3,4,case_061,C06,exclude,ok
jev,3,4,case_061,C07,exclude,ok
jev,3,4,case_061,C08,exclude,ok
jev,3,4,case_061,C09,include,ok
jev,3,4,case_061,C10,exclude,ok
jev,3,4,case_062,C01,include,ok
jev,3,4,case_062,C02,include,ok
jev,3,4,case_062,C03,include,ok
jev,3,4,case_062,C04,include,ok
jev,3,4,case_062,C05,include,ok
jev,3,4,case_062,C06,include,ok
jev,3,4,case_062,C07,include,ok
jev,3,4,case_062,C08,include,ok
jev,3,4,case_062,C09,include,ok
jev,3,4,case_062,C10,include,ok
jev,3,4,case_063,C01,exclude,ok
jev,3,4,case_063,C02,exclude,ok
jev,3,4,case_063,C03,exclude,ok
jev,3,4,case_063,C04,exclude,ok
jev,3,4,case_063,C05,include,ok
jev,3,4,case_063,C06,exclude,ok
jev,3,4,case_063,C07,exclude,ok
jev,3,4,case_063,C08,exclude,ok
jev,3,4,case_063,C09,exclude,ok
jev,3,4,case_063,C10,exclude,ok
jev,3,4,case_064,C01,exclude,ok
jev,3,4,case_064,C02,exclude,ok
jev,3,4,case_064,C03,exclude,ok
jev,3,4,case_064,C04,exclude,ok
jev,3,4,case_064,C05,exclude,ok
jev,3,4,case_064,C06,exclude,ok
jev,3,4,case_064,C07,exclude,ok
jev,3,4,case_064,C08,include,ok
jev,3,4,case_064,C09,exclude,ok
jev,3,4,case_064,C10,exclude,ok
jev,3,4,case_065,C01,exclude,ok
jev,3,4,case_065,C02,exclude,ok
jev,3,4,case_065,C03,exclude,ok
jev,3,4,case_065,C04,include,ok
jev,3,4,case_065,C05,include,ok
jev,3,4,case_065,C06,exclude,ok
jev,3,4,case_065,C07,exclude,ok
jev,3,4,case_065,C08,exclude,ok
jev,3,4,case_065,C09,include,ok
jev,3,4,case_065,C10,exclude,ok
jev,3,4,case_066,C01,exclude,ok
jev,3,4,case_066,C02,exclude,ok
jev,3,4,case_066,C03,exclude,ok
jev,3,4,case_066,C04,exclude,ok
jev,3,4,case_066,C05,exclude,ok
jev,3,4,case_066,C06,exclude,ok
jev,3,4,case_066,C07,exclude,ok
jev,3,4,case_066,C08,exclude,ok
jev,3,4,case_066,C09,exclude,ok
jev,3,4,case_066,C10,exclude,ok
jev,3,4,case_067,C01,include,ok
jev,3,4,case_067,C02,include,ok
jev,3,4,case_067,C03,exclude,ok
jev,3,4,case_067,C04,exclude,ok
jev,3,4,case_067,C05,include,ok
jev,3,4,case_067,C06,exclude,ok
jev,3,4,case_067,C07,include,ok
jev,3,4,case_067,C08,include,ok
jev,3,4,case_067,C09,exclude,ok
jev,3,4,case_067,C10,exclude,ok
jev,3,4,case_068,C01,include,ok
jev,3,4,case_068,C02,exclude,ok
jev,3,4,case_068,C03,exclude,ok
jev,3,4,case_068,C04,exclude,ok
jev,3,4,case_068,C05,exclude,ok
jev,3,4,case_068,C06,exclude,ok
jev,3,4,case_068,C07,exclude,ok
jev,3,4,case_068,C08,exclude,ok
jev,3,4,case_068,C09,exclude,ok
jev,3,4,case_068,C10,exclude,ok
jev,3,4,case_069,C01,exclude,ok
jev,3,4,case_069,C02,exclude,ok
jev,3,4,case_069,C03,include,ok
jev,3,4,case_069,C04,include,ok
jev,3,4,case_069,C05,exclude,ok
jev,3,4,case_069,C06,include,ok
jev,3,4,case_069,C07,exclude,ok
jev,3,4,case_069,C08,exclude,ok
jev,3,4,case_069,C09,exclude,ok
jev,3,4,case_069,C10,exclude,ok
jev,3,4,case_070,C01,include,ok
jev,3,4,case_070,C02,exclude,ok
jev,3,4,case_070,C03,include,ok
jev,3,4,case_070,C04,exclude,ok
jev,3,4,case_070,C05,include,ok
jev,3,4,case_070,C06,include,ok
jev,3,4,case_070,C07,exclude,ok
jev,3,4,case_070,C08,exclude,ok
jev,3,4,case_070,C09,include,ok
jev,3,4,case_070,C10,exclude,ok
jev,3,4,case_071,C01,exclude,ok
jev,3,4,case_071,C02,exclude,ok
jev,3,4,case_071,C03,exclude,ok
jev,3,4,case_071,C04,exclude,ok
jev,3,4,case_071,C05,exclude,ok
jev,3,4,case_071,C06,exclude,ok
jev,3,4,case_071,C07,exclude,ok
jev,3,4,case_071,C08,exclude,ok
jev,3,4,case_071,C09,exclude,ok
jev,3,4,case_071,C10,exclude,ok
jev,3,4,case_072,C01,include,ok
jev,3,4,case_072,C02,include,ok
jev,3,4,case_072,C03,include,ok
jev,3,4,case_072,C04,include,ok
jev,3,4,case_072,C05,include,ok
jev,3,4,case_072,C06,include,ok
jev,3,4,case_072,C07,include,ok
jev,3,4,case_072,C08,include,ok
jev,3,4,case_072,C09,include,ok
jev,3,4,case_072,C10,include,ok
jev,3,4,case_073,C01,include,ok
jev,3,4,case_073,C02,include,ok
jev,3,4,case_073,C03,include,ok
jev,3,4,case_073,C04,include,ok
jev,3,4,case_073,C05,include,ok
jev,3,4,case_073,C06,include,ok
jev,3,4,case_073,C07,include,ok
jev,3,4,case_073,C08,exclude,ok
jev,3,4,case_073,C09,exclude,ok
jev,3,4,case_073,C10,exclude,ok
jev,3,4,case_074,C01,exclude,ok
jev,3,4,case_074,C02,exclude,ok
jev,3,4,case_074,C03,exclude,ok
jev,3,4,case_074,C04,exclude,ok
jev,3,4,case_074,C05,exclude,ok
jev,3,4,case_074,C06,exclude,ok
jev,3,4,case_074,C07,exclude,ok
jev,3,4,case_074,C08,exclude,ok
jev,3,4,case_074,C09,exclude,ok
jev,3,4,case_074,C10,exclude,ok
jev,3,4,case_075,C01,exclude,ok
jev,3,4,case_075,C02,exclude,ok
jev,3,4,case_075,C03,exclude,ok
jev,3,4,case_075,C04,exclude,ok
jev,3,4,case_075,C05,exclude,ok
jev,3,4,case_075,C06,exclude,ok
jev,3,4,case_075,C07,exclude,ok
jev,3,4,case_075,C08,include,ok
jev,3,4,case_075,C09,include,ok
jev,3,4,case_075,C10,exclude,ok
jev,3,4,case_076,C01,exclude,ok
jev,3,4,case_076,C02,exclude,ok
jev,3,4,case_076,C03,exclude,ok
jev,3,4,case_076,C04,exclude,ok
jev,3,4,case_076,C05,exclude,ok
jev,3,4,case_076,C06,exclude,ok
jev,3,4,case_076,C07,exclude,ok
jev,3,4,case_076,C08,exclude,ok
jev,3,4,case_076,C09,exclude,ok
jev,3,4,case_076,C10,exclude,ok
jev,3,4,case_077,C01,exclude,ok
jev,3,4,case_077,C02,exclude,ok
jev,3,4,case_077,C03,exclude,ok
jev,3,4,case_077,C04,exclude,ok
jev,3,4,case_077,C05,exclude,ok
jev,3,4,case_077,C06,exclude,ok
jev,3,4,case_077,C07,exclude,ok
jev,3,4,case_077,C08,exclude,ok
jev,3,4,case_077,C09,include,ok
jev,3,4,case_077,C10,include,ok
jev,3,4,case_078,C01,exclude,ok
jev,3,4,case_078,C02,exclude,ok
jev,3,4,case_078,C03,include,ok
jev,3,4,case_078,C04,include,ok
jev,3,4,case_078,C05,include,ok
jev,3,4,case_078,C06,include,ok
jev,3,4,case_078,C07,include,ok
jev,3,4,case_078,C08,exclude,ok
jev,3,4,case_078,C09,include,ok
jev,3,4,case_078,C10,exclude,ok
jev,3,4,case_079,C01,exclude,ok
jev,3,4,case_079,C02,include,ok
jev,3,4,case_079,C03,include,ok
jev,3,4,case_079,C04,exclude,ok
jev,3,4,case_079,C05,exclude,ok
jev,3,4,case_079,C06,include,ok
jev,3,4,case_079,C07,exclude,ok
jev,3,4,case_079,C08,exclude,ok
jev,3,4,case_079,C09,exclude,ok
jev,3,4,case_079,C10,exclude,ok
jev,3,4,case_080,C01,include,ok
jev,3,4,case_080,C02,exclude,ok
jev,3,4,case_080,C03,exclude,ok
jev,3,4,case_080,C04,exclude,ok
jev,3,4,case_080,C05,exclude,ok
jev,3,4,case_080,C06,exclude,ok
jev,3,4,case_080,C07,exclude,ok
jev,3,4,case_080,C08,exclude,ok
jev,3,4,case_080,C09,exclude,ok
jev,3,4,case_080,C10,exclude,ok
jev,3,4,case_081,C01,exclude,ok
jev,3,4,case_081,C02,include,ok
jev,3,4,case_081,C03,exclude,ok
jev,3,4,case_081,C04,exclude,ok
jev,3,4,case_081,C05,exclude,ok
jev,3,4,case_081,C06,include,ok
jev,3,4,case_081,C07,exclude,ok
jev,3,4,case_081,C08,exclude,ok
jev,3,4,case_081,C09,exclude,ok
jev,3,4,case_081,C10,exclude,ok
jev,3,4,case_082,C01,include,ok
jev,3,4,case_082,C02,exclude,ok
jev,3,4,case_082,C03,include,ok
jev,3,4,case_082,C04,include,ok
jev,3,4,case_082,C05,include,ok
jev,3,4,case_082,C06,include,ok
jev,3,4,case_082,C07,exclude,ok
jev,3,4,case_082,C08,include,ok
jev,3,4,case_082,C09,include,ok
jev,3,4,case_082,C10,exclude,ok
jev,3,4,case_083,C01,include,ok
jev,3,4,case_083,C02,exclude,ok
jev,3,4,case_083,C03,exclude,ok
jev,3,4,case_083,C04,exclude,ok
jev,3,4,case_083,C05,exclude,ok
jev,3,4,case_083,C06,exclude,ok
jev,3,4,case_083,C07,exclude,ok
jev,3,4,case_083,C08,include,ok
jev,3,4,case_083,C09,include,ok
jev,3,4,case_083,C10,exclude,ok
jev,3,4,case_084,C01,exclude,ok
jev,3,4,case_084,C02,include,ok
jev,3,4,case_084,C03,exclude,ok
jev,3,4,case_084,C04,exclude,ok
jev,3,4,case_084,C05,exclude,ok
jev,3,4,case_084,C06,exclude,ok
jev,3,4,case_084,C07,exclude,ok
jev,3,4,case_084,C08,exclude,ok
jev,3,4,case_084,C09,exclude,ok
jev,3,4,case_084,C10,exclude,ok
jev,3,4,case_085,C01,exclude,ok
jev,3,4,case_085,C02,exclude,ok
jev,3,4,case_085,C03,exclude,ok
jev,3,4,case_085,C04,exclude,ok
jev,3,4,case_085,C05,exclude,ok
jev,3,4,case_085,C06,exclude,ok
jev,3,4,case_085,C07,exclude,ok
jev,3,4,case_085,C08,exclude,ok
jev,3,4,case_085,C09,exclude,ok
jev,3,4,case_085,C10,exclude,ok
jev,3,4,case_086,C01,include,ok
jev,3,4,case_086,C02,exclude,ok
jev,3,4,case_086,C03,exclude,ok
jev,3,4,case_086,C04,include,ok
jev,3,4,case_086,C05,include,ok
jev,3,4,case_086,C06,exclude,ok
jev,3,4,case_086,C07,exclude,ok
jev,3,4,case_086,C08,exclude,ok
jev,3,4,case_086,C09,exclude,ok
jev,3,4,case_086,C10,exclude,ok
jev,3,4,case_087,C01,include,ok
jev,3,4,case_087,C02,include,ok
jev,3,4,case_087,C03,exclude,ok
jev,3,4,case_087,C04,exclude,ok
jev,3,4,case_087,C05,include,ok
jev,3,4,case_087,C06,include,ok
jev,3,4,case_087,C07,include,ok
jev,3,4,case_087,C08,exclude,ok
jev,3,4,case_087,C09,include,ok
jev,3,4,case_087,C10,exclude,ok
jev,3,4,case_088,C01,exclude,ok
jev,3,4,case_088,C02,exclude,ok
jev,3,4,case_088,C03,exclude,ok
jev,3,4,case_088,C04,exclude,ok
jev,3,4,case_088,C05,exclude,ok
jev,3,4,case_088,C06,exclude,ok
jev,3,4,case_088,C07,exclude,ok
jev,3,4,case_088,C08,exclude,ok
jev,3,4,case_088,C09,exclude,ok
jev,3,4,case_088,C10,exclude,ok
jev,3,4,case_089,C01,exclude,ok
jev,3,4,case_089,C02,exclude,ok
jev,3,4,case_089,C03,include,ok
jev,3,4,case_089,C04,exclude,ok
jev,3,4,case_089,C05,include,ok
jev,3,4,case_089,C06,exclude,ok
jev,3,4,case_089,C07,exclude,ok
jev,3,4,case_089,C08,exclude,ok
jev,3,4,case_089,C09,exclude,ok
jev,3,4,case_089,C10,exclude,ok
jev,3,4,case_090,C01,include,ok
jev,3,4,case_090,C02,include,ok
jev,3,4,case_090,C03,include,ok
jev,3,4,case_090,C04,exclude,ok
jev,3,4,case_090,C05,exclude,ok
jev,3,4,case_090,C06,exclude,ok
jev,3,4,case_090,C07,include,ok
jev,3,4,case_090,C08,exclude,ok
jev,3,4,case_090,C09,exclude,ok
jev,3,4,case_090,C10,exclude,ok
jev,3,4,case_091,C01,exclude,ok
jev,3,4,case_091,C02,exclude,ok
jev,3,4,case_091,C03,exclude,ok
jev,3,4,case_091,C04,exclude,ok
jev,3,4,case_091,C05,exclude,ok
jev,3,4,case_091,C06,exclude,ok
jev,3,4,case_091,C07,exclude,ok
jev,3,4,case_091,C08,exclude,ok
jev,3,4,case_091,C09,exclude,ok
jev,3,4,case_091,C10,exclude,ok
jev,3,4,case_092,C01,exclude,ok
jev,3,4,case_092,C02,exclude,ok
jev,3,4,case_092,C03,exclude,ok
jev,3,4,case_092,C04,include,ok
jev,3,4,case_092,C05,exclude,ok
jev,3,4,case_092,C06,exclude,ok
jev,3,4,case_092,C07,exclude,ok
jev,3,4,case_092,C08,exclude,ok
jev,3,4,case_092,C09,exclude,ok
jev,3,4,case_092,C10,exclude,ok
jev,3,4,case_093,C01,include,ok
jev,3,4,case_093,C02,include,ok
jev,3,4,case_093,C03,include,ok
jev,3,4,case_093,C04,include,ok
jev,3,4,case_093,C05,include,ok
jev,3,4,case_093,C06,exclude,ok
jev,3,4,case_093,C07,exclude,ok
jev,3,4,case_093,C08,exclude,ok
jev,3,4,case_093,C09,exclude,ok
jev,3,4,case_093,C10,exclude,ok
jev,3,4,case_094,C01,include,ok
jev,3,4,case_094,C02,include,ok
jev,3,4,case_094,C03,exclude,ok
jev,3,4,case_094,C04,exclude,ok
jev,3,4,case_094,C05,include,ok
jev,3,4,case_094,C06,exclude,ok
jev,3,4,case_094,C07,include,ok
jev,3,4,case_094,C08,exclude,ok
jev,3,4,case_094,C09,exclude,ok
jev,3,4,case_094,C10,exclude,ok
jev,3,4,case_095,C01,exclude,ok
jev,3,4,case_095,C02,exclude,ok
jev,3,4,case_095,C03,exclude,ok
jev,3,4,case_095,C04,exclude,ok
jev,3,4,case_095,C05,exclude,ok
jev,3,4,case_095,C06,exclude,ok
jev,3,4,case_095,C07,exclude,ok
jev,3,4,case_095,C08,exclude,ok
jev,3,4,case_095,C09,include,ok
jev,3,4,case_095,C10,exclude,ok
jev,3,4,case_096,C01,include,ok
jev,3,4,case_096,C02,exclude,ok
jev,3,4,case_096,C03,exclude,ok
jev,3,4,case_096,C04,exclude,ok
jev,3,4,case_096,C05,exclude,ok
jev,3,4,case_096,C06,include,ok
jev,3,4,case_096,C07,include,ok
jev,3,4,case_096,C08,include,ok
jev,3,4,case_096,C09,exclude,ok
jev,3,4,case_096,C10,exclude,ok
jev,3,4,case_097,C01,exclude,ok
jev,3,4,case_097,C02,exclude,ok
jev,3,4,case_097,C03,exclude,ok
jev,3,4,case_097,C04,exclude,ok
jev,3,4,case_097,C05,exclude,ok
jev,3,4,case_097,C06,include,ok
jev,3,4,case_097,C07,exclude,ok
jev,3,4,case_097,C08,exclude,ok
jev,3,4,case_097,C09,exclude,ok
jev,3,4,case_097,C10,include,ok
jev,3,4,case_098,C01,include,ok
jev,3,4,case_098,C02,include,ok
jev,3,4,case_098,C03,include,ok
jev,3,4,case_098,C04,include,ok
jev,3,4,case_098,C05,include,ok
jev,3,4,case_098,C06,include,ok
jev,3,4,case_098,C07,include,ok
jev,3,4,case_098,C08,include,ok
jev,3,4,case_098,C09,exclude,ok
jev,3,4,case_098,C10,include,ok
jev,3,4,case_099,C01,include,ok
jev,3,4,case_099,C02,include,ok
jev,3,4,case_099,C03,include,ok
jev,3,4,case_099,C04,exclude,ok
jev,3,4,case_099,C05,exclude,ok
jev,3,4,case_099,C06,include,ok
jev,3,4,case_099,C07,include,ok
jev,3,4,case_099,C08,include,ok
jev,3,4,case_099,C09,include,ok
jev,3,4,case_099,C10,include,ok
jev,3,4,case_100,C01,exclude,ok
jev,3,4,case_100,C02,exclude,ok
jev,3,4,case_100,C03,exclude,ok
jev,3,4,case_100,C04,include,ok
jev,3,4,case_100,C05,include,ok
jev,3,4,case_100,C06,exclude,ok
jev,3,4,case_100,C07,exclude,ok
jev,3,4,case_100,C08,exclude,ok
jev,3,4,case_100,C09,exclude,ok
jev,3,4,case_100,C10,exclude,ok
laya_typed,1,1,case_001,C01,include,ok
laya_typed,1,1,case_001,C02,include,ok
laya_typed,1,1,case_001,C03,include,ok
laya_typed,1,1,case_001,C04,include,ok
laya_typed,1,1,case_001,C05,include,ok
laya_typed,1,1,case_001,C06,include,ok
laya_typed,1,1,case_001,C07,include,ok
laya_typed,1,1,case_001,C08,exclude,ok
laya_typed,1,1,case_001,C09,exclude,ok
laya_typed,1,1,case_001,C10,include,ok
laya_typed,1,1,case_002,C01,include,ok
laya_typed,1,1,case_002,C02,include,ok
laya_typed,1,1,case_002,C03,include,ok
laya_typed,1,1,case_002,C04,include,ok
laya_typed,1,1,case_002,C05,include,ok
laya_typed,1,1,case_002,C06,include,ok
laya_typed,1,1,case_002,C07,include,ok
laya_typed,1,1,case_002,C08,include,ok
laya_typed,1,1,case_002,C09,include,ok
laya_typed,1,1,case_002,C10,include,ok
laya_typed,1,1,case_003,C01,include,ok
laya_typed,1,1,case_003,C02,include,ok
laya_typed,1,1,case_003,C03,include,ok
laya_typed,1,1,case_003,C04,include,ok
laya_typed,1,1,case_003,C05,include,ok
laya_typed,1,1,case_003,C06,include,ok
laya_typed,1,1,case_003,C07,include,ok
laya_typed,1,1,case_003,C08,include,ok
laya_typed,1,1,case_003,C09,include,ok
laya_typed,1,1,case_003,C10,include,ok
laya_typed,1,1,case_004,C01,include,ok
laya_typed,1,1,case_004,C02,include,ok
laya_typed,1,1,case_004,C03,exclude,ok
laya_typed,1,1,case_004,C04,exclude,ok
laya_typed,1,1,case_004,C05,include,ok
laya_typed,1,1,case_004,C06,exclude,ok
laya_typed,1,1,case_004,C07,include,ok
laya_typed,1,1,case_004,C08,exclude,ok
laya_typed,1,1,case_004,C09,exclude,ok
laya_typed,1,1,case_004,C10,exclude,ok
laya_typed,1,1,case_005,C01,include,ok
laya_typed,1,1,case_005,C02,include,ok
laya_typed,1,1,case_005,C03,include,ok
laya_typed,1,1,case_005,C04,include,ok
laya_typed,1,1,case_005,C05,include,ok
laya_typed,1,1,case_005,C06,include,ok
laya_typed,1,1,case_005,C07,include,ok
laya_typed,1,1,case_005,C08,include,ok
laya_typed,1,1,case_005,C09,include,ok
laya_typed,1,1,case_005,C10,include,ok
laya_typed,1,1,case_006,C01,include,ok
laya_typed,1,1,case_006,C02,include,ok
laya_typed,1,1,case_006,C03,include,ok
laya_typed,1,1,case_006,C04,exclude,ok
laya_typed,1,1,case_006,C05,exclude,ok
laya_typed,1,1,case_006,C06,include,ok
laya_typed,1,1,case_006,C07,exclude,ok
laya_typed,1,1,case_006,C08,exclude,ok
laya_typed,1,1,case_006,C09,include,ok
laya_typed,1,1,case_006,C10,include,ok
laya_typed,1,1,case_007,C01,include,ok
laya_typed,1,1,case_007,C02,exclude,ok
laya_typed,1,1,case_007,C03,include,ok
laya_typed,1,1,case_007,C04,exclude,ok
laya_typed,1,1,case_007,C05,include,ok
laya_typed,1,1,case_007,C06,include,ok
laya_typed,1,1,case_007,C07,include,ok
laya_typed,1,1,case_007,C08,exclude,ok
laya_typed,1,1,case_007,C09,include,ok
laya_typed,1,1,case_007,C10,include,ok
laya_typed,1,1,case_008,C01,exclude,ok
laya_typed,1,1,case_008,C02,include,ok
laya_typed,1,1,case_008,C03,include,ok
laya_typed,1,1,case_008,C04,include,ok
laya_typed,1,1,case_008,C05,include,ok
laya_typed,1,1,case_008,C06,include,ok
laya_typed,1,1,case_008,C07,include,ok
laya_typed,1,1,case_008,C08,include,ok
laya_typed,1,1,case_008,C09,include,ok
laya_typed,1,1,case_008,C10,include,ok
laya_typed,1,1,case_009,C01,exclude,ok
laya_typed,1,1,case_009,C02,include,ok
laya_typed,1,1,case_009,C03,include,ok
laya_typed,1,1,case_009,C04,include,ok
laya_typed,1,1,case_009,C05,include,ok
laya_typed,1,1,case_009,C06,include,ok
laya_typed,1,1,case_009,C07,include,ok
laya_typed,1,1,case_009,C08,include,ok
laya_typed,1,1,case_009,C09,include,ok
laya_typed,1,1,case_009,C10,include,ok
laya_typed,1,1,case_010,C01,exclude,ok
laya_typed,1,1,case_010,C02,include,ok
laya_typed,1,1,case_010,C03,include,ok
laya_typed,1,1,case_010,C04,exclude,ok
laya_typed,1,1,case_010,C05,include,ok
laya_typed,1,1,case_010,C06,include,ok
laya_typed,1,1,case_010,C07,exclude,ok
laya_typed,1,1,case_010,C08,exclude,ok
laya_typed,1,1,case_010,C09,include,ok
laya_typed,1,1,case_010,C10,include,ok
laya_typed,1,1,case_011,C01,include,ok
laya_typed,1,1,case_011,C02,exclude,ok
laya_typed,1,1,case_011,C03,exclude,ok
laya_typed,1,1,case_011,C04,exclude,ok
laya_typed,1,1,case_011,C05,include,ok
laya_typed,1,1,case_011,C06,include,ok
laya_typed,1,1,case_011,C07,include,ok
laya_typed,1,1,case_011,C08,include,ok
laya_typed,1,1,case_011,C09,exclude,ok
laya_typed,1,1,case_011,C10,include,ok
laya_typed,1,1,case_012,C01,include,ok
laya_typed,1,1,case_012,C02,include,ok
laya_typed,1,1,case_012,C03,exclude,ok
laya_typed,1,1,case_012,C04,include,ok
laya_typed,1,1,case_012,C05,include,ok
laya_typed,1,1,case_012,C06,include,ok
laya_typed,1,1,case_012,C07,include,ok
laya_typed,1,1,case_012,C08,include,ok
laya_typed,1,1,case_012,C09,include,ok
laya_typed,1,1,case_012,C10,exclude,ok
laya_typed,1,1,case_013,C01,include,ok
laya_typed,1,1,case_013,C02,exclude,ok
laya_typed,1,1,case_013,C03,include,ok
laya_typed,1,1,case_013,C04,include,ok
laya_typed,1,1,case_013,C05,include,ok
laya_typed,1,1,case_013,C06,include,ok
laya_typed,1,1,case_013,C07,include,ok
laya_typed,1,1,case_013,C08,exclude,ok
laya_typed,1,1,case_013,C09,include,ok
laya_typed,1,1,case_013,C10,include,ok
laya_typed,1,1,case_014,C01,include,ok
laya_typed,1,1,case_014,C02,exclude,ok
laya_typed,1,1,case_014,C03,exclude,ok
laya_typed,1,1,case_014,C04,include,ok
laya_typed,1,1,case_014,C05,include,ok
laya_typed,1,1,case_014,C06,include,ok
laya_typed,1,1,case_014,C07,exclude,ok
laya_typed,1,1,case_014,C08,include,ok
laya_typed,1,1,case_014,C09,exclude,ok
laya_typed,1,1,case_014,C10,include,ok
laya_typed,1,1,case_015,C01,include,ok
laya_typed,1,1,case_015,C02,include,ok
laya_typed,1,1,case_015,C03,include,ok
laya_typed,1,1,case_015,C04,include,ok
laya_typed,1,1,case_015,C05,include,ok
laya_typed,1,1,case_015,C06,include,ok
laya_typed,1,1,case_015,C07,include,ok
laya_typed,1,1,case_015,C08,include,ok
laya_typed,1,1,case_015,C09,include,ok
laya_typed,1,1,case_015,C10,include,ok
laya_typed,1,1,case_016,C01,include,ok
laya_typed,1,1,case_016,C02,include,ok
laya_typed,1,1,case_016,C03,include,ok
laya_typed,1,1,case_016,C04,include,ok
laya_typed,1,1,case_016,C05,include,ok
laya_typed,1,1,case_016,C06,include,ok
laya_typed,1,1,case_016,C07,include,ok
laya_typed,1,1,case_016,C08,include,ok
laya_typed,1,1,case_016,C09,include,ok
laya_typed,1,1,case_016,C10,include,ok
laya_typed,1,1,case_017,C01,include,ok
laya_typed,1,1,case_017,C02,include,ok
laya_typed,1,1,case_017,C03,include,ok
laya_typed,1,1,case_017,C04,include,ok
laya_typed,1,1,case_017,C05,include,ok
laya_typed,1,1,case_017,C06,include,ok
laya_typed,1,1,case_017,C07,include,ok
laya_typed,1,1,case_017,C08,include,ok
laya_typed,1,1,case_017,C09,include,ok
laya_typed,1,1,case_017,C10,include,ok
laya_typed,1,1,case_018,C01,include,ok
laya_typed,1,1,case_018,C02,exclude,ok
laya_typed,1,1,case_018,C03,exclude,ok
laya_typed,1,1,case_018,C04,include,ok
laya_typed,1,1,case_018,C05,include,ok
laya_typed,1,1,case_018,C06,exclude,ok
laya_typed,1,1,case_018,C07,include,ok
laya_typed,1,1,case_018,C08,include,ok
laya_typed,1,1,case_018,C09,exclude,ok
laya_typed,1,1,case_018,C10,exclude,ok
laya_typed,1,1,case_019,C01,include,ok
laya_typed,1,1,case_019,C02,exclude,ok
laya_typed,1,1,case_019,C03,exclude,ok
laya_typed,1,1,case_019,C04,exclude,ok
laya_typed,1,1,case_019,C05,exclude,ok
laya_typed,1,1,case_019,C06,exclude,ok
laya_typed,1,1,case_019,C07,exclude,ok
laya_typed,1,1,case_019,C08,include,ok
laya_typed,1,1,case_019,C09,include,ok
laya_typed,1,1,case_019,C10,exclude,ok
laya_typed,1,1,case_020,C01,exclude,ok
laya_typed,1,1,case_020,C02,exclude,ok
laya_typed,1,1,case_020,C03,exclude,ok
laya_typed,1,1,case_020,C04,include,ok
laya_typed,1,1,case_020,C05,exclude,ok
laya_typed,1,1,case_020,C06,exclude,ok
laya_typed,1,1,case_020,C07,include,ok
laya_typed,1,1,case_020,C08,include,ok
laya_typed,1,1,case_020,C09,include,ok
laya_typed,1,1,case_020,C10,include,ok
laya_typed,1,1,case_021,C01,include,ok
laya_typed,1,1,case_021,C02,exclude,ok
laya_typed,1,1,case_021,C03,include,ok
laya_typed,1,1,case_021,C04,include,ok
laya_typed,1,1,case_021,C05,exclude,ok
laya_typed,1,1,case_021,C06,include,ok
laya_typed,1,1,case_021,C07,include,ok
laya_typed,1,1,case_021,C08,include,ok
laya_typed,1,1,case_021,C09,include,ok
laya_typed,1,1,case_021,C10,include,ok
laya_typed,1,1,case_022,C01,include,ok
laya_typed,1,1,case_022,C02,include,ok
laya_typed,1,1,case_022,C03,exclude,ok
laya_typed,1,1,case_022,C04,include,ok
laya_typed,1,1,case_022,C05,include,ok
laya_typed,1,1,case_022,C06,include,ok
laya_typed,1,1,case_022,C07,include,ok
laya_typed,1,1,case_022,C08,include,ok
laya_typed,1,1,case_022,C09,exclude,ok
laya_typed,1,1,case_022,C10,include,ok
laya_typed,1,1,case_023,C01,include,ok
laya_typed,1,1,case_023,C02,include,ok
laya_typed,1,1,case_023,C03,include,ok
laya_typed,1,1,case_023,C04,include,ok
laya_typed,1,1,case_023,C05,include,ok
laya_typed,1,1,case_023,C06,include,ok
laya_typed,1,1,case_023,C07,exclude,ok
laya_typed,1,1,case_023,C08,include,ok
laya_typed,1,1,case_023,C09,include,ok
laya_typed,1,1,case_023,C10,include,ok
laya_typed,1,1,case_024,C01,include,ok
laya_typed,1,1,case_024,C02,include,ok
laya_typed,1,1,case_024,C03,exclude,ok
laya_typed,1,1,case_024,C04,exclude,ok
laya_typed,1,1,case_024,C05,exclude,ok
laya_typed,1,1,case_024,C06,include,ok
laya_typed,1,1,case_024,C07,include,ok
laya_typed,1,1,case_024,C08,include,ok
laya_typed,1,1,case_024,C09,include,ok
laya_typed,1,1,case_024,C10,include,ok
laya_typed,1,1,case_025,C01,include,ok
laya_typed,1,1,case_025,C02,include,ok
laya_typed,1,1,case_025,C03,include,ok
laya_typed,1,1,case_025,C04,include,ok
laya_typed,1,1,case_025,C05,include,ok
laya_typed,1,1,case_025,C06,include,ok
laya_typed,1,1,case_025,C07,include,ok
laya_typed,1,1,case_025,C08,include,ok
laya_typed,1,1,case_025,C09,include,ok
laya_typed,1,1,case_025,C10,include,ok
laya_typed,1,1,case_026,C01,include,ok
laya_typed,1,1,case_026,C02,exclude,ok
laya_typed,1,1,case_026,C03,include,ok
laya_typed,1,1,case_026,C04,include,ok
laya_typed,1,1,case_026,C05,include,ok
laya_typed,1,1,case_026,C06,exclude,ok
laya_typed,1,1,case_026,C07,include,ok
laya_typed,1,1,case_026,C08,include,ok
laya_typed,1,1,case_026,C09,include,ok
laya_typed,1,1,case_026,C10,include,ok
laya_typed,1,1,case_027,C01,include,ok
laya_typed,1,1,case_027,C02,exclude,ok
laya_typed,1,1,case_027,C03,include,ok
laya_typed,1,1,case_027,C04,include,ok
laya_typed,1,1,case_027,C05,exclude,ok
laya_typed,1,1,case_027,C06,include,ok
laya_typed,1,1,case_027,C07,include,ok
laya_typed,1,1,case_027,C08,include,ok
laya_typed,1,1,case_027,C09,exclude,ok
laya_typed,1,1,case_027,C10,include,ok
laya_typed,1,1,case_028,C01,include,ok
laya_typed,1,1,case_028,C02,include,ok
laya_typed,1,1,case_028,C03,exclude,ok
laya_typed,1,1,case_028,C04,include,ok
laya_typed,1,1,case_028,C05,include,ok
laya_typed,1,1,case_028,C06,include,ok
laya_typed,1,1,case_028,C07,include,ok
laya_typed,1,1,case_028,C08,include,ok
laya_typed,1,1,case_028,C09,include,ok
laya_typed,1,1,case_028,C10,include,ok
laya_typed,1,1,case_029,C01,include,ok
laya_typed,1,1,case_029,C02,include,ok
laya_typed,1,1,case_029,C03,include,ok
laya_typed,1,1,case_029,C04,include,ok
laya_typed,1,1,case_029,C05,include,ok
laya_typed,1,1,case_029,C06,include,ok
laya_typed,1,1,case_029,C07,include,ok
laya_typed,1,1,case_029,C08,include,ok
laya_typed,1,1,case_029,C09,include,ok
laya_typed,1,1,case_029,C10,include,ok
laya_typed,1,1,case_030,C01,include,ok
laya_typed,1,1,case_030,C02,include,ok
laya_typed,1,1,case_030,C03,exclude,ok
laya_typed,1,1,case_030,C04,exclude,ok
laya_typed,1,1,case_030,C05,include,ok
laya_typed,1,1,case_030,C06,exclude,ok
laya_typed,1,1,case_030,C07,exclude,ok
laya_typed,1,1,case_030,C08,include,ok
laya_typed,1,1,case_030,C09,include,ok
laya_typed,1,1,case_030,C10,include,ok
laya_typed,1,1,case_031,C01,include,ok
laya_typed,1,1,case_031,C02,include,ok
laya_typed,1,1,case_031,C03,include,ok
laya_typed,1,1,case_031,C04,include,ok
laya_typed,1,1,case_031,C05,include,ok
laya_typed,1,1,case_031,C06,include,ok
laya_typed,1,1,case_031,C07,include,ok
laya_typed,1,1,case_031,C08,include,ok
laya_typed,1,1,case_031,C09,include,ok
laya_typed,1,1,case_031,C10,include,ok
laya_typed,1,1,case_032,C01,include,ok
laya_typed,1,1,case_032,C02,include,ok
laya_typed,1,1,case_032,C03,include,ok
laya_typed,1,1,case_032,C04,exclude,ok
laya_typed,1,1,case_032,C05,include,ok
laya_typed,1,1,case_032,C06,include,ok
laya_typed,1,1,case_032,C07,exclude,ok
laya_typed,1,1,case_032,C08,include,ok
laya_typed,1,1,case_032,C09,include,ok
laya_typed,1,1,case_032,C10,include,ok
laya_typed,1,1,case_033,C01,include,ok
laya_typed,1,1,case_033,C02,include,ok
laya_typed,1,1,case_033,C03,include,ok
laya_typed,1,1,case_033,C04,exclude,ok
laya_typed,1,1,case_033,C05,exclude,ok
laya_typed,1,1,case_033,C06,exclude,ok
laya_typed,1,1,case_033,C07,exclude,ok
laya_typed,1,1,case_033,C08,exclude,ok
laya_typed,1,1,case_033,C09,exclude,ok
laya_typed,1,1,case_033,C10,exclude,ok
laya_typed,1,1,case_034,C01,include,ok
laya_typed,1,1,case_034,C02,include,ok
laya_typed,1,1,case_034,C03,include,ok
laya_typed,1,1,case_034,C04,exclude,ok
laya_typed,1,1,case_034,C05,include,ok
laya_typed,1,1,case_034,C06,include,ok
laya_typed,1,1,case_034,C07,include,ok
laya_typed,1,1,case_034,C08,exclude,ok
laya_typed,1,1,case_034,C09,include,ok
laya_typed,1,1,case_034,C10,include,ok
laya_typed,1,1,case_035,C01,include,ok
laya_typed,1,1,case_035,C02,include,ok
laya_typed,1,1,case_035,C03,include,ok
laya_typed,1,1,case_035,C04,include,ok
laya_typed,1,1,case_035,C05,include,ok
laya_typed,1,1,case_035,C06,exclude,ok
laya_typed,1,1,case_035,C07,include,ok
laya_typed,1,1,case_035,C08,include,ok
laya_typed,1,1,case_035,C09,include,ok
laya_typed,1,1,case_035,C10,include,ok
laya_typed,1,1,case_036,C01,exclude,ok
laya_typed,1,1,case_036,C02,exclude,ok
laya_typed,1,1,case_036,C03,include,ok
laya_typed,1,1,case_036,C04,exclude,ok
laya_typed,1,1,case_036,C05,exclude,ok
laya_typed,1,1,case_036,C06,exclude,ok
laya_typed,1,1,case_036,C07,exclude,ok
laya_typed,1,1,case_036,C08,exclude,ok
laya_typed,1,1,case_036,C09,include,ok
laya_typed,1,1,case_036,C10,exclude,ok
laya_typed,1,1,case_037,C01,exclude,ok
laya_typed,1,1,case_037,C02,include,ok
laya_typed,1,1,case_037,C03,include,ok
laya_typed,1,1,case_037,C04,exclude,ok
laya_typed,1,1,case_037,C05,exclude,ok
laya_typed,1,1,case_037,C06,include,ok
laya_typed,1,1,case_037,C07,include,ok
laya_typed,1,1,case_037,C08,exclude,ok
laya_typed,1,1,case_037,C09,include,ok
laya_typed,1,1,case_037,C10,exclude,ok
laya_typed,1,1,case_038,C01,include,ok
laya_typed,1,1,case_038,C02,include,ok
laya_typed,1,1,case_038,C03,include,ok
laya_typed,1,1,case_038,C04,include,ok
laya_typed,1,1,case_038,C05,include,ok
laya_typed,1,1,case_038,C06,include,ok
laya_typed,1,1,case_038,C07,include,ok
laya_typed,1,1,case_038,C08,include,ok
laya_typed,1,1,case_038,C09,include,ok
laya_typed,1,1,case_038,C10,include,ok
laya_typed,1,1,case_039,C01,include,ok
laya_typed,1,1,case_039,C02,include,ok
laya_typed,1,1,case_039,C03,exclude,ok
laya_typed,1,1,case_039,C04,exclude,ok
laya_typed,1,1,case_039,C05,include,ok
laya_typed,1,1,case_039,C06,exclude,ok
laya_typed,1,1,case_039,C07,exclude,ok
laya_typed,1,1,case_039,C08,exclude,ok
laya_typed,1,1,case_039,C09,exclude,ok
laya_typed,1,1,case_039,C10,exclude,ok
laya_typed,1,1,case_040,C01,include,ok
laya_typed,1,1,case_040,C02,include,ok
laya_typed,1,1,case_040,C03,include,ok
laya_typed,1,1,case_040,C04,include,ok
laya_typed,1,1,case_040,C05,include,ok
laya_typed,1,1,case_040,C06,include,ok
laya_typed,1,1,case_040,C07,include,ok
laya_typed,1,1,case_040,C08,include,ok
laya_typed,1,1,case_040,C09,include,ok
laya_typed,1,1,case_040,C10,include,ok
laya_typed,1,1,case_041,C01,include,ok
laya_typed,1,1,case_041,C02,include,ok
laya_typed,1,1,case_041,C03,include,ok
laya_typed,1,1,case_041,C04,include,ok
laya_typed,1,1,case_041,C05,include,ok
laya_typed,1,1,case_041,C06,include,ok
laya_typed,1,1,case_041,C07,include,ok
laya_typed,1,1,case_041,C08,include,ok
laya_typed,1,1,case_041,C09,include,ok
laya_typed,1,1,case_041,C10,include,ok
laya_typed,1,1,case_042,C01,include,ok
laya_typed,1,1,case_042,C02,exclude,ok
laya_typed,1,1,case_042,C03,include,ok
laya_typed,1,1,case_042,C04,exclude,ok
laya_typed,1,1,case_042,C05,include,ok
laya_typed,1,1,case_042,C06,exclude,ok
laya_typed,1,1,case_042,C07,include,ok
laya_typed,1,1,case_042,C08,exclude,ok
laya_typed,1,1,case_042,C09,include,ok
laya_typed,1,1,case_042,C10,include,ok
laya_typed,1,1,case_043,C01,include,ok
laya_typed,1,1,case_043,C02,include,ok
laya_typed,1,1,case_043,C03,include,ok
laya_typed,1,1,case_043,C04,exclude,ok
laya_typed,1,1,case_043,C05,include,ok
laya_typed,1,1,case_043,C06,exclude,ok
laya_typed,1,1,case_043,C07,exclude,ok
laya_typed,1,1,case_043,C08,include,ok
laya_typed,1,1,case_043,C09,exclude,ok
laya_typed,1,1,case_043,C10,include,ok
laya_typed,1,1,case_044,C01,include,ok
laya_typed,1,1,case_044,C02,include,ok
laya_typed,1,1,case_044,C03,include,ok
laya_typed,1,1,case_044,C04,include,ok
laya_typed,1,1,case_044,C05,include,ok
laya_typed,1,1,case_044,C06,include,ok
laya_typed,1,1,case_044,C07,include,ok
laya_typed,1,1,case_044,C08,include,ok
laya_typed,1,1,case_044,C09,exclude,ok
laya_typed,1,1,case_044,C10,exclude,ok
laya_typed,1,1,case_045,C01,include,ok
laya_typed,1,1,case_045,C02,include,ok
laya_typed,1,1,case_045,C03,include,ok
laya_typed,1,1,case_045,C04,include,ok
laya_typed,1,1,case_045,C05,include,ok
laya_typed,1,1,case_045,C06,include,ok
laya_typed,1,1,case_045,C07,include,ok
laya_typed,1,1,case_045,C08,exclude,ok
laya_typed,1,1,case_045,C09,include,ok
laya_typed,1,1,case_045,C10,include,ok
laya_typed,1,1,case_046,C01,include,ok
laya_typed,1,1,case_046,C02,include,ok
laya_typed,1,1,case_046,C03,include,ok
laya_typed,1,1,case_046,C04,include,ok
laya_typed,1,1,case_046,C05,include,ok
laya_typed,1,1,case_046,C06,include,ok
laya_typed,1,1,case_046,C07,include,ok
laya_typed,1,1,case_046,C08,include,ok
laya_typed,1,1,case_046,C09,include,ok
laya_typed,1,1,case_046,C10,include,ok
laya_typed,1,1,case_047,C01,include,ok
laya_typed,1,1,case_047,C02,include,ok
laya_typed,1,1,case_047,C03,include,ok
laya_typed,1,1,case_047,C04,exclude,ok
laya_typed,1,1,case_047,C05,exclude,ok
laya_typed,1,1,case_047,C06,include,ok
laya_typed,1,1,case_047,C07,exclude,ok
laya_typed,1,1,case_047,C08,include,ok
laya_typed,1,1,case_047,C09,exclude,ok
laya_typed,1,1,case_047,C10,exclude,ok
laya_typed,1,1,case_048,C01,include,ok
laya_typed,1,1,case_048,C02,include,ok
laya_typed,1,1,case_048,C03,exclude,ok
laya_typed,1,1,case_048,C04,include,ok
laya_typed,1,1,case_048,C05,include,ok
laya_typed,1,1,case_048,C06,include,ok
laya_typed,1,1,case_048,C07,include,ok
laya_typed,1,1,case_048,C08,include,ok
laya_typed,1,1,case_048,C09,include,ok
laya_typed,1,1,case_048,C10,include,ok
laya_typed,1,1,case_049,C01,include,ok
laya_typed,1,1,case_049,C02,include,ok
laya_typed,1,1,case_049,C03,exclude,ok
laya_typed,1,1,case_049,C04,include,ok
laya_typed,1,1,case_049,C05,include,ok
laya_typed,1,1,case_049,C06,include,ok
laya_typed,1,1,case_049,C07,include,ok
laya_typed,1,1,case_049,C08,include,ok
laya_typed,1,1,case_049,C09,include,ok
laya_typed,1,1,case_049,C10,exclude,ok
laya_typed,1,1,case_050,C01,exclude,ok
laya_typed,1,1,case_050,C02,include,ok
laya_typed,1,1,case_050,C03,include,ok
laya_typed,1,1,case_050,C04,include,ok
laya_typed,1,1,case_050,C05,include,ok
laya_typed,1,1,case_050,C06,include,ok
laya_typed,1,1,case_050,C07,include,ok
laya_typed,1,1,case_050,C08,include,ok
laya_typed,1,1,case_050,C09,exclude,ok
laya_typed,1,1,case_050,C10,include,ok
laya_typed,1,1,case_051,C01,exclude,ok
laya_typed,1,1,case_051,C02,exclude,ok
laya_typed,1,1,case_051,C03,include,ok
laya_typed,1,1,case_051,C04,exclude,ok
laya_typed,1,1,case_051,C05,exclude,ok
laya_typed,1,1,case_051,C06,exclude,ok
laya_typed,1,1,case_051,C07,exclude,ok
laya_typed,1,1,case_051,C08,exclude,ok
laya_typed,1,1,case_051,C09,exclude,ok
laya_typed,1,1,case_051,C10,exclude,ok
laya_typed,1,1,case_052,C01,include,ok
laya_typed,1,1,case_052,C02,exclude,ok
laya_typed,1,1,case_052,C03,exclude,ok
laya_typed,1,1,case_052,C04,exclude,ok
laya_typed,1,1,case_052,C05,include,ok
laya_typed,1,1,case_052,C06,include,ok
laya_typed,1,1,case_052,C07,include,ok
laya_typed,1,1,case_052,C08,include,ok
laya_typed,1,1,case_052,C09,include,ok
laya_typed,1,1,case_052,C10,exclude,ok
laya_typed,1,1,case_053,C01,exclude,ok
laya_typed,1,1,case_053,C02,exclude,ok
laya_typed,1,1,case_053,C03,exclude,ok
laya_typed,1,1,case_053,C04,exclude,ok
laya_typed,1,1,case_053,C05,exclude,ok
laya_typed,1,1,case_053,C06,exclude,ok
laya_typed,1,1,case_053,C07,include,ok
laya_typed,1,1,case_053,C08,exclude,ok
laya_typed,1,1,case_053,C09,exclude,ok
laya_typed,1,1,case_053,C10,exclude,ok
laya_typed,1,1,case_054,C01,include,ok
laya_typed,1,1,case_054,C02,exclude,ok
laya_typed,1,1,case_054,C03,include,ok
laya_typed,1,1,case_054,C04,include,ok
laya_typed,1,1,case_054,C05,include,ok
laya_typed,1,1,case_054,C06,exclude,ok
laya_typed,1,1,case_054,C07,include,ok
laya_typed,1,1,case_054,C08,exclude,ok
laya_typed,1,1,case_054,C09,include,ok
laya_typed,1,1,case_054,C10,include,ok
laya_typed,1,1,case_055,C01,include,ok
laya_typed,1,1,case_055,C02,include,ok
laya_typed,1,1,case_055,C03,include,ok
laya_typed,1,1,case_055,C04,include,ok
laya_typed,1,1,case_055,C05,include,ok
laya_typed,1,1,case_055,C06,include,ok
laya_typed,1,1,case_055,C07,include,ok
laya_typed,1,1,case_055,C08,include,ok
laya_typed,1,1,case_055,C09,include,ok
laya_typed,1,1,case_055,C10,include,ok
laya_typed,1,1,case_056,C01,include,ok
laya_typed,1,1,case_056,C02,include,ok
laya_typed,1,1,case_056,C03,include,ok
laya_typed,1,1,case_056,C04,include,ok
laya_typed,1,1,case_056,C05,include,ok
laya_typed,1,1,case_056,C06,include,ok
laya_typed,1,1,case_056,C07,include,ok
laya_typed,1,1,case_056,C08,include,ok
laya_typed,1,1,case_056,C09,include,ok
laya_typed,1,1,case_056,C10,include,ok
laya_typed,1,1,case_057,C01,exclude,ok
laya_typed,1,1,case_057,C02,exclude,ok
laya_typed,1,1,case_057,C03,include,ok
laya_typed,1,1,case_057,C04,include,ok
laya_typed,1,1,case_057,C05,exclude,ok
laya_typed,1,1,case_057,C06,include,ok
laya_typed,1,1,case_057,C07,include,ok
laya_typed,1,1,case_057,C08,exclude,ok
laya_typed,1,1,case_057,C09,exclude,ok
laya_typed,1,1,case_057,C10,exclude,ok
laya_typed,1,1,case_058,C01,include,ok
laya_typed,1,1,case_058,C02,exclude,ok
laya_typed,1,1,case_058,C03,include,ok
laya_typed,1,1,case_058,C04,include,ok
laya_typed,1,1,case_058,C05,exclude,ok
laya_typed,1,1,case_058,C06,exclude,ok
laya_typed,1,1,case_058,C07,include,ok
laya_typed,1,1,case_058,C08,include,ok
laya_typed,1,1,case_058,C09,include,ok
laya_typed,1,1,case_058,C10,include,ok
laya_typed,1,1,case_059,C01,exclude,ok
laya_typed,1,1,case_059,C02,include,ok
laya_typed,1,1,case_059,C03,include,ok
laya_typed,1,1,case_059,C04,include,ok
laya_typed,1,1,case_059,C05,exclude,ok
laya_typed,1,1,case_059,C06,exclude,ok
laya_typed,1,1,case_059,C07,include,ok
laya_typed,1,1,case_059,C08,include,ok
laya_typed,1,1,case_059,C09,include,ok
laya_typed,1,1,case_059,C10,exclude,ok
laya_typed,1,1,case_060,C01,include,ok
laya_typed,1,1,case_060,C02,include,ok
laya_typed,1,1,case_060,C03,include,ok
laya_typed,1,1,case_060,C04,exclude,ok
laya_typed,1,1,case_060,C05,exclude,ok
laya_typed,1,1,case_060,C06,exclude,ok
laya_typed,1,1,case_060,C07,exclude,ok
laya_typed,1,1,case_060,C08,exclude,ok
laya_typed,1,1,case_060,C09,include,ok
laya_typed,1,1,case_060,C10,exclude,ok
laya_typed,1,1,case_061,C01,include,ok
laya_typed,1,1,case_061,C02,include,ok
laya_typed,1,1,case_061,C03,exclude,ok
laya_typed,1,1,case_061,C04,include,ok
laya_typed,1,1,case_061,C05,exclude,ok
laya_typed,1,1,case_061,C06,include,ok
laya_typed,1,1,case_061,C07,exclude,ok
laya_typed,1,1,case_061,C08,exclude,ok
laya_typed,1,1,case_061,C09,exclude,ok
laya_typed,1,1,case_061,C10,include,ok
laya_typed,1,1,case_062,C01,include,ok
laya_typed,1,1,case_062,C02,exclude,ok
laya_typed,1,1,case_062,C03,exclude,ok
laya_typed,1,1,case_062,C04,exclude,ok
laya_typed,1,1,case_062,C05,exclude,ok
laya_typed,1,1,case_062,C06,exclude,ok
laya_typed,1,1,case_062,C07,include,ok
laya_typed,1,1,case_062,C08,exclude,ok
laya_typed,1,1,case_062,C09,exclude,ok
laya_typed,1,1,case_062,C10,exclude,ok
laya_typed,1,1,case_063,C01,include,ok
laya_typed,1,1,case_063,C02,include,ok
laya_typed,1,1,case_063,C03,include,ok
laya_typed,1,1,case_063,C04,include,ok
laya_typed,1,1,case_063,C05,include,ok
laya_typed,1,1,case_063,C06,include,ok
laya_typed,1,1,case_063,C07,include,ok
laya_typed,1,1,case_063,C08,include,ok
laya_typed,1,1,case_063,C09,include,ok
laya_typed,1,1,case_063,C10,include,ok
laya_typed,1,1,case_064,C01,include,ok
laya_typed,1,1,case_064,C02,exclude,ok
laya_typed,1,1,case_064,C03,exclude,ok
laya_typed,1,1,case_064,C04,include,ok
laya_typed,1,1,case_064,C05,exclude,ok
laya_typed,1,1,case_064,C06,include,ok
laya_typed,1,1,case_064,C07,exclude,ok
laya_typed,1,1,case_064,C08,include,ok
laya_typed,1,1,case_064,C09,exclude,ok
laya_typed,1,1,case_064,C10,exclude,ok
laya_typed,1,1,case_065,C01,include,ok
laya_typed,1,1,case_065,C02,include,ok
laya_typed,1,1,case_065,C03,include,ok
laya_typed,1,1,case_065,C04,include,ok
laya_typed,1,1,case_065,C05,include,ok
laya_typed,1,1,case_065,C06,include,ok
laya_typed,1,1,case_065,C07,include,ok
laya_typed,1,1,case_065,C08,include,ok
laya_typed,1,1,case_065,C09,include,ok
laya_typed,1,1,case_065,C10,include,ok
laya_typed,1,1,case_066,C01,include,ok
laya_typed,1,1,case_066,C02,include,ok
laya_typed,1,1,case_066,C03,include,ok
laya_typed,1,1,case_066,C04,exclude,ok
laya_typed,1,1,case_066,C05,include,ok
laya_typed,1,1,case_066,C06,exclude,ok
laya_typed,1,1,case_066,C07,include,ok
laya_typed,1,1,case_066,C08,exclude,ok
laya_typed,1,1,case_066,C09,exclude,ok
laya_typed,1,1,case_066,C10,exclude,ok
laya_typed,1,1,case_067,C01,exclude,ok
laya_typed,1,1,case_067,C02,include,ok
laya_typed,1,1,case_067,C03,include,ok
laya_typed,1,1,case_067,C04,include,ok
laya_typed,1,1,case_067,C05,exclude,ok
laya_typed,1,1,case_067,C06,include,ok
laya_typed,1,1,case_067,C07,include,ok
laya_typed,1,1,case_067,C08,include,ok
laya_typed,1,1,case_067,C09,include,ok
laya_typed,1,1,case_067,C10,exclude,ok
laya_typed,1,1,case_068,C01,include,ok
laya_typed,1,1,case_068,C02,include,ok
laya_typed,1,1,case_068,C03,exclude,ok
laya_typed,1,1,case_068,C04,include,ok
laya_typed,1,1,case_068,C05,include,ok
laya_typed,1,1,case_068,C06,include,ok
laya_typed,1,1,case_068,C07,include,ok
laya_typed,1,1,case_068,C08,include,ok
laya_typed,1,1,case_068,C09,include,ok
laya_typed,1,1,case_068,C10,include,ok
laya_typed,1,1,case_069,C01,include,ok
laya_typed,1,1,case_069,C02,include,ok
laya_typed,1,1,case_069,C03,include,ok
laya_typed,1,1,case_069,C04,include,ok
laya_typed,1,1,case_069,C05,include,ok
laya_typed,1,1,case_069,C06,include,ok
laya_typed,1,1,case_069,C07,include,ok
laya_typed,1,1,case_069,C08,include,ok
laya_typed,1,1,case_069,C09,exclude,ok
laya_typed,1,1,case_069,C10,include,ok
laya_typed,1,1,case_070,C01,include,ok
laya_typed,1,1,case_070,C02,exclude,ok
laya_typed,1,1,case_070,C03,exclude,ok
laya_typed,1,1,case_070,C04,include,ok
laya_typed,1,1,case_070,C05,include,ok
laya_typed,1,1,case_070,C06,include,ok
laya_typed,1,1,case_070,C07,include,ok
laya_typed,1,1,case_070,C08,include,ok
laya_typed,1,1,case_070,C09,include,ok
laya_typed,1,1,case_070,C10,include,ok
laya_typed,1,1,case_071,C01,exclude,ok
laya_typed,1,1,case_071,C02,include,ok
laya_typed,1,1,case_071,C03,include,ok
laya_typed,1,1,case_071,C04,include,ok
laya_typed,1,1,case_071,C05,include,ok
laya_typed,1,1,case_071,C06,include,ok
laya_typed,1,1,case_071,C07,exclude,ok
laya_typed,1,1,case_071,C08,include,ok
laya_typed,1,1,case_071,C09,exclude,ok
laya_typed,1,1,case_071,C10,include,ok
laya_typed,1,1,case_072,C01,include,ok
laya_typed,1,1,case_072,C02,include,ok
laya_typed,1,1,case_072,C03,include,ok
laya_typed,1,1,case_072,C04,include,ok
laya_typed,1,1,case_072,C05,include,ok
laya_typed,1,1,case_072,C06,include,ok
laya_typed,1,1,case_072,C07,include,ok
laya_typed,1,1,case_072,C08,include,ok
laya_typed,1,1,case_072,C09,include,ok
laya_typed,1,1,case_072,C10,exclude,ok
laya_typed,1,1,case_073,C01,exclude,ok
laya_typed,1,1,case_073,C02,include,ok
laya_typed,1,1,case_073,C03,include,ok
laya_typed,1,1,case_073,C04,exclude,ok
laya_typed,1,1,case_073,C05,include,ok
laya_typed,1,1,case_073,C06,include,ok
laya_typed,1,1,case_073,C07,include,ok
laya_typed,1,1,case_073,C08,include,ok
laya_typed,1,1,case_073,C09,include,ok
laya_typed,1,1,case_073,C10,include,ok
laya_typed,1,1,case_074,C01,include,ok
laya_typed,1,1,case_074,C02,include,ok
laya_typed,1,1,case_074,C03,include,ok
laya_typed,1,1,case_074,C04,include,ok
laya_typed,1,1,case_074,C05,include,ok
laya_typed,1,1,case_074,C06,exclude,ok
laya_typed,1,1,case_074,C07,include,ok
laya_typed,1,1,case_074,C08,include,ok
laya_typed,1,1,case_074,C09,include,ok
laya_typed,1,1,case_074,C10,include,ok
laya_typed,1,1,case_075,C01,include,ok
laya_typed,1,1,case_075,C02,exclude,ok
laya_typed,1,1,case_075,C03,exclude,ok
laya_typed,1,1,case_075,C04,exclude,ok
laya_typed,1,1,case_075,C05,exclude,ok
laya_typed,1,1,case_075,C06,exclude,ok
laya_typed,1,1,case_075,C07,exclude,ok
laya_typed,1,1,case_075,C08,exclude,ok
laya_typed,1,1,case_075,C09,exclude,ok
laya_typed,1,1,case_075,C10,exclude,ok
laya_typed,1,1,case_076,C01,include,ok
laya_typed,1,1,case_076,C02,include,ok
laya_typed,1,1,case_076,C03,include,ok
laya_typed,1,1,case_076,C04,include,ok
laya_typed,1,1,case_076,C05,include,ok
laya_typed,1,1,case_076,C06,exclude,ok
laya_typed,1,1,case_076,C07,include,ok
laya_typed,1,1,case_076,C08,include,ok
laya_typed,1,1,case_076,C09,include,ok
laya_typed,1,1,case_076,C10,include,ok
laya_typed,1,1,case_077,C01,include,ok
laya_typed,1,1,case_077,C02,exclude,ok
laya_typed,1,1,case_077,C03,include,ok
laya_typed,1,1,case_077,C04,include,ok
laya_typed,1,1,case_077,C05,include,ok
laya_typed,1,1,case_077,C06,include,ok
laya_typed,1,1,case_077,C07,exclude,ok
laya_typed,1,1,case_077,C08,include,ok
laya_typed,1,1,case_077,C09,include,ok
laya_typed,1,1,case_077,C10,include,ok
laya_typed,1,1,case_078,C01,include,ok
laya_typed,1,1,case_078,C02,include,ok
laya_typed,1,1,case_078,C03,include,ok
laya_typed,1,1,case_078,C04,include,ok
laya_typed,1,1,case_078,C05,exclude,ok
laya_typed,1,1,case_078,C06,include,ok
laya_typed,1,1,case_078,C07,include,ok
laya_typed,1,1,case_078,C08,include,ok
laya_typed,1,1,case_078,C09,exclude,ok
laya_typed,1,1,case_078,C10,include,ok
laya_typed,1,1,case_079,C01,exclude,ok
laya_typed,1,1,case_079,C02,include,ok
laya_typed,1,1,case_079,C03,include,ok
laya_typed,1,1,case_079,C04,exclude,ok
laya_typed,1,1,case_079,C05,exclude,ok
laya_typed,1,1,case_079,C06,exclude,ok
laya_typed,1,1,case_079,C07,exclude,ok
laya_typed,1,1,case_079,C08,include,ok
laya_typed,1,1,case_079,C09,include,ok
laya_typed,1,1,case_079,C10,include,ok
laya_typed,1,1,case_080,C01,exclude,ok
laya_typed,1,1,case_080,C02,include,ok
laya_typed,1,1,case_080,C03,include,ok
laya_typed,1,1,case_080,C04,include,ok
laya_typed,1,1,case_080,C05,include,ok
laya_typed,1,1,case_080,C06,include,ok
laya_typed,1,1,case_080,C07,include,ok
laya_typed,1,1,case_080,C08,include,ok
laya_typed,1,1,case_080,C09,exclude,ok
laya_typed,1,1,case_080,C10,exclude,ok
laya_typed,1,1,case_081,C01,include,ok
laya_typed,1,1,case_081,C02,include,ok
laya_typed,1,1,case_081,C03,exclude,ok
laya_typed,1,1,case_081,C04,include,ok
laya_typed,1,1,case_081,C05,include,ok
laya_typed,1,1,case_081,C06,include,ok
laya_typed,1,1,case_081,C07,exclude,ok
laya_typed,1,1,case_081,C08,exclude,ok
laya_typed,1,1,case_081,C09,include,ok
laya_typed,1,1,case_081,C10,include,ok
laya_typed,1,1,case_082,C01,include,ok
laya_typed,1,1,case_082,C02,include,ok
laya_typed,1,1,case_082,C03,include,ok
laya_typed,1,1,case_082,C04,include,ok
laya_typed,1,1,case_082,C05,include,ok
laya_typed,1,1,case_082,C06,include,ok
laya_typed,1,1,case_082,C07,include,ok
laya_typed,1,1,case_082,C08,include,ok
laya_typed,1,1,case_082,C09,include,ok
laya_typed,1,1,case_082,C10,include,ok
laya_typed,1,1,case_083,C01,exclude,ok
laya_typed,1,1,case_083,C02,exclude,ok
laya_typed,1,1,case_083,C03,exclude,ok
laya_typed,1,1,case_083,C04,exclude,ok
laya_typed,1,1,case_083,C05,exclude,ok
laya_typed,1,1,case_083,C06,exclude,ok
laya_typed,1,1,case_083,C07,exclude,ok
laya_typed,1,1,case_083,C08,include,ok
laya_typed,1,1,case_083,C09,exclude,ok
laya_typed,1,1,case_083,C10,exclude,ok
laya_typed,1,1,case_084,C01,include,ok
laya_typed,1,1,case_084,C02,include,ok
laya_typed,1,1,case_084,C03,include,ok
laya_typed,1,1,case_084,C04,include,ok
laya_typed,1,1,case_084,C05,include,ok
laya_typed,1,1,case_084,C06,exclude,ok
laya_typed,1,1,case_084,C07,include,ok
laya_typed,1,1,case_084,C08,include,ok
laya_typed,1,1,case_084,C09,exclude,ok
laya_typed,1,1,case_084,C10,include,ok
laya_typed,1,1,case_085,C01,include,ok
laya_typed,1,1,case_085,C02,include,ok
laya_typed,1,1,case_085,C03,include,ok
laya_typed,1,1,case_085,C04,exclude,ok
laya_typed,1,1,case_085,C05,exclude,ok
laya_typed,1,1,case_085,C06,exclude,ok
laya_typed,1,1,case_085,C07,include,ok
laya_typed,1,1,case_085,C08,include,ok
laya_typed,1,1,case_085,C09,include,ok
laya_typed,1,1,case_085,C10,include,ok
laya_typed,1,1,case_086,C01,include,ok
laya_typed,1,1,case_086,C02,include,ok
laya_typed,1,1,case_086,C03,include,ok
laya_typed,1,1,case_086,C04,exclude,ok
laya_typed,1,1,case_086,C05,include,ok
laya_typed,1,1,case_086,C06,include,ok
laya_typed,1,1,case_086,C07,include,ok
laya_typed,1,1,case_086,C08,include,ok
laya_typed,1,1,case_086,C09,include,ok
laya_typed,1,1,case_086,C10,include,ok
laya_typed,1,1,case_087,C01,include,ok
laya_typed,1,1,case_087,C02,include,ok
laya_typed,1,1,case_087,C03,include,ok
laya_typed,1,1,case_087,C04,exclude,ok
laya_typed,1,1,case_087,C05,include,ok
laya_typed,1,1,case_087,C06,include,ok
laya_typed,1,1,case_087,C07,include,ok
laya_typed,1,1,case_087,C08,include,ok
laya_typed,1,1,case_087,C09,include,ok
laya_typed,1,1,case_087,C10,include,ok
laya_typed,1,1,case_088,C01,include,ok
laya_typed,1,1,case_088,C02,include,ok
laya_typed,1,1,case_088,C03,include,ok
laya_typed,1,1,case_088,C04,exclude,ok
laya_typed,1,1,case_088,C05,include,ok
laya_typed,1,1,case_088,C06,include,ok
laya_typed,1,1,case_088,C07,include,ok
laya_typed,1,1,case_088,C08,include,ok
laya_typed,1,1,case_088,C09,include,ok
laya_typed,1,1,case_088,C10,include,ok
laya_typed,1,1,case_089,C01,include,ok
laya_typed,1,1,case_089,C02,include,ok
laya_typed,1,1,case_089,C03,exclude,ok
laya_typed,1,1,case_089,C04,include,ok
laya_typed,1,1,case_089,C05,include,ok
laya_typed,1,1,case_089,C06,include,ok
laya_typed,1,1,case_089,C07,include,ok
laya_typed,1,1,case_089,C08,include,ok
laya_typed,1,1,case_089,C09,include,ok
laya_typed,1,1,case_089,C10,include,ok
laya_typed,1,1,case_090,C01,include,ok
laya_typed,1,1,case_090,C02,exclude,ok
laya_typed,1,1,case_090,C03,exclude,ok
laya_typed,1,1,case_090,C04,exclude,ok
laya_typed,1,1,case_090,C05,exclude,ok
laya_typed,1,1,case_090,C06,include,ok
laya_typed,1,1,case_090,C07,exclude,ok
laya_typed,1,1,case_090,C08,exclude,ok
laya_typed,1,1,case_090,C09,exclude,ok
laya_typed,1,1,case_090,C10,exclude,ok
laya_typed,1,1,case_091,C01,include,ok
laya_typed,1,1,case_091,C02,include,ok
laya_typed,1,1,case_091,C03,exclude,ok
laya_typed,1,1,case_091,C04,include,ok
laya_typed,1,1,case_091,C05,exclude,ok
laya_typed,1,1,case_091,C06,exclude,ok
laya_typed,1,1,case_091,C07,exclude,ok
laya_typed,1,1,case_091,C08,include,ok
laya_typed,1,1,case_091,C09,include,ok
laya_typed,1,1,case_091,C10,exclude,ok
laya_typed,1,1,case_092,C01,include,ok
laya_typed,1,1,case_092,C02,include,ok
laya_typed,1,1,case_092,C03,exclude,ok
laya_typed,1,1,case_092,C04,exclude,ok
laya_typed,1,1,case_092,C05,exclude,ok
laya_typed,1,1,case_092,C06,include,ok
laya_typed,1,1,case_092,C07,include,ok
laya_typed,1,1,case_092,C08,include,ok
laya_typed,1,1,case_092,C09,exclude,ok
laya_typed,1,1,case_092,C10,exclude,ok
laya_typed,1,1,case_093,C01,include,ok
laya_typed,1,1,case_093,C02,include,ok
laya_typed,1,1,case_093,C03,include,ok
laya_typed,1,1,case_093,C04,include,ok
laya_typed,1,1,case_093,C05,include,ok
laya_typed,1,1,case_093,C06,exclude,ok
laya_typed,1,1,case_093,C07,include,ok
laya_typed,1,1,case_093,C08,include,ok
laya_typed,1,1,case_093,C09,exclude,ok
laya_typed,1,1,case_093,C10,exclude,ok
laya_typed,1,1,case_094,C01,include,ok
laya_typed,1,1,case_094,C02,include,ok
laya_typed,1,1,case_094,C03,include,ok
laya_typed,1,1,case_094,C04,exclude,ok
laya_typed,1,1,case_094,C05,include,ok
laya_typed,1,1,case_094,C06,include,ok
laya_typed,1,1,case_094,C07,include,ok
laya_typed,1,1,case_094,C08,include,ok
laya_typed,1,1,case_094,C09,include,ok
laya_typed,1,1,case_094,C10,include,ok
laya_typed,1,1,case_095,C01,exclude,ok
laya_typed,1,1,case_095,C02,include,ok
laya_typed,1,1,case_095,C03,include,ok
laya_typed,1,1,case_095,C04,include,ok
laya_typed,1,1,case_095,C05,include,ok
laya_typed,1,1,case_095,C06,exclude,ok
laya_typed,1,1,case_095,C07,include,ok
laya_typed,1,1,case_095,C08,exclude,ok
laya_typed,1,1,case_095,C09,exclude,ok
laya_typed,1,1,case_095,C10,exclude,ok
laya_typed,1,1,case_096,C01,include,ok
laya_typed,1,1,case_096,C02,include,ok
laya_typed,1,1,case_096,C03,include,ok
laya_typed,1,1,case_096,C04,include,ok
laya_typed,1,1,case_096,C05,include,ok
laya_typed,1,1,case_096,C06,include,ok
laya_typed,1,1,case_096,C07,include,ok
laya_typed,1,1,case_096,C08,include,ok
laya_typed,1,1,case_096,C09,include,ok
laya_typed,1,1,case_096,C10,include,ok
laya_typed,1,1,case_097,C01,include,ok
laya_typed,1,1,case_097,C02,include,ok
laya_typed,1,1,case_097,C03,include,ok
laya_typed,1,1,case_097,C04,include,ok
laya_typed,1,1,case_097,C05,include,ok
laya_typed,1,1,case_097,C06,include,ok
laya_typed,1,1,case_097,C07,include,ok
laya_typed,1,1,case_097,C08,include,ok
laya_typed,1,1,case_097,C09,include,ok
laya_typed,1,1,case_097,C10,include,ok
laya_typed,1,1,case_098,C01,include,ok
laya_typed,1,1,case_098,C02,include,ok
laya_typed,1,1,case_098,C03,include,ok
laya_typed,1,1,case_098,C04,include,ok
laya_typed,1,1,case_098,C05,include,ok
laya_typed,1,1,case_098,C06,exclude,ok
laya_typed,1,1,case_098,C07,exclude,ok
laya_typed,1,1,case_098,C08,exclude,ok
laya_typed,1,1,case_098,C09,include,ok
laya_typed,1,1,case_098,C10,include,ok
laya_typed,1,1,case_099,C01,include,ok
laya_typed,1,1,case_099,C02,include,ok
laya_typed,1,1,case_099,C03,include,ok
laya_typed,1,1,case_099,C04,include,ok
laya_typed,1,1,case_099,C05,include,ok
laya_typed,1,1,case_099,C06,include,ok
laya_typed,1,1,case_099,C07,include,ok
laya_typed,1,1,case_099,C08,include,ok
laya_typed,1,1,case_099,C09,exclude,ok
laya_typed,1,1,case_099,C10,include,ok
laya_typed,1,1,case_100,C01,include,ok
laya_typed,1,1,case_100,C02,exclude,ok
laya_typed,1,1,case_100,C03,exclude,ok
laya_typed,1,1,case_100,C04,exclude,ok
laya_typed,1,1,case_100,C05,exclude,ok
laya_typed,1,1,case_100,C06,exclude,ok
laya_typed,1,1,case_100,C07,include,ok
laya_typed,1,1,case_100,C08,exclude,ok
laya_typed,1,1,case_100,C09,exclude,ok
laya_typed,1,1,case_100,C10,exclude,ok
laya_typed,2,2,case_001,C01,include,ok
laya_typed,2,2,case_001,C02,include,ok
laya_typed,2,2,case_001,C03,include,ok
laya_typed,2,2,case_001,C04,include,ok
laya_typed,2,2,case_001,C05,include,ok
laya_typed,2,2,case_001,C06,include,ok
laya_typed,2,2,case_001,C07,include,ok
laya_typed,2,2,case_001,C08,exclude,ok
laya_typed,2,2,case_001,C09,exclude,ok
laya_typed,2,2,case_001,C10,include,ok
laya_typed,2,2,case_002,C01,include,ok
laya_typed,2,2,case_002,C02,include,ok
laya_typed,2,2,case_002,C03,include,ok
laya_typed,2,2,case_002,C04,include,ok
laya_typed,2,2,case_002,C05,include,ok
laya_typed,2,2,case_002,C06,include,ok
laya_typed,2,2,case_002,C07,include,ok
laya_typed,2,2,case_002,C08,include,ok
laya_typed,2,2,case_002,C09,include,ok
laya_typed,2,2,case_002,C10,include,ok
laya_typed,2,2,case_003,C01,include,ok
laya_typed,2,2,case_003,C02,include,ok
laya_typed,2,2,case_003,C03,include,ok
laya_typed,2,2,case_003,C04,include,ok
laya_typed,2,2,case_003,C05,include,ok
laya_typed,2,2,case_003,C06,include,ok
laya_typed,2,2,case_003,C07,include,ok
laya_typed,2,2,case_003,C08,include,ok
laya_typed,2,2,case_003,C09,include,ok
laya_typed,2,2,case_003,C10,include,ok
laya_typed,2,2,case_004,C01,include,ok
laya_typed,2,2,case_004,C02,include,ok
laya_typed,2,2,case_004,C03,exclude,ok
laya_typed,2,2,case_004,C04,exclude,ok
laya_typed,2,2,case_004,C05,include,ok
laya_typed,2,2,case_004,C06,exclude,ok
laya_typed,2,2,case_004,C07,include,ok
laya_typed,2,2,case_004,C08,exclude,ok
laya_typed,2,2,case_004,C09,exclude,ok
laya_typed,2,2,case_004,C10,exclude,ok
laya_typed,2,2,case_005,C01,include,ok
laya_typed,2,2,case_005,C02,include,ok
laya_typed,2,2,case_005,C03,include,ok
laya_typed,2,2,case_005,C04,include,ok
laya_typed,2,2,case_005,C05,include,ok
laya_typed,2,2,case_005,C06,include,ok
laya_typed,2,2,case_005,C07,include,ok
laya_typed,2,2,case_005,C08,include,ok
laya_typed,2,2,case_005,C09,include,ok
laya_typed,2,2,case_005,C10,include,ok
laya_typed,2,2,case_006,C01,include,ok
laya_typed,2,2,case_006,C02,include,ok
laya_typed,2,2,case_006,C03,include,ok
laya_typed,2,2,case_006,C04,exclude,ok
laya_typed,2,2,case_006,C05,exclude,ok
laya_typed,2,2,case_006,C06,include,ok
laya_typed,2,2,case_006,C07,exclude,ok
laya_typed,2,2,case_006,C08,exclude,ok
laya_typed,2,2,case_006,C09,include,ok
laya_typed,2,2,case_006,C10,include,ok
laya_typed,2,2,case_007,C01,include,ok
laya_typed,2,2,case_007,C02,exclude,ok
laya_typed,2,2,case_007,C03,include,ok
laya_typed,2,2,case_007,C04,exclude,ok
laya_typed,2,2,case_007,C05,include,ok
laya_typed,2,2,case_007,C06,include,ok
laya_typed,2,2,case_007,C07,include,ok
laya_typed,2,2,case_007,C08,exclude,ok
laya_typed,2,2,case_007,C09,include,ok
laya_typed,2,2,case_007,C10,include,ok
laya_typed,2,2,case_008,C01,exclude,ok
laya_typed,2,2,case_008,C02,include,ok
laya_typed,2,2,case_008,C03,include,ok
laya_typed,2,2,case_008,C04,include,ok
laya_typed,2,2,case_008,C05,include,ok
laya_typed,2,2,case_008,C06,include,ok
laya_typed,2,2,case_008,C07,include,ok
laya_typed,2,2,case_008,C08,include,ok
laya_typed,2,2,case_008,C09,include,ok
laya_typed,2,2,case_008,C10,include,ok
laya_typed,2,2,case_009,C01,exclude,ok
laya_typed,2,2,case_009,C02,include,ok
laya_typed,2,2,case_009,C03,include,ok
laya_typed,2,2,case_009,C04,include,ok
laya_typed,2,2,case_009,C05,include,ok
laya_typed,2,2,case_009,C06,include,ok
laya_typed,2,2,case_009,C07,include,ok
laya_typed,2,2,case_009,C08,include,ok
laya_typed,2,2,case_009,C09,include,ok
laya_typed,2,2,case_009,C10,include,ok
laya_typed,2,2,case_010,C01,exclude,ok
laya_typed,2,2,case_010,C02,include,ok
laya_typed,2,2,case_010,C03,include,ok
laya_typed,2,2,case_010,C04,exclude,ok
laya_typed,2,2,case_010,C05,include,ok
laya_typed,2,2,case_010,C06,include,ok
laya_typed,2,2,case_010,C07,exclude,ok
laya_typed,2,2,case_010,C08,exclude,ok
laya_typed,2,2,case_010,C09,include,ok
laya_typed,2,2,case_010,C10,include,ok
laya_typed,2,2,case_011,C01,include,ok
laya_typed,2,2,case_011,C02,exclude,ok
laya_typed,2,2,case_011,C03,exclude,ok
laya_typed,2,2,case_011,C04,exclude,ok
laya_typed,2,2,case_011,C05,include,ok
laya_typed,2,2,case_011,C06,include,ok
laya_typed,2,2,case_011,C07,include,ok
laya_typed,2,2,case_011,C08,include,ok
laya_typed,2,2,case_011,C09,exclude,ok
laya_typed,2,2,case_011,C10,include,ok
laya_typed,2,2,case_012,C01,include,ok
laya_typed,2,2,case_012,C02,include,ok
laya_typed,2,2,case_012,C03,exclude,ok
laya_typed,2,2,case_012,C04,include,ok
laya_typed,2,2,case_012,C05,include,ok
laya_typed,2,2,case_012,C06,include,ok
laya_typed,2,2,case_012,C07,include,ok
laya_typed,2,2,case_012,C08,include,ok
laya_typed,2,2,case_012,C09,include,ok
laya_typed,2,2,case_012,C10,exclude,ok
laya_typed,2,2,case_013,C01,include,ok
laya_typed,2,2,case_013,C02,exclude,ok
laya_typed,2,2,case_013,C03,include,ok
laya_typed,2,2,case_013,C04,include,ok
laya_typed,2,2,case_013,C05,include,ok
laya_typed,2,2,case_013,C06,include,ok
laya_typed,2,2,case_013,C07,include,ok
laya_typed,2,2,case_013,C08,exclude,ok
laya_typed,2,2,case_013,C09,include,ok
laya_typed,2,2,case_013,C10,include,ok
laya_typed,2,2,case_014,C01,include,ok
laya_typed,2,2,case_014,C02,exclude,ok
laya_typed,2,2,case_014,C03,exclude,ok
laya_typed,2,2,case_014,C04,include,ok
laya_typed,2,2,case_014,C05,include,ok
laya_typed,2,2,case_014,C06,include,ok
laya_typed,2,2,case_014,C07,exclude,ok
laya_typed,2,2,case_014,C08,include,ok
laya_typed,2,2,case_014,C09,exclude,ok
laya_typed,2,2,case_014,C10,include,ok
laya_typed,2,2,case_015,C01,include,ok
laya_typed,2,2,case_015,C02,include,ok
laya_typed,2,2,case_015,C03,include,ok
laya_typed,2,2,case_015,C04,include,ok
laya_typed,2,2,case_015,C05,include,ok
laya_typed,2,2,case_015,C06,include,ok
laya_typed,2,2,case_015,C07,include,ok
laya_typed,2,2,case_015,C08,include,ok
laya_typed,2,2,case_015,C09,include,ok
laya_typed,2,2,case_015,C10,include,ok
laya_typed,2,2,case_016,C01,include,ok
laya_typed,2,2,case_016,C02,include,ok
laya_typed,2,2,case_016,C03,include,ok
laya_typed,2,2,case_016,C04,include,ok
laya_typed,2,2,case_016,C05,include,ok
laya_typed,2,2,case_016,C06,include,ok
laya_typed,2,2,case_016,C07,include,ok
laya_typed,2,2,case_016,C08,include,ok
laya_typed,2,2,case_016,C09,include,ok
laya_typed,2,2,case_016,C10,include,ok
laya_typed,2,2,case_017,C01,include,ok
laya_typed,2,2,case_017,C02,include,ok
laya_typed,2,2,case_017,C03,include,ok
laya_typed,2,2,case_017,C04,include,ok
laya_typed,2,2,case_017,C05,include,ok
laya_typed,2,2,case_017,C06,include,ok
laya_typed,2,2,case_017,C07,include,ok
laya_typed,2,2,case_017,C08,include,ok
laya_typed,2,2,case_017,C09,include,ok
laya_typed,2,2,case_017,C10,include,ok
laya_typed,2,2,case_018,C01,include,ok
laya_typed,2,2,case_018,C02,exclude,ok
laya_typed,2,2,case_018,C03,exclude,ok
laya_typed,2,2,case_018,C04,include,ok
laya_typed,2,2,case_018,C05,include,ok
laya_typed,2,2,case_018,C06,exclude,ok
laya_typed,2,2,case_018,C07,include,ok
laya_typed,2,2,case_018,C08,include,ok
laya_typed,2,2,case_018,C09,exclude,ok
laya_typed,2,2,case_018,C10,exclude,ok
laya_typed,2,2,case_019,C01,include,ok
laya_typed,2,2,case_019,C02,exclude,ok
laya_typed,2,2,case_019,C03,exclude,ok
laya_typed,2,2,case_019,C04,exclude,ok
laya_typed,2,2,case_019,C05,exclude,ok
laya_typed,2,2,case_019,C06,exclude,ok
laya_typed,2,2,case_019,C07,exclude,ok
laya_typed,2,2,case_019,C08,include,ok
laya_typed,2,2,case_019,C09,include,ok
laya_typed,2,2,case_019,C10,exclude,ok
laya_typed,2,2,case_020,C01,exclude,ok
laya_typed,2,2,case_020,C02,exclude,ok
laya_typed,2,2,case_020,C03,exclude,ok
laya_typed,2,2,case_020,C04,include,ok
laya_typed,2,2,case_020,C05,exclude,ok
laya_typed,2,2,case_020,C06,exclude,ok
laya_typed,2,2,case_020,C07,include,ok
laya_typed,2,2,case_020,C08,include,ok
laya_typed,2,2,case_020,C09,include,ok
laya_typed,2,2,case_020,C10,include,ok
laya_typed,2,2,case_021,C01,include,ok
laya_typed,2,2,case_021,C02,exclude,ok
laya_typed,2,2,case_021,C03,include,ok
laya_typed,2,2,case_021,C04,include,ok
laya_typed,2,2,case_021,C05,exclude,ok
laya_typed,2,2,case_021,C06,include,ok
laya_typed,2,2,case_021,C07,include,ok
laya_typed,2,2,case_021,C08,include,ok
laya_typed,2,2,case_021,C09,include,ok
laya_typed,2,2,case_021,C10,include,ok
laya_typed,2,2,case_022,C01,include,ok
laya_typed,2,2,case_022,C02,include,ok
laya_typed,2,2,case_022,C03,exclude,ok
laya_typed,2,2,case_022,C04,include,ok
laya_typed,2,2,case_022,C05,include,ok
laya_typed,2,2,case_022,C06,include,ok
laya_typed,2,2,case_022,C07,include,ok
laya_typed,2,2,case_022,C08,include,ok
laya_typed,2,2,case_022,C09,exclude,ok
laya_typed,2,2,case_022,C10,include,ok
laya_typed,2,2,case_023,C01,include,ok
laya_typed,2,2,case_023,C02,include,ok
laya_typed,2,2,case_023,C03,include,ok
laya_typed,2,2,case_023,C04,include,ok
laya_typed,2,2,case_023,C05,include,ok
laya_typed,2,2,case_023,C06,include,ok
laya_typed,2,2,case_023,C07,exclude,ok
laya_typed,2,2,case_023,C08,include,ok
laya_typed,2,2,case_023,C09,include,ok
laya_typed,2,2,case_023,C10,include,ok
laya_typed,2,2,case_024,C01,include,ok
laya_typed,2,2,case_024,C02,include,ok
laya_typed,2,2,case_024,C03,exclude,ok
laya_typed,2,2,case_024,C04,exclude,ok
laya_typed,2,2,case_024,C05,exclude,ok
laya_typed,2,2,case_024,C06,include,ok
laya_typed,2,2,case_024,C07,include,ok
laya_typed,2,2,case_024,C08,include,ok
laya_typed,2,2,case_024,C09,include,ok
laya_typed,2,2,case_024,C10,include,ok
laya_typed,2,2,case_025,C01,include,ok
laya_typed,2,2,case_025,C02,include,ok
laya_typed,2,2,case_025,C03,include,ok
laya_typed,2,2,case_025,C04,include,ok
laya_typed,2,2,case_025,C05,include,ok
laya_typed,2,2,case_025,C06,include,ok
laya_typed,2,2,case_025,C07,include,ok
laya_typed,2,2,case_025,C08,include,ok
laya_typed,2,2,case_025,C09,include,ok
laya_typed,2,2,case_025,C10,include,ok
laya_typed,2,2,case_026,C01,include,ok
laya_typed,2,2,case_026,C02,exclude,ok
laya_typed,2,2,case_026,C03,include,ok
laya_typed,2,2,case_026,C04,include,ok
laya_typed,2,2,case_026,C05,include,ok
laya_typed,2,2,case_026,C06,exclude,ok
laya_typed,2,2,case_026,C07,include,ok
laya_typed,2,2,case_026,C08,include,ok
laya_typed,2,2,case_026,C09,include,ok
laya_typed,2,2,case_026,C10,include,ok
laya_typed,2,2,case_027,C01,include,ok
laya_typed,2,2,case_027,C02,exclude,ok
laya_typed,2,2,case_027,C03,include,ok
laya_typed,2,2,case_027,C04,include,ok
laya_typed,2,2,case_027,C05,exclude,ok
laya_typed,2,2,case_027,C06,include,ok
laya_typed,2,2,case_027,C07,include,ok
laya_typed,2,2,case_027,C08,include,ok
laya_typed,2,2,case_027,C09,exclude,ok
laya_typed,2,2,case_027,C10,include,ok
laya_typed,2,2,case_028,C01,include,ok
laya_typed,2,2,case_028,C02,include,ok
laya_typed,2,2,case_028,C03,exclude,ok
laya_typed,2,2,case_028,C04,include,ok
laya_typed,2,2,case_028,C05,include,ok
laya_typed,2,2,case_028,C06,include,ok
laya_typed,2,2,case_028,C07,include,ok
laya_typed,2,2,case_028,C08,include,ok
laya_typed,2,2,case_028,C09,include,ok
laya_typed,2,2,case_028,C10,include,ok
laya_typed,2,2,case_029,C01,include,ok
laya_typed,2,2,case_029,C02,include,ok
laya_typed,2,2,case_029,C03,include,ok
laya_typed,2,2,case_029,C04,include,ok
laya_typed,2,2,case_029,C05,include,ok
laya_typed,2,2,case_029,C06,include,ok
laya_typed,2,2,case_029,C07,include,ok
laya_typed,2,2,case_029,C08,include,ok
laya_typed,2,2,case_029,C09,include,ok
laya_typed,2,2,case_029,C10,include,ok
laya_typed,2,2,case_030,C01,include,ok
laya_typed,2,2,case_030,C02,include,ok
laya_typed,2,2,case_030,C03,exclude,ok
laya_typed,2,2,case_030,C04,exclude,ok
laya_typed,2,2,case_030,C05,include,ok
laya_typed,2,2,case_030,C06,exclude,ok
laya_typed,2,2,case_030,C07,exclude,ok
laya_typed,2,2,case_030,C08,include,ok
laya_typed,2,2,case_030,C09,include,ok
laya_typed,2,2,case_030,C10,include,ok
laya_typed,2,2,case_031,C01,include,ok
laya_typed,2,2,case_031,C02,include,ok
laya_typed,2,2,case_031,C03,include,ok
laya_typed,2,2,case_031,C04,include,ok
laya_typed,2,2,case_031,C05,include,ok
laya_typed,2,2,case_031,C06,include,ok
laya_typed,2,2,case_031,C07,include,ok
laya_typed,2,2,case_031,C08,include,ok
laya_typed,2,2,case_031,C09,include,ok
laya_typed,2,2,case_031,C10,include,ok
laya_typed,2,2,case_032,C01,include,ok
laya_typed,2,2,case_032,C02,include,ok
laya_typed,2,2,case_032,C03,include,ok
laya_typed,2,2,case_032,C04,exclude,ok
laya_typed,2,2,case_032,C05,include,ok
laya_typed,2,2,case_032,C06,include,ok
laya_typed,2,2,case_032,C07,exclude,ok
laya_typed,2,2,case_032,C08,include,ok
laya_typed,2,2,case_032,C09,include,ok
laya_typed,2,2,case_032,C10,include,ok
laya_typed,2,2,case_033,C01,include,ok
laya_typed,2,2,case_033,C02,include,ok
laya_typed,2,2,case_033,C03,include,ok
laya_typed,2,2,case_033,C04,exclude,ok
laya_typed,2,2,case_033,C05,exclude,ok
laya_typed,2,2,case_033,C06,exclude,ok
laya_typed,2,2,case_033,C07,exclude,ok
laya_typed,2,2,case_033,C08,exclude,ok
laya_typed,2,2,case_033,C09,exclude,ok
laya_typed,2,2,case_033,C10,exclude,ok
laya_typed,2,2,case_034,C01,include,ok
laya_typed,2,2,case_034,C02,include,ok
laya_typed,2,2,case_034,C03,include,ok
laya_typed,2,2,case_034,C04,exclude,ok
laya_typed,2,2,case_034,C05,include,ok
laya_typed,2,2,case_034,C06,include,ok
laya_typed,2,2,case_034,C07,include,ok
laya_typed,2,2,case_034,C08,exclude,ok
laya_typed,2,2,case_034,C09,include,ok
laya_typed,2,2,case_034,C10,include,ok
laya_typed,2,2,case_035,C01,include,ok
laya_typed,2,2,case_035,C02,include,ok
laya_typed,2,2,case_035,C03,include,ok
laya_typed,2,2,case_035,C04,include,ok
laya_typed,2,2,case_035,C05,include,ok
laya_typed,2,2,case_035,C06,exclude,ok
laya_typed,2,2,case_035,C07,include,ok
laya_typed,2,2,case_035,C08,include,ok
laya_typed,2,2,case_035,C09,include,ok
laya_typed,2,2,case_035,C10,include,ok
laya_typed,2,2,case_036,C01,exclude,ok
laya_typed,2,2,case_036,C02,exclude,ok
laya_typed,2,2,case_036,C03,include,ok
laya_typed,2,2,case_036,C04,exclude,ok
laya_typed,2,2,case_036,C05,exclude,ok
laya_typed,2,2,case_036,C06,exclude,ok
laya_typed,2,2,case_036,C07,exclude,ok
laya_typed,2,2,case_036,C08,exclude,ok
laya_typed,2,2,case_036,C09,include,ok
laya_typed,2,2,case_036,C10,exclude,ok
laya_typed,2,2,case_037,C01,exclude,ok
laya_typed,2,2,case_037,C02,include,ok
laya_typed,2,2,case_037,C03,include,ok
laya_typed,2,2,case_037,C04,exclude,ok
laya_typed,2,2,case_037,C05,exclude,ok
laya_typed,2,2,case_037,C06,include,ok
laya_typed,2,2,case_037,C07,include,ok
laya_typed,2,2,case_037,C08,exclude,ok
laya_typed,2,2,case_037,C09,include,ok
laya_typed,2,2,case_037,C10,exclude,ok
laya_typed,2,2,case_038,C01,include,ok
laya_typed,2,2,case_038,C02,include,ok
laya_typed,2,2,case_038,C03,include,ok
laya_typed,2,2,case_038,C04,include,ok
laya_typed,2,2,case_038,C05,include,ok
laya_typed,2,2,case_038,C06,include,ok
laya_typed,2,2,case_038,C07,include,ok
laya_typed,2,2,case_038,C08,include,ok
laya_typed,2,2,case_038,C09,include,ok
laya_typed,2,2,case_038,C10,include,ok
laya_typed,2,2,case_039,C01,include,ok
laya_typed,2,2,case_039,C02,include,ok
laya_typed,2,2,case_039,C03,exclude,ok
laya_typed,2,2,case_039,C04,exclude,ok
laya_typed,2,2,case_039,C05,include,ok
laya_typed,2,2,case_039,C06,exclude,ok
laya_typed,2,2,case_039,C07,exclude,ok
laya_typed,2,2,case_039,C08,exclude,ok
laya_typed,2,2,case_039,C09,exclude,ok
laya_typed,2,2,case_039,C10,exclude,ok
laya_typed,2,2,case_040,C01,include,ok
laya_typed,2,2,case_040,C02,include,ok
laya_typed,2,2,case_040,C03,include,ok
laya_typed,2,2,case_040,C04,include,ok
laya_typed,2,2,case_040,C05,include,ok
laya_typed,2,2,case_040,C06,include,ok
laya_typed,2,2,case_040,C07,include,ok
laya_typed,2,2,case_040,C08,include,ok
laya_typed,2,2,case_040,C09,include,ok
laya_typed,2,2,case_040,C10,include,ok
laya_typed,2,2,case_041,C01,include,ok
laya_typed,2,2,case_041,C02,include,ok
laya_typed,2,2,case_041,C03,include,ok
laya_typed,2,2,case_041,C04,include,ok
laya_typed,2,2,case_041,C05,include,ok
laya_typed,2,2,case_041,C06,include,ok
laya_typed,2,2,case_041,C07,include,ok
laya_typed,2,2,case_041,C08,include,ok
laya_typed,2,2,case_041,C09,include,ok
laya_typed,2,2,case_041,C10,include,ok
laya_typed,2,2,case_042,C01,include,ok
laya_typed,2,2,case_042,C02,exclude,ok
laya_typed,2,2,case_042,C03,include,ok
laya_typed,2,2,case_042,C04,exclude,ok
laya_typed,2,2,case_042,C05,include,ok
laya_typed,2,2,case_042,C06,exclude,ok
laya_typed,2,2,case_042,C07,include,ok
laya_typed,2,2,case_042,C08,exclude,ok
laya_typed,2,2,case_042,C09,include,ok
laya_typed,2,2,case_042,C10,include,ok
laya_typed,2,2,case_043,C01,include,ok
laya_typed,2,2,case_043,C02,include,ok
laya_typed,2,2,case_043,C03,include,ok
laya_typed,2,2,case_043,C04,exclude,ok
laya_typed,2,2,case_043,C05,include,ok
laya_typed,2,2,case_043,C06,exclude,ok
laya_typed,2,2,case_043,C07,exclude,ok
laya_typed,2,2,case_043,C08,include,ok
laya_typed,2,2,case_043,C09,exclude,ok
laya_typed,2,2,case_043,C10,include,ok
laya_typed,2,2,case_044,C01,include,ok
laya_typed,2,2,case_044,C02,include,ok
laya_typed,2,2,case_044,C03,include,ok
laya_typed,2,2,case_044,C04,include,ok
laya_typed,2,2,case_044,C05,include,ok
laya_typed,2,2,case_044,C06,include,ok
laya_typed,2,2,case_044,C07,include,ok
laya_typed,2,2,case_044,C08,include,ok
laya_typed,2,2,case_044,C09,exclude,ok
laya_typed,2,2,case_044,C10,exclude,ok
laya_typed,2,2,case_045,C01,include,ok
laya_typed,2,2,case_045,C02,include,ok
laya_typed,2,2,case_045,C03,include,ok
laya_typed,2,2,case_045,C04,include,ok
laya_typed,2,2,case_045,C05,include,ok
laya_typed,2,2,case_045,C06,include,ok
laya_typed,2,2,case_045,C07,include,ok
laya_typed,2,2,case_045,C08,exclude,ok
laya_typed,2,2,case_045,C09,include,ok
laya_typed,2,2,case_045,C10,include,ok
laya_typed,2,2,case_046,C01,include,ok
laya_typed,2,2,case_046,C02,include,ok
laya_typed,2,2,case_046,C03,include,ok
laya_typed,2,2,case_046,C04,include,ok
laya_typed,2,2,case_046,C05,include,ok
laya_typed,2,2,case_046,C06,include,ok
laya_typed,2,2,case_046,C07,include,ok
laya_typed,2,2,case_046,C08,include,ok
laya_typed,2,2,case_046,C09,include,ok
laya_typed,2,2,case_046,C10,include,ok
laya_typed,2,2,case_047,C01,include,ok
laya_typed,2,2,case_047,C02,include,ok
laya_typed,2,2,case_047,C03,include,ok
laya_typed,2,2,case_047,C04,exclude,ok
laya_typed,2,2,case_047,C05,exclude,ok
laya_typed,2,2,case_047,C06,include,ok
laya_typed,2,2,case_047,C07,exclude,ok
laya_typed,2,2,case_047,C08,include,ok
laya_typed,2,2,case_047,C09,exclude,ok
laya_typed,2,2,case_047,C10,exclude,ok
laya_typed,2,2,case_048,C01,include,ok
laya_typed,2,2,case_048,C02,include,ok
laya_typed,2,2,case_048,C03,exclude,ok
laya_typed,2,2,case_048,C04,include,ok
laya_typed,2,2,case_048,C05,include,ok
laya_typed,2,2,case_048,C06,include,ok
laya_typed,2,2,case_048,C07,include,ok
laya_typed,2,2,case_048,C08,include,ok
laya_typed,2,2,case_048,C09,include,ok
laya_typed,2,2,case_048,C10,include,ok
laya_typed,2,2,case_049,C01,include,ok
laya_typed,2,2,case_049,C02,include,ok
laya_typed,2,2,case_049,C03,exclude,ok
laya_typed,2,2,case_049,C04,include,ok
laya_typed,2,2,case_049,C05,include,ok
laya_typed,2,2,case_049,C06,include,ok
laya_typed,2,2,case_049,C07,include,ok
laya_typed,2,2,case_049,C08,include,ok
laya_typed,2,2,case_049,C09,include,ok
laya_typed,2,2,case_049,C10,exclude,ok
laya_typed,2,2,case_050,C01,exclude,ok
laya_typed,2,2,case_050,C02,include,ok
laya_typed,2,2,case_050,C03,include,ok
laya_typed,2,2,case_050,C04,include,ok
laya_typed,2,2,case_050,C05,include,ok
laya_typed,2,2,case_050,C06,include,ok
laya_typed,2,2,case_050,C07,include,ok
laya_typed,2,2,case_050,C08,include,ok
laya_typed,2,2,case_050,C09,exclude,ok
laya_typed,2,2,case_050,C10,include,ok
laya_typed,2,2,case_051,C01,exclude,ok
laya_typed,2,2,case_051,C02,exclude,ok
laya_typed,2,2,case_051,C03,include,ok
laya_typed,2,2,case_051,C04,exclude,ok
laya_typed,2,2,case_051,C05,exclude,ok
laya_typed,2,2,case_051,C06,exclude,ok
laya_typed,2,2,case_051,C07,exclude,ok
laya_typed,2,2,case_051,C08,exclude,ok
laya_typed,2,2,case_051,C09,exclude,ok
laya_typed,2,2,case_051,C10,exclude,ok
laya_typed,2,2,case_052,C01,include,ok
laya_typed,2,2,case_052,C02,exclude,ok
laya_typed,2,2,case_052,C03,exclude,ok
laya_typed,2,2,case_052,C04,exclude,ok
laya_typed,2,2,case_052,C05,include,ok
laya_typed,2,2,case_052,C06,include,ok
laya_typed,2,2,case_052,C07,include,ok
laya_typed,2,2,case_052,C08,include,ok
laya_typed,2,2,case_052,C09,include,ok
laya_typed,2,2,case_052,C10,exclude,ok
laya_typed,2,2,case_053,C01,exclude,ok
laya_typed,2,2,case_053,C02,exclude,ok
laya_typed,2,2,case_053,C03,exclude,ok
laya_typed,2,2,case_053,C04,exclude,ok
laya_typed,2,2,case_053,C05,exclude,ok
laya_typed,2,2,case_053,C06,exclude,ok
laya_typed,2,2,case_053,C07,include,ok
laya_typed,2,2,case_053,C08,exclude,ok
laya_typed,2,2,case_053,C09,exclude,ok
laya_typed,2,2,case_053,C10,exclude,ok
laya_typed,2,2,case_054,C01,include,ok
laya_typed,2,2,case_054,C02,exclude,ok
laya_typed,2,2,case_054,C03,include,ok
laya_typed,2,2,case_054,C04,include,ok
laya_typed,2,2,case_054,C05,include,ok
laya_typed,2,2,case_054,C06,exclude,ok
laya_typed,2,2,case_054,C07,include,ok
laya_typed,2,2,case_054,C08,exclude,ok
laya_typed,2,2,case_054,C09,include,ok
laya_typed,2,2,case_054,C10,include,ok
laya_typed,2,2,case_055,C01,include,ok
laya_typed,2,2,case_055,C02,include,ok
laya_typed,2,2,case_055,C03,include,ok
laya_typed,2,2,case_055,C04,include,ok
laya_typed,2,2,case_055,C05,include,ok
laya_typed,2,2,case_055,C06,include,ok
laya_typed,2,2,case_055,C07,include,ok
laya_typed,2,2,case_055,C08,include,ok
laya_typed,2,2,case_055,C09,include,ok
laya_typed,2,2,case_055,C10,include,ok
laya_typed,2,2,case_056,C01,include,ok
laya_typed,2,2,case_056,C02,include,ok
laya_typed,2,2,case_056,C03,include,ok
laya_typed,2,2,case_056,C04,include,ok
laya_typed,2,2,case_056,C05,include,ok
laya_typed,2,2,case_056,C06,include,ok
laya_typed,2,2,case_056,C07,include,ok
laya_typed,2,2,case_056,C08,include,ok
laya_typed,2,2,case_056,C09,include,ok
laya_typed,2,2,case_056,C10,include,ok
laya_typed,2,2,case_057,C01,exclude,ok
laya_typed,2,2,case_057,C02,exclude,ok
laya_typed,2,2,case_057,C03,include,ok
laya_typed,2,2,case_057,C04,include,ok
laya_typed,2,2,case_057,C05,exclude,ok
laya_typed,2,2,case_057,C06,include,ok
laya_typed,2,2,case_057,C07,include,ok
laya_typed,2,2,case_057,C08,exclude,ok
laya_typed,2,2,case_057,C09,exclude,ok
laya_typed,2,2,case_057,C10,exclude,ok
laya_typed,2,2,case_058,C01,include,ok
laya_typed,2,2,case_058,C02,exclude,ok
laya_typed,2,2,case_058,C03,include,ok
laya_typed,2,2,case_058,C04,include,ok
laya_typed,2,2,case_058,C05,exclude,ok
laya_typed,2,2,case_058,C06,exclude,ok
laya_typed,2,2,case_058,C07,include,ok
laya_typed,2,2,case_058,C08,include,ok
laya_typed,2,2,case_058,C09,include,ok
laya_typed,2,2,case_058,C10,include,ok
laya_typed,2,2,case_059,C01,exclude,ok
laya_typed,2,2,case_059,C02,include,ok
laya_typed,2,2,case_059,C03,include,ok
laya_typed,2,2,case_059,C04,include,ok
laya_typed,2,2,case_059,C05,exclude,ok
laya_typed,2,2,case_059,C06,exclude,ok
laya_typed,2,2,case_059,C07,include,ok
laya_typed,2,2,case_059,C08,include,ok
laya_typed,2,2,case_059,C09,include,ok
laya_typed,2,2,case_059,C10,exclude,ok
laya_typed,2,2,case_060,C01,include,ok
laya_typed,2,2,case_060,C02,include,ok
laya_typed,2,2,case_060,C03,include,ok
laya_typed,2,2,case_060,C04,exclude,ok
laya_typed,2,2,case_060,C05,exclude,ok
laya_typed,2,2,case_060,C06,exclude,ok
laya_typed,2,2,case_060,C07,exclude,ok
laya_typed,2,2,case_060,C08,exclude,ok
laya_typed,2,2,case_060,C09,include,ok
laya_typed,2,2,case_060,C10,exclude,ok
laya_typed,2,2,case_061,C01,include,ok
laya_typed,2,2,case_061,C02,include,ok
laya_typed,2,2,case_061,C03,exclude,ok
laya_typed,2,2,case_061,C04,include,ok
laya_typed,2,2,case_061,C05,exclude,ok
laya_typed,2,2,case_061,C06,include,ok
laya_typed,2,2,case_061,C07,exclude,ok
laya_typed,2,2,case_061,C08,exclude,ok
laya_typed,2,2,case_061,C09,exclude,ok
laya_typed,2,2,case_061,C10,include,ok
laya_typed,2,2,case_062,C01,include,ok
laya_typed,2,2,case_062,C02,exclude,ok
laya_typed,2,2,case_062,C03,exclude,ok
laya_typed,2,2,case_062,C04,exclude,ok
laya_typed,2,2,case_062,C05,exclude,ok
laya_typed,2,2,case_062,C06,exclude,ok
laya_typed,2,2,case_062,C07,include,ok
laya_typed,2,2,case_062,C08,exclude,ok
laya_typed,2,2,case_062,C09,exclude,ok
laya_typed,2,2,case_062,C10,exclude,ok
laya_typed,2,2,case_063,C01,include,ok
laya_typed,2,2,case_063,C02,include,ok
laya_typed,2,2,case_063,C03,include,ok
laya_typed,2,2,case_063,C04,include,ok
laya_typed,2,2,case_063,C05,include,ok
laya_typed,2,2,case_063,C06,include,ok
laya_typed,2,2,case_063,C07,include,ok
laya_typed,2,2,case_063,C08,include,ok
laya_typed,2,2,case_063,C09,include,ok
laya_typed,2,2,case_063,C10,include,ok
laya_typed,2,2,case_064,C01,include,ok
laya_typed,2,2,case_064,C02,exclude,ok
laya_typed,2,2,case_064,C03,exclude,ok
laya_typed,2,2,case_064,C04,include,ok
laya_typed,2,2,case_064,C05,exclude,ok
laya_typed,2,2,case_064,C06,include,ok
laya_typed,2,2,case_064,C07,exclude,ok
laya_typed,2,2,case_064,C08,include,ok
laya_typed,2,2,case_064,C09,exclude,ok
laya_typed,2,2,case_064,C10,exclude,ok
laya_typed,2,2,case_065,C01,include,ok
laya_typed,2,2,case_065,C02,include,ok
laya_typed,2,2,case_065,C03,include,ok
laya_typed,2,2,case_065,C04,include,ok
laya_typed,2,2,case_065,C05,include,ok
laya_typed,2,2,case_065,C06,include,ok
laya_typed,2,2,case_065,C07,include,ok
laya_typed,2,2,case_065,C08,include,ok
laya_typed,2,2,case_065,C09,include,ok
laya_typed,2,2,case_065,C10,include,ok
laya_typed,2,2,case_066,C01,include,ok
laya_typed,2,2,case_066,C02,include,ok
laya_typed,2,2,case_066,C03,include,ok
laya_typed,2,2,case_066,C04,exclude,ok
laya_typed,2,2,case_066,C05,include,ok
laya_typed,2,2,case_066,C06,exclude,ok
laya_typed,2,2,case_066,C07,include,ok
laya_typed,2,2,case_066,C08,exclude,ok
laya_typed,2,2,case_066,C09,exclude,ok
laya_typed,2,2,case_066,C10,exclude,ok
laya_typed,2,2,case_067,C01,exclude,ok
laya_typed,2,2,case_067,C02,include,ok
laya_typed,2,2,case_067,C03,include,ok
laya_typed,2,2,case_067,C04,include,ok
laya_typed,2,2,case_067,C05,exclude,ok
laya_typed,2,2,case_067,C06,include,ok
laya_typed,2,2,case_067,C07,include,ok
laya_typed,2,2,case_067,C08,include,ok
laya_typed,2,2,case_067,C09,include,ok
laya_typed,2,2,case_067,C10,exclude,ok
laya_typed,2,2,case_068,C01,include,ok
laya_typed,2,2,case_068,C02,include,ok
laya_typed,2,2,case_068,C03,exclude,ok
laya_typed,2,2,case_068,C04,include,ok
laya_typed,2,2,case_068,C05,include,ok
laya_typed,2,2,case_068,C06,include,ok
laya_typed,2,2,case_068,C07,include,ok
laya_typed,2,2,case_068,C08,include,ok
laya_typed,2,2,case_068,C09,include,ok
laya_typed,2,2,case_068,C10,include,ok
laya_typed,2,2,case_069,C01,include,ok
laya_typed,2,2,case_069,C02,include,ok
laya_typed,2,2,case_069,C03,include,ok
laya_typed,2,2,case_069,C04,include,ok
laya_typed,2,2,case_069,C05,include,ok
laya_typed,2,2,case_069,C06,include,ok
laya_typed,2,2,case_069,C07,include,ok
laya_typed,2,2,case_069,C08,include,ok
laya_typed,2,2,case_069,C09,exclude,ok
laya_typed,2,2,case_069,C10,include,ok
laya_typed,2,2,case_070,C01,include,ok
laya_typed,2,2,case_070,C02,exclude,ok
laya_typed,2,2,case_070,C03,exclude,ok
laya_typed,2,2,case_070,C04,include,ok
laya_typed,2,2,case_070,C05,include,ok
laya_typed,2,2,case_070,C06,include,ok
laya_typed,2,2,case_070,C07,include,ok
laya_typed,2,2,case_070,C08,include,ok
laya_typed,2,2,case_070,C09,include,ok
laya_typed,2,2,case_070,C10,include,ok
laya_typed,2,2,case_071,C01,exclude,ok
laya_typed,2,2,case_071,C02,include,ok
laya_typed,2,2,case_071,C03,include,ok
laya_typed,2,2,case_071,C04,include,ok
laya_typed,2,2,case_071,C05,include,ok
laya_typed,2,2,case_071,C06,include,ok
laya_typed,2,2,case_071,C07,exclude,ok
laya_typed,2,2,case_071,C08,include,ok
laya_typed,2,2,case_071,C09,exclude,ok
laya_typed,2,2,case_071,C10,include,ok
laya_typed,2,2,case_072,C01,include,ok
laya_typed,2,2,case_072,C02,include,ok
laya_typed,2,2,case_072,C03,include,ok
laya_typed,2,2,case_072,C04,include,ok
laya_typed,2,2,case_072,C05,include,ok
laya_typed,2,2,case_072,C06,include,ok
laya_typed,2,2,case_072,C07,include,ok
laya_typed,2,2,case_072,C08,include,ok
laya_typed,2,2,case_072,C09,include,ok
laya_typed,2,2,case_072,C10,exclude,ok
laya_typed,2,2,case_073,C01,exclude,ok
laya_typed,2,2,case_073,C02,include,ok
laya_typed,2,2,case_073,C03,include,ok
laya_typed,2,2,case_073,C04,exclude,ok
laya_typed,2,2,case_073,C05,include,ok
laya_typed,2,2,case_073,C06,include,ok
laya_typed,2,2,case_073,C07,include,ok
laya_typed,2,2,case_073,C08,include,ok
laya_typed,2,2,case_073,C09,include,ok
laya_typed,2,2,case_073,C10,include,ok
laya_typed,2,2,case_074,C01,include,ok
laya_typed,2,2,case_074,C02,include,ok
laya_typed,2,2,case_074,C03,include,ok
laya_typed,2,2,case_074,C04,include,ok
laya_typed,2,2,case_074,C05,include,ok
laya_typed,2,2,case_074,C06,exclude,ok
laya_typed,2,2,case_074,C07,include,ok
laya_typed,2,2,case_074,C08,include,ok
laya_typed,2,2,case_074,C09,include,ok
laya_typed,2,2,case_074,C10,include,ok
laya_typed,2,2,case_075,C01,include,ok
laya_typed,2,2,case_075,C02,exclude,ok
laya_typed,2,2,case_075,C03,exclude,ok
laya_typed,2,2,case_075,C04,exclude,ok
laya_typed,2,2,case_075,C05,exclude,ok
laya_typed,2,2,case_075,C06,exclude,ok
laya_typed,2,2,case_075,C07,exclude,ok
laya_typed,2,2,case_075,C08,exclude,ok
laya_typed,2,2,case_075,C09,exclude,ok
laya_typed,2,2,case_075,C10,exclude,ok
laya_typed,2,2,case_076,C01,include,ok
laya_typed,2,2,case_076,C02,include,ok
laya_typed,2,2,case_076,C03,include,ok
laya_typed,2,2,case_076,C04,include,ok
laya_typed,2,2,case_076,C05,include,ok
laya_typed,2,2,case_076,C06,exclude,ok
laya_typed,2,2,case_076,C07,include,ok
laya_typed,2,2,case_076,C08,include,ok
laya_typed,2,2,case_076,C09,include,ok
laya_typed,2,2,case_076,C10,include,ok
laya_typed,2,2,case_077,C01,include,ok
laya_typed,2,2,case_077,C02,exclude,ok
laya_typed,2,2,case_077,C03,include,ok
laya_typed,2,2,case_077,C04,include,ok
laya_typed,2,2,case_077,C05,include,ok
laya_typed,2,2,case_077,C06,include,ok
laya_typed,2,2,case_077,C07,exclude,ok
laya_typed,2,2,case_077,C08,include,ok
laya_typed,2,2,case_077,C09,include,ok
laya_typed,2,2,case_077,C10,include,ok
laya_typed,2,2,case_078,C01,include,ok
laya_typed,2,2,case_078,C02,include,ok
laya_typed,2,2,case_078,C03,include,ok
laya_typed,2,2,case_078,C04,include,ok
laya_typed,2,2,case_078,C05,exclude,ok
laya_typed,2,2,case_078,C06,include,ok
laya_typed,2,2,case_078,C07,include,ok
laya_typed,2,2,case_078,C08,include,ok
laya_typed,2,2,case_078,C09,exclude,ok
laya_typed,2,2,case_078,C10,include,ok
laya_typed,2,2,case_079,C01,exclude,ok
laya_typed,2,2,case_079,C02,include,ok
laya_typed,2,2,case_079,C03,include,ok
laya_typed,2,2,case_079,C04,exclude,ok
laya_typed,2,2,case_079,C05,exclude,ok
laya_typed,2,2,case_079,C06,exclude,ok
laya_typed,2,2,case_079,C07,exclude,ok
laya_typed,2,2,case_079,C08,include,ok
laya_typed,2,2,case_079,C09,include,ok
laya_typed,2,2,case_079,C10,include,ok
laya_typed,2,2,case_080,C01,exclude,ok
laya_typed,2,2,case_080,C02,include,ok
laya_typed,2,2,case_080,C03,include,ok
laya_typed,2,2,case_080,C04,include,ok
laya_typed,2,2,case_080,C05,include,ok
laya_typed,2,2,case_080,C06,include,ok
laya_typed,2,2,case_080,C07,include,ok
laya_typed,2,2,case_080,C08,include,ok
laya_typed,2,2,case_080,C09,exclude,ok
laya_typed,2,2,case_080,C10,exclude,ok
laya_typed,2,2,case_081,C01,include,ok
laya_typed,2,2,case_081,C02,include,ok
laya_typed,2,2,case_081,C03,exclude,ok
laya_typed,2,2,case_081,C04,include,ok
laya_typed,2,2,case_081,C05,include,ok
laya_typed,2,2,case_081,C06,include,ok
laya_typed,2,2,case_081,C07,exclude,ok
laya_typed,2,2,case_081,C08,exclude,ok
laya_typed,2,2,case_081,C09,include,ok
laya_typed,2,2,case_081,C10,include,ok
laya_typed,2,2,case_082,C01,include,ok
laya_typed,2,2,case_082,C02,include,ok
laya_typed,2,2,case_082,C03,include,ok
laya_typed,2,2,case_082,C04,include,ok
laya_typed,2,2,case_082,C05,include,ok
laya_typed,2,2,case_082,C06,include,ok
laya_typed,2,2,case_082,C07,include,ok
laya_typed,2,2,case_082,C08,include,ok
laya_typed,2,2,case_082,C09,include,ok
laya_typed,2,2,case_082,C10,include,ok
laya_typed,2,2,case_083,C01,exclude,ok
laya_typed,2,2,case_083,C02,exclude,ok
laya_typed,2,2,case_083,C03,exclude,ok
laya_typed,2,2,case_083,C04,exclude,ok
laya_typed,2,2,case_083,C05,exclude,ok
laya_typed,2,2,case_083,C06,exclude,ok
laya_typed,2,2,case_083,C07,exclude,ok
laya_typed,2,2,case_083,C08,include,ok
laya_typed,2,2,case_083,C09,exclude,ok
laya_typed,2,2,case_083,C10,exclude,ok
laya_typed,2,2,case_084,C01,include,ok
laya_typed,2,2,case_084,C02,include,ok
laya_typed,2,2,case_084,C03,include,ok
laya_typed,2,2,case_084,C04,include,ok
laya_typed,2,2,case_084,C05,include,ok
laya_typed,2,2,case_084,C06,exclude,ok
laya_typed,2,2,case_084,C07,include,ok
laya_typed,2,2,case_084,C08,include,ok
laya_typed,2,2,case_084,C09,exclude,ok
laya_typed,2,2,case_084,C10,include,ok
laya_typed,2,2,case_085,C01,include,ok
laya_typed,2,2,case_085,C02,include,ok
laya_typed,2,2,case_085,C03,include,ok
laya_typed,2,2,case_085,C04,exclude,ok
laya_typed,2,2,case_085,C05,exclude,ok
laya_typed,2,2,case_085,C06,exclude,ok
laya_typed,2,2,case_085,C07,include,ok
laya_typed,2,2,case_085,C08,include,ok
laya_typed,2,2,case_085,C09,include,ok
laya_typed,2,2,case_085,C10,include,ok
laya_typed,2,2,case_086,C01,include,ok
laya_typed,2,2,case_086,C02,include,ok
laya_typed,2,2,case_086,C03,include,ok
laya_typed,2,2,case_086,C04,exclude,ok
laya_typed,2,2,case_086,C05,include,ok
laya_typed,2,2,case_086,C06,include,ok
laya_typed,2,2,case_086,C07,include,ok
laya_typed,2,2,case_086,C08,include,ok
laya_typed,2,2,case_086,C09,include,ok
laya_typed,2,2,case_086,C10,include,ok
laya_typed,2,2,case_087,C01,include,ok
laya_typed,2,2,case_087,C02,include,ok
laya_typed,2,2,case_087,C03,include,ok
laya_typed,2,2,case_087,C04,exclude,ok
laya_typed,2,2,case_087,C05,include,ok
laya_typed,2,2,case_087,C06,include,ok
laya_typed,2,2,case_087,C07,include,ok
laya_typed,2,2,case_087,C08,include,ok
laya_typed,2,2,case_087,C09,include,ok
laya_typed,2,2,case_087,C10,include,ok
laya_typed,2,2,case_088,C01,include,ok
laya_typed,2,2,case_088,C02,include,ok
laya_typed,2,2,case_088,C03,include,ok
laya_typed,2,2,case_088,C04,exclude,ok
laya_typed,2,2,case_088,C05,include,ok
laya_typed,2,2,case_088,C06,include,ok
laya_typed,2,2,case_088,C07,include,ok
laya_typed,2,2,case_088,C08,include,ok
laya_typed,2,2,case_088,C09,include,ok
laya_typed,2,2,case_088,C10,include,ok
laya_typed,2,2,case_089,C01,include,ok
laya_typed,2,2,case_089,C02,include,ok
laya_typed,2,2,case_089,C03,exclude,ok
laya_typed,2,2,case_089,C04,include,ok
laya_typed,2,2,case_089,C05,include,ok
laya_typed,2,2,case_089,C06,include,ok
laya_typed,2,2,case_089,C07,include,ok
laya_typed,2,2,case_089,C08,include,ok
laya_typed,2,2,case_089,C09,include,ok
laya_typed,2,2,case_089,C10,include,ok
laya_typed,2,2,case_090,C01,include,ok
laya_typed,2,2,case_090,C02,exclude,ok
laya_typed,2,2,case_090,C03,exclude,ok
laya_typed,2,2,case_090,C04,exclude,ok
laya_typed,2,2,case_090,C05,exclude,ok
laya_typed,2,2,case_090,C06,include,ok
laya_typed,2,2,case_090,C07,exclude,ok
laya_typed,2,2,case_090,C08,exclude,ok
laya_typed,2,2,case_090,C09,exclude,ok
laya_typed,2,2,case_090,C10,exclude,ok
laya_typed,2,2,case_091,C01,include,ok
laya_typed,2,2,case_091,C02,include,ok
laya_typed,2,2,case_091,C03,exclude,ok
laya_typed,2,2,case_091,C04,include,ok
laya_typed,2,2,case_091,C05,exclude,ok
laya_typed,2,2,case_091,C06,exclude,ok
laya_typed,2,2,case_091,C07,exclude,ok
laya_typed,2,2,case_091,C08,include,ok
laya_typed,2,2,case_091,C09,include,ok
laya_typed,2,2,case_091,C10,exclude,ok
laya_typed,2,2,case_092,C01,include,ok
laya_typed,2,2,case_092,C02,include,ok
laya_typed,2,2,case_092,C03,exclude,ok
laya_typed,2,2,case_092,C04,exclude,ok
laya_typed,2,2,case_092,C05,exclude,ok
laya_typed,2,2,case_092,C06,include,ok
laya_typed,2,2,case_092,C07,include,ok
laya_typed,2,2,case_092,C08,include,ok
laya_typed,2,2,case_092,C09,exclude,ok
laya_typed,2,2,case_092,C10,exclude,ok
laya_typed,2,2,case_093,C01,include,ok
laya_typed,2,2,case_093,C02,include,ok
laya_typed,2,2,case_093,C03,include,ok
laya_typed,2,2,case_093,C04,include,ok
laya_typed,2,2,case_093,C05,include,ok
laya_typed,2,2,case_093,C06,exclude,ok
laya_typed,2,2,case_093,C07,include,ok
laya_typed,2,2,case_093,C08,include,ok
laya_typed,2,2,case_093,C09,exclude,ok
laya_typed,2,2,case_093,C10,exclude,ok
laya_typed,2,2,case_094,C01,include,ok
laya_typed,2,2,case_094,C02,include,ok
laya_typed,2,2,case_094,C03,include,ok
laya_typed,2,2,case_094,C04,exclude,ok
laya_typed,2,2,case_094,C05,include,ok
laya_typed,2,2,case_094,C06,include,ok
laya_typed,2,2,case_094,C07,include,ok
laya_typed,2,2,case_094,C08,include,ok
laya_typed,2,2,case_094,C09,include,ok
laya_typed,2,2,case_094,C10,include,ok
laya_typed,2,2,case_095,C01,exclude,ok
laya_typed,2,2,case_095,C02,include,ok
laya_typed,2,2,case_095,C03,include,ok
laya_typed,2,2,case_095,C04,include,ok
laya_typed,2,2,case_095,C05,include,ok
laya_typed,2,2,case_095,C06,exclude,ok
laya_typed,2,2,case_095,C07,include,ok
laya_typed,2,2,case_095,C08,exclude,ok
laya_typed,2,2,case_095,C09,exclude,ok
laya_typed,2,2,case_095,C10,exclude,ok
laya_typed,2,2,case_096,C01,include,ok
laya_typed,2,2,case_096,C02,include,ok
laya_typed,2,2,case_096,C03,include,ok
laya_typed,2,2,case_096,C04,include,ok
laya_typed,2,2,case_096,C05,include,ok
laya_typed,2,2,case_096,C06,include,ok
laya_typed,2,2,case_096,C07,include,ok
laya_typed,2,2,case_096,C08,include,ok
laya_typed,2,2,case_096,C09,include,ok
laya_typed,2,2,case_096,C10,include,ok
laya_typed,2,2,case_097,C01,include,ok
laya_typed,2,2,case_097,C02,include,ok
laya_typed,2,2,case_097,C03,include,ok
laya_typed,2,2,case_097,C04,include,ok
laya_typed,2,2,case_097,C05,include,ok
laya_typed,2,2,case_097,C06,include,ok
laya_typed,2,2,case_097,C07,include,ok
laya_typed,2,2,case_097,C08,include,ok
laya_typed,2,2,case_097,C09,include,ok
laya_typed,2,2,case_097,C10,include,ok
laya_typed,2,2,case_098,C01,include,ok
laya_typed,2,2,case_098,C02,include,ok
laya_typed,2,2,case_098,C03,include,ok
laya_typed,2,2,case_098,C04,include,ok
laya_typed,2,2,case_098,C05,include,ok
laya_typed,2,2,case_098,C06,exclude,ok
laya_typed,2,2,case_098,C07,exclude,ok
laya_typed,2,2,case_098,C08,exclude,ok
laya_typed,2,2,case_098,C09,include,ok
laya_typed,2,2,case_098,C10,include,ok
laya_typed,2,2,case_099,C01,include,ok
laya_typed,2,2,case_099,C02,include,ok
laya_typed,2,2,case_099,C03,include,ok
laya_typed,2,2,case_099,C04,include,ok
laya_typed,2,2,case_099,C05,include,ok
laya_typed,2,2,case_099,C06,include,ok
laya_typed,2,2,case_099,C07,include,ok
laya_typed,2,2,case_099,C08,include,ok
laya_typed,2,2,case_099,C09,exclude,ok
laya_typed,2,2,case_099,C10,include,ok
laya_typed,2,2,case_100,C01,include,ok
laya_typed,2,2,case_100,C02,exclude,ok
laya_typed,2,2,case_100,C03,exclude,ok
laya_typed,2,2,case_100,C04,exclude,ok
laya_typed,2,2,case_100,C05,exclude,ok
laya_typed,2,2,case_100,C06,exclude,ok
laya_typed,2,2,case_100,C07,include,ok
laya_typed,2,2,case_100,C08,exclude,ok
laya_typed,2,2,case_100,C09,exclude,ok
laya_typed,2,2,case_100,C10,exclude,ok
laya_typed,3,3,case_001,C01,include,ok
laya_typed,3,3,case_001,C02,include,ok
laya_typed,3,3,case_001,C03,include,ok
laya_typed,3,3,case_001,C04,include,ok
laya_typed,3,3,case_001,C05,include,ok
laya_typed,3,3,case_001,C06,include,ok
laya_typed,3,3,case_001,C07,include,ok
laya_typed,3,3,case_001,C08,exclude,ok
laya_typed,3,3,case_001,C09,exclude,ok
laya_typed,3,3,case_001,C10,include,ok
laya_typed,3,3,case_002,C01,include,ok
laya_typed,3,3,case_002,C02,include,ok
laya_typed,3,3,case_002,C03,include,ok
laya_typed,3,3,case_002,C04,include,ok
laya_typed,3,3,case_002,C05,include,ok
laya_typed,3,3,case_002,C06,include,ok
laya_typed,3,3,case_002,C07,include,ok
laya_typed,3,3,case_002,C08,include,ok
laya_typed,3,3,case_002,C09,include,ok
laya_typed,3,3,case_002,C10,include,ok
laya_typed,3,3,case_003,C01,include,ok
laya_typed,3,3,case_003,C02,include,ok
laya_typed,3,3,case_003,C03,include,ok
laya_typed,3,3,case_003,C04,include,ok
laya_typed,3,3,case_003,C05,include,ok
laya_typed,3,3,case_003,C06,include,ok
laya_typed,3,3,case_003,C07,include,ok
laya_typed,3,3,case_003,C08,include,ok
laya_typed,3,3,case_003,C09,include,ok
laya_typed,3,3,case_003,C10,include,ok
laya_typed,3,3,case_004,C01,include,ok
laya_typed,3,3,case_004,C02,include,ok
laya_typed,3,3,case_004,C03,exclude,ok
laya_typed,3,3,case_004,C04,exclude,ok
laya_typed,3,3,case_004,C05,include,ok
laya_typed,3,3,case_004,C06,exclude,ok
laya_typed,3,3,case_004,C07,include,ok
laya_typed,3,3,case_004,C08,exclude,ok
laya_typed,3,3,case_004,C09,exclude,ok
laya_typed,3,3,case_004,C10,exclude,ok
laya_typed,3,3,case_005,C01,include,ok
laya_typed,3,3,case_005,C02,include,ok
laya_typed,3,3,case_005,C03,include,ok
laya_typed,3,3,case_005,C04,include,ok
laya_typed,3,3,case_005,C05,include,ok
laya_typed,3,3,case_005,C06,include,ok
laya_typed,3,3,case_005,C07,include,ok
laya_typed,3,3,case_005,C08,include,ok
laya_typed,3,3,case_005,C09,include,ok
laya_typed,3,3,case_005,C10,include,ok
laya_typed,3,3,case_006,C01,include,ok
laya_typed,3,3,case_006,C02,include,ok
laya_typed,3,3,case_006,C03,include,ok
laya_typed,3,3,case_006,C04,exclude,ok
laya_typed,3,3,case_006,C05,exclude,ok
laya_typed,3,3,case_006,C06,include,ok
laya_typed,3,3,case_006,C07,exclude,ok
laya_typed,3,3,case_006,C08,exclude,ok
laya_typed,3,3,case_006,C09,include,ok
laya_typed,3,3,case_006,C10,include,ok
laya_typed,3,3,case_007,C01,include,ok
laya_typed,3,3,case_007,C02,exclude,ok
laya_typed,3,3,case_007,C03,include,ok
laya_typed,3,3,case_007,C04,exclude,ok
laya_typed,3,3,case_007,C05,include,ok
laya_typed,3,3,case_007,C06,include,ok
laya_typed,3,3,case_007,C07,include,ok
laya_typed,3,3,case_007,C08,exclude,ok
laya_typed,3,3,case_007,C09,include,ok
laya_typed,3,3,case_007,C10,include,ok
laya_typed,3,3,case_008,C01,exclude,ok
laya_typed,3,3,case_008,C02,include,ok
laya_typed,3,3,case_008,C03,include,ok
laya_typed,3,3,case_008,C04,include,ok
laya_typed,3,3,case_008,C05,include,ok
laya_typed,3,3,case_008,C06,include,ok
laya_typed,3,3,case_008,C07,include,ok
laya_typed,3,3,case_008,C08,include,ok
laya_typed,3,3,case_008,C09,include,ok
laya_typed,3,3,case_008,C10,include,ok
laya_typed,3,3,case_009,C01,exclude,ok
laya_typed,3,3,case_009,C02,include,ok
laya_typed,3,3,case_009,C03,include,ok
laya_typed,3,3,case_009,C04,include,ok
laya_typed,3,3,case_009,C05,include,ok
laya_typed,3,3,case_009,C06,include,ok
laya_typed,3,3,case_009,C07,include,ok
laya_typed,3,3,case_009,C08,include,ok
laya_typed,3,3,case_009,C09,include,ok
laya_typed,3,3,case_009,C10,include,ok
laya_typed,3,3,case_010,C01,exclude,ok
laya_typed,3,3,case_010,C02,include,ok
laya_typed,3,3,case_010,C03,include,ok
laya_typed,3,3,case_010,C04,exclude,ok
laya_typed,3,3,case_010,C05,include,ok
laya_typed,3,3,case_010,C06,include,ok
laya_typed,3,3,case_010,C07,exclude,ok
laya_typed,3,3,case_010,C08,exclude,ok
laya_typed,3,3,case_010,C09,include,ok
laya_typed,3,3,case_010,C10,include,ok
laya_typed,3,3,case_011,C01,include,ok
laya_typed,3,3,case_011,C02,exclude,ok
laya_typed,3,3,case_011,C03,exclude,ok
laya_typed,3,3,case_011,C04,exclude,ok
laya_typed,3,3,case_011,C05,include,ok
laya_typed,3,3,case_011,C06,include,ok
laya_typed,3,3,case_011,C07,include,ok
laya_typed,3,3,case_011,C08,include,ok
laya_typed,3,3,case_011,C09,exclude,ok
laya_typed,3,3,case_011,C10,include,ok
laya_typed,3,3,case_012,C01,include,ok
laya_typed,3,3,case_012,C02,include,ok
laya_typed,3,3,case_012,C03,exclude,ok
laya_typed,3,3,case_012,C04,include,ok
laya_typed,3,3,case_012,C05,include,ok
laya_typed,3,3,case_012,C06,include,ok
laya_typed,3,3,case_012,C07,include,ok
laya_typed,3,3,case_012,C08,include,ok
laya_typed,3,3,case_012,C09,include,ok
laya_typed,3,3,case_012,C10,exclude,ok
laya_typed,3,3,case_013,C01,include,ok
laya_typed,3,3,case_013,C02,exclude,ok
laya_typed,3,3,case_013,C03,include,ok
laya_typed,3,3,case_013,C04,include,ok
laya_typed,3,3,case_013,C05,include,ok
laya_typed,3,3,case_013,C06,include,ok
laya_typed,3,3,case_013,C07,include,ok
laya_typed,3,3,case_013,C08,exclude,ok
laya_typed,3,3,case_013,C09,include,ok
laya_typed,3,3,case_013,C10,include,ok
laya_typed,3,3,case_014,C01,include,ok
laya_typed,3,3,case_014,C02,exclude,ok
laya_typed,3,3,case_014,C03,exclude,ok
laya_typed,3,3,case_014,C04,include,ok
laya_typed,3,3,case_014,C05,include,ok
laya_typed,3,3,case_014,C06,include,ok
laya_typed,3,3,case_014,C07,exclude,ok
laya_typed,3,3,case_014,C08,include,ok
laya_typed,3,3,case_014,C09,exclude,ok
laya_typed,3,3,case_014,C10,include,ok
laya_typed,3,3,case_015,C01,include,ok
laya_typed,3,3,case_015,C02,include,ok
laya_typed,3,3,case_015,C03,include,ok
laya_typed,3,3,case_015,C04,include,ok
laya_typed,3,3,case_015,C05,include,ok
laya_typed,3,3,case_015,C06,include,ok
laya_typed,3,3,case_015,C07,include,ok
laya_typed,3,3,case_015,C08,include,ok
laya_typed,3,3,case_015,C09,include,ok
laya_typed,3,3,case_015,C10,include,ok
laya_typed,3,3,case_016,C01,include,ok
laya_typed,3,3,case_016,C02,include,ok
laya_typed,3,3,case_016,C03,include,ok
laya_typed,3,3,case_016,C04,include,ok
laya_typed,3,3,case_016,C05,include,ok
laya_typed,3,3,case_016,C06,include,ok
laya_typed,3,3,case_016,C07,include,ok
laya_typed,3,3,case_016,C08,include,ok
laya_typed,3,3,case_016,C09,include,ok
laya_typed,3,3,case_016,C10,include,ok
laya_typed,3,3,case_017,C01,include,ok
laya_typed,3,3,case_017,C02,include,ok
laya_typed,3,3,case_017,C03,include,ok
laya_typed,3,3,case_017,C04,include,ok
laya_typed,3,3,case_017,C05,include,ok
laya_typed,3,3,case_017,C06,include,ok
laya_typed,3,3,case_017,C07,include,ok
laya_typed,3,3,case_017,C08,include,ok
laya_typed,3,3,case_017,C09,include,ok
laya_typed,3,3,case_017,C10,include,ok
laya_typed,3,3,case_018,C01,include,ok
laya_typed,3,3,case_018,C02,exclude,ok
laya_typed,3,3,case_018,C03,exclude,ok
laya_typed,3,3,case_018,C04,include,ok
laya_typed,3,3,case_018,C05,include,ok
laya_typed,3,3,case_018,C06,exclude,ok
laya_typed,3,3,case_018,C07,include,ok
laya_typed,3,3,case_018,C08,include,ok
laya_typed,3,3,case_018,C09,exclude,ok
laya_typed,3,3,case_018,C10,exclude,ok
laya_typed,3,3,case_019,C01,include,ok
laya_typed,3,3,case_019,C02,exclude,ok
laya_typed,3,3,case_019,C03,exclude,ok
laya_typed,3,3,case_019,C04,exclude,ok
laya_typed,3,3,case_019,C05,exclude,ok
laya_typed,3,3,case_019,C06,exclude,ok
laya_typed,3,3,case_019,C07,exclude,ok
laya_typed,3,3,case_019,C08,include,ok
laya_typed,3,3,case_019,C09,include,ok
laya_typed,3,3,case_019,C10,exclude,ok
laya_typed,3,3,case_020,C01,exclude,ok
laya_typed,3,3,case_020,C02,exclude,ok
laya_typed,3,3,case_020,C03,exclude,ok
laya_typed,3,3,case_020,C04,include,ok
laya_typed,3,3,case_020,C05,exclude,ok
laya_typed,3,3,case_020,C06,exclude,ok
laya_typed,3,3,case_020,C07,include,ok
laya_typed,3,3,case_020,C08,include,ok
laya_typed,3,3,case_020,C09,include,ok
laya_typed,3,3,case_020,C10,include,ok
laya_typed,3,3,case_021,C01,include,ok
laya_typed,3,3,case_021,C02,exclude,ok
laya_typed,3,3,case_021,C03,include,ok
laya_typed,3,3,case_021,C04,include,ok
laya_typed,3,3,case_021,C05,exclude,ok
laya_typed,3,3,case_021,C06,include,ok
laya_typed,3,3,case_021,C07,include,ok
laya_typed,3,3,case_021,C08,include,ok
laya_typed,3,3,case_021,C09,include,ok
laya_typed,3,3,case_021,C10,include,ok
laya_typed,3,3,case_022,C01,include,ok
laya_typed,3,3,case_022,C02,include,ok
laya_typed,3,3,case_022,C03,exclude,ok
laya_typed,3,3,case_022,C04,include,ok
laya_typed,3,3,case_022,C05,include,ok
laya_typed,3,3,case_022,C06,include,ok
laya_typed,3,3,case_022,C07,include,ok
laya_typed,3,3,case_022,C08,include,ok
laya_typed,3,3,case_022,C09,exclude,ok
laya_typed,3,3,case_022,C10,include,ok
laya_typed,3,3,case_023,C01,include,ok
laya_typed,3,3,case_023,C02,include,ok
laya_typed,3,3,case_023,C03,include,ok
laya_typed,3,3,case_023,C04,include,ok
laya_typed,3,3,case_023,C05,include,ok
laya_typed,3,3,case_023,C06,include,ok
laya_typed,3,3,case_023,C07,exclude,ok
laya_typed,3,3,case_023,C08,include,ok
laya_typed,3,3,case_023,C09,include,ok
laya_typed,3,3,case_023,C10,include,ok
laya_typed,3,3,case_024,C01,include,ok
laya_typed,3,3,case_024,C02,include,ok
laya_typed,3,3,case_024,C03,exclude,ok
laya_typed,3,3,case_024,C04,exclude,ok
laya_typed,3,3,case_024,C05,exclude,ok
laya_typed,3,3,case_024,C06,include,ok
laya_typed,3,3,case_024,C07,include,ok
laya_typed,3,3,case_024,C08,include,ok
laya_typed,3,3,case_024,C09,include,ok
laya_typed,3,3,case_024,C10,include,ok
laya_typed,3,3,case_025,C01,include,ok
laya_typed,3,3,case_025,C02,include,ok
laya_typed,3,3,case_025,C03,include,ok
laya_typed,3,3,case_025,C04,include,ok
laya_typed,3,3,case_025,C05,include,ok
laya_typed,3,3,case_025,C06,include,ok
laya_typed,3,3,case_025,C07,include,ok
laya_typed,3,3,case_025,C08,include,ok
laya_typed,3,3,case_025,C09,include,ok
laya_typed,3,3,case_025,C10,include,ok
laya_typed,3,3,case_026,C01,include,ok
laya_typed,3,3,case_026,C02,exclude,ok
laya_typed,3,3,case_026,C03,include,ok
laya_typed,3,3,case_026,C04,include,ok
laya_typed,3,3,case_026,C05,include,ok
laya_typed,3,3,case_026,C06,exclude,ok
laya_typed,3,3,case_026,C07,include,ok
laya_typed,3,3,case_026,C08,include,ok
laya_typed,3,3,case_026,C09,include,ok
laya_typed,3,3,case_026,C10,include,ok
laya_typed,3,3,case_027,C01,include,ok
laya_typed,3,3,case_027,C02,exclude,ok
laya_typed,3,3,case_027,C03,include,ok
laya_typed,3,3,case_027,C04,include,ok
laya_typed,3,3,case_027,C05,exclude,ok
laya_typed,3,3,case_027,C06,include,ok
laya_typed,3,3,case_027,C07,include,ok
laya_typed,3,3,case_027,C08,include,ok
laya_typed,3,3,case_027,C09,exclude,ok
laya_typed,3,3,case_027,C10,include,ok
laya_typed,3,3,case_028,C01,include,ok
laya_typed,3,3,case_028,C02,include,ok
laya_typed,3,3,case_028,C03,exclude,ok
laya_typed,3,3,case_028,C04,include,ok
laya_typed,3,3,case_028,C05,include,ok
laya_typed,3,3,case_028,C06,include,ok
laya_typed,3,3,case_028,C07,include,ok
laya_typed,3,3,case_028,C08,include,ok
laya_typed,3,3,case_028,C09,include,ok
laya_typed,3,3,case_028,C10,include,ok
laya_typed,3,3,case_029,C01,include,ok
laya_typed,3,3,case_029,C02,include,ok
laya_typed,3,3,case_029,C03,include,ok
laya_typed,3,3,case_029,C04,include,ok
laya_typed,3,3,case_029,C05,include,ok
laya_typed,3,3,case_029,C06,include,ok
laya_typed,3,3,case_029,C07,include,ok
laya_typed,3,3,case_029,C08,include,ok
laya_typed,3,3,case_029,C09,include,ok
laya_typed,3,3,case_029,C10,include,ok
laya_typed,3,3,case_030,C01,include,ok
laya_typed,3,3,case_030,C02,include,ok
laya_typed,3,3,case_030,C03,exclude,ok
laya_typed,3,3,case_030,C04,exclude,ok
laya_typed,3,3,case_030,C05,include,ok
laya_typed,3,3,case_030,C06,exclude,ok
laya_typed,3,3,case_030,C07,exclude,ok
laya_typed,3,3,case_030,C08,include,ok
laya_typed,3,3,case_030,C09,include,ok
laya_typed,3,3,case_030,C10,include,ok
laya_typed,3,3,case_031,C01,include,ok
laya_typed,3,3,case_031,C02,include,ok
laya_typed,3,3,case_031,C03,include,ok
laya_typed,3,3,case_031,C04,include,ok
laya_typed,3,3,case_031,C05,include,ok
laya_typed,3,3,case_031,C06,include,ok
laya_typed,3,3,case_031,C07,include,ok
laya_typed,3,3,case_031,C08,include,ok
laya_typed,3,3,case_031,C09,include,ok
laya_typed,3,3,case_031,C10,include,ok
laya_typed,3,3,case_032,C01,include,ok
laya_typed,3,3,case_032,C02,include,ok
laya_typed,3,3,case_032,C03,include,ok
laya_typed,3,3,case_032,C04,exclude,ok
laya_typed,3,3,case_032,C05,include,ok
laya_typed,3,3,case_032,C06,include,ok
laya_typed,3,3,case_032,C07,exclude,ok
laya_typed,3,3,case_032,C08,include,ok
laya_typed,3,3,case_032,C09,include,ok
laya_typed,3,3,case_032,C10,include,ok
laya_typed,3,3,case_033,C01,include,ok
laya_typed,3,3,case_033,C02,include,ok
laya_typed,3,3,case_033,C03,include,ok
laya_typed,3,3,case_033,C04,exclude,ok
laya_typed,3,3,case_033,C05,exclude,ok
laya_typed,3,3,case_033,C06,exclude,ok
laya_typed,3,3,case_033,C07,exclude,ok
laya_typed,3,3,case_033,C08,exclude,ok
laya_typed,3,3,case_033,C09,exclude,ok
laya_typed,3,3,case_033,C10,exclude,ok
laya_typed,3,3,case_034,C01,include,ok
laya_typed,3,3,case_034,C02,include,ok
laya_typed,3,3,case_034,C03,include,ok
laya_typed,3,3,case_034,C04,exclude,ok
laya_typed,3,3,case_034,C05,include,ok
laya_typed,3,3,case_034,C06,include,ok
laya_typed,3,3,case_034,C07,include,ok
laya_typed,3,3,case_034,C08,exclude,ok
laya_typed,3,3,case_034,C09,include,ok
laya_typed,3,3,case_034,C10,include,ok
laya_typed,3,3,case_035,C01,include,ok
laya_typed,3,3,case_035,C02,include,ok
laya_typed,3,3,case_035,C03,include,ok
laya_typed,3,3,case_035,C04,include,ok
laya_typed,3,3,case_035,C05,include,ok
laya_typed,3,3,case_035,C06,exclude,ok
laya_typed,3,3,case_035,C07,include,ok
laya_typed,3,3,case_035,C08,include,ok
laya_typed,3,3,case_035,C09,include,ok
laya_typed,3,3,case_035,C10,include,ok
laya_typed,3,3,case_036,C01,exclude,ok
laya_typed,3,3,case_036,C02,exclude,ok
laya_typed,3,3,case_036,C03,include,ok
laya_typed,3,3,case_036,C04,exclude,ok
laya_typed,3,3,case_036,C05,exclude,ok
laya_typed,3,3,case_036,C06,exclude,ok
laya_typed,3,3,case_036,C07,exclude,ok
laya_typed,3,3,case_036,C08,exclude,ok
laya_typed,3,3,case_036,C09,include,ok
laya_typed,3,3,case_036,C10,exclude,ok
laya_typed,3,3,case_037,C01,exclude,ok
laya_typed,3,3,case_037,C02,include,ok
laya_typed,3,3,case_037,C03,include,ok
laya_typed,3,3,case_037,C04,exclude,ok
laya_typed,3,3,case_037,C05,exclude,ok
laya_typed,3,3,case_037,C06,include,ok
laya_typed,3,3,case_037,C07,include,ok
laya_typed,3,3,case_037,C08,exclude,ok
laya_typed,3,3,case_037,C09,include,ok
laya_typed,3,3,case_037,C10,exclude,ok
laya_typed,3,3,case_038,C01,include,ok
laya_typed,3,3,case_038,C02,include,ok
laya_typed,3,3,case_038,C03,include,ok
laya_typed,3,3,case_038,C04,include,ok
laya_typed,3,3,case_038,C05,include,ok
laya_typed,3,3,case_038,C06,include,ok
laya_typed,3,3,case_038,C07,include,ok
laya_typed,3,3,case_038,C08,include,ok
laya_typed,3,3,case_038,C09,include,ok
laya_typed,3,3,case_038,C10,include,ok
laya_typed,3,3,case_039,C01,include,ok
laya_typed,3,3,case_039,C02,include,ok
laya_typed,3,3,case_039,C03,exclude,ok
laya_typed,3,3,case_039,C04,exclude,ok
laya_typed,3,3,case_039,C05,include,ok
laya_typed,3,3,case_039,C06,exclude,ok
laya_typed,3,3,case_039,C07,exclude,ok
laya_typed,3,3,case_039,C08,exclude,ok
laya_typed,3,3,case_039,C09,exclude,ok
laya_typed,3,3,case_039,C10,exclude,ok
laya_typed,3,3,case_040,C01,include,ok
laya_typed,3,3,case_040,C02,include,ok
laya_typed,3,3,case_040,C03,include,ok
laya_typed,3,3,case_040,C04,include,ok
laya_typed,3,3,case_040,C05,include,ok
laya_typed,3,3,case_040,C06,include,ok
laya_typed,3,3,case_040,C07,include,ok
laya_typed,3,3,case_040,C08,include,ok
laya_typed,3,3,case_040,C09,include,ok
laya_typed,3,3,case_040,C10,include,ok
laya_typed,3,3,case_041,C01,include,ok
laya_typed,3,3,case_041,C02,include,ok
laya_typed,3,3,case_041,C03,include,ok
laya_typed,3,3,case_041,C04,include,ok
laya_typed,3,3,case_041,C05,include,ok
laya_typed,3,3,case_041,C06,include,ok
laya_typed,3,3,case_041,C07,include,ok
laya_typed,3,3,case_041,C08,include,ok
laya_typed,3,3,case_041,C09,include,ok
laya_typed,3,3,case_041,C10,include,ok
laya_typed,3,3,case_042,C01,include,ok
laya_typed,3,3,case_042,C02,exclude,ok
laya_typed,3,3,case_042,C03,include,ok
laya_typed,3,3,case_042,C04,exclude,ok
laya_typed,3,3,case_042,C05,include,ok
laya_typed,3,3,case_042,C06,exclude,ok
laya_typed,3,3,case_042,C07,include,ok
laya_typed,3,3,case_042,C08,exclude,ok
laya_typed,3,3,case_042,C09,include,ok
laya_typed,3,3,case_042,C10,include,ok
laya_typed,3,3,case_043,C01,include,ok
laya_typed,3,3,case_043,C02,include,ok
laya_typed,3,3,case_043,C03,include,ok
laya_typed,3,3,case_043,C04,exclude,ok
laya_typed,3,3,case_043,C05,include,ok
laya_typed,3,3,case_043,C06,exclude,ok
laya_typed,3,3,case_043,C07,exclude,ok
laya_typed,3,3,case_043,C08,include,ok
laya_typed,3,3,case_043,C09,exclude,ok
laya_typed,3,3,case_043,C10,include,ok
laya_typed,3,3,case_044,C01,include,ok
laya_typed,3,3,case_044,C02,include,ok
laya_typed,3,3,case_044,C03,include,ok
laya_typed,3,3,case_044,C04,include,ok
laya_typed,3,3,case_044,C05,include,ok
laya_typed,3,3,case_044,C06,include,ok
laya_typed,3,3,case_044,C07,include,ok
laya_typed,3,3,case_044,C08,include,ok
laya_typed,3,3,case_044,C09,exclude,ok
laya_typed,3,3,case_044,C10,exclude,ok
laya_typed,3,3,case_045,C01,include,ok
laya_typed,3,3,case_045,C02,include,ok
laya_typed,3,3,case_045,C03,include,ok
laya_typed,3,3,case_045,C04,include,ok
laya_typed,3,3,case_045,C05,include,ok
laya_typed,3,3,case_045,C06,include,ok
laya_typed,3,3,case_045,C07,include,ok
laya_typed,3,3,case_045,C08,exclude,ok
laya_typed,3,3,case_045,C09,include,ok
laya_typed,3,3,case_045,C10,include,ok
laya_typed,3,3,case_046,C01,include,ok
laya_typed,3,3,case_046,C02,include,ok
laya_typed,3,3,case_046,C03,include,ok
laya_typed,3,3,case_046,C04,include,ok
laya_typed,3,3,case_046,C05,include,ok
laya_typed,3,3,case_046,C06,include,ok
laya_typed,3,3,case_046,C07,include,ok
laya_typed,3,3,case_046,C08,include,ok
laya_typed,3,3,case_046,C09,include,ok
laya_typed,3,3,case_046,C10,include,ok
laya_typed,3,3,case_047,C01,include,ok
laya_typed,3,3,case_047,C02,include,ok
laya_typed,3,3,case_047,C03,include,ok
laya_typed,3,3,case_047,C04,exclude,ok
laya_typed,3,3,case_047,C05,exclude,ok
laya_typed,3,3,case_047,C06,include,ok
laya_typed,3,3,case_047,C07,exclude,ok
laya_typed,3,3,case_047,C08,include,ok
laya_typed,3,3,case_047,C09,exclude,ok
laya_typed,3,3,case_047,C10,exclude,ok
laya_typed,3,3,case_048,C01,include,ok
laya_typed,3,3,case_048,C02,include,ok
laya_typed,3,3,case_048,C03,exclude,ok
laya_typed,3,3,case_048,C04,include,ok
laya_typed,3,3,case_048,C05,include,ok
laya_typed,3,3,case_048,C06,include,ok
laya_typed,3,3,case_048,C07,include,ok
laya_typed,3,3,case_048,C08,include,ok
laya_typed,3,3,case_048,C09,include,ok
laya_typed,3,3,case_048,C10,include,ok
laya_typed,3,3,case_049,C01,include,ok
laya_typed,3,3,case_049,C02,include,ok
laya_typed,3,3,case_049,C03,exclude,ok
laya_typed,3,3,case_049,C04,include,ok
laya_typed,3,3,case_049,C05,include,ok
laya_typed,3,3,case_049,C06,include,ok
laya_typed,3,3,case_049,C07,include,ok
laya_typed,3,3,case_049,C08,include,ok
laya_typed,3,3,case_049,C09,include,ok
laya_typed,3,3,case_049,C10,exclude,ok
laya_typed,3,3,case_050,C01,exclude,ok
laya_typed,3,3,case_050,C02,include,ok
laya_typed,3,3,case_050,C03,include,ok
laya_typed,3,3,case_050,C04,include,ok
laya_typed,3,3,case_050,C05,include,ok
laya_typed,3,3,case_050,C06,include,ok
laya_typed,3,3,case_050,C07,include,ok
laya_typed,3,3,case_050,C08,include,ok
laya_typed,3,3,case_050,C09,exclude,ok
laya_typed,3,3,case_050,C10,include,ok
laya_typed,3,3,case_051,C01,exclude,ok
laya_typed,3,3,case_051,C02,exclude,ok
laya_typed,3,3,case_051,C03,include,ok
laya_typed,3,3,case_051,C04,exclude,ok
laya_typed,3,3,case_051,C05,exclude,ok
laya_typed,3,3,case_051,C06,exclude,ok
laya_typed,3,3,case_051,C07,exclude,ok
laya_typed,3,3,case_051,C08,exclude,ok
laya_typed,3,3,case_051,C09,exclude,ok
laya_typed,3,3,case_051,C10,exclude,ok
laya_typed,3,3,case_052,C01,include,ok
laya_typed,3,3,case_052,C02,exclude,ok
laya_typed,3,3,case_052,C03,exclude,ok
laya_typed,3,3,case_052,C04,exclude,ok
laya_typed,3,3,case_052,C05,include,ok
laya_typed,3,3,case_052,C06,include,ok
laya_typed,3,3,case_052,C07,include,ok
laya_typed,3,3,case_052,C08,include,ok
laya_typed,3,3,case_052,C09,include,ok
laya_typed,3,3,case_052,C10,exclude,ok
laya_typed,3,3,case_053,C01,exclude,ok
laya_typed,3,3,case_053,C02,exclude,ok
laya_typed,3,3,case_053,C03,exclude,ok
laya_typed,3,3,case_053,C04,exclude,ok
laya_typed,3,3,case_053,C05,exclude,ok
laya_typed,3,3,case_053,C06,exclude,ok
laya_typed,3,3,case_053,C07,include,ok
laya_typed,3,3,case_053,C08,exclude,ok
laya_typed,3,3,case_053,C09,exclude,ok
laya_typed,3,3,case_053,C10,exclude,ok
laya_typed,3,3,case_054,C01,include,ok
laya_typed,3,3,case_054,C02,exclude,ok
laya_typed,3,3,case_054,C03,include,ok
laya_typed,3,3,case_054,C04,include,ok
laya_typed,3,3,case_054,C05,include,ok
laya_typed,3,3,case_054,C06,exclude,ok
laya_typed,3,3,case_054,C07,include,ok
laya_typed,3,3,case_054,C08,exclude,ok
laya_typed,3,3,case_054,C09,include,ok
laya_typed,3,3,case_054,C10,include,ok
laya_typed,3,3,case_055,C01,include,ok
laya_typed,3,3,case_055,C02,include,ok
laya_typed,3,3,case_055,C03,include,ok
laya_typed,3,3,case_055,C04,include,ok
laya_typed,3,3,case_055,C05,include,ok
laya_typed,3,3,case_055,C06,include,ok
laya_typed,3,3,case_055,C07,include,ok
laya_typed,3,3,case_055,C08,include,ok
laya_typed,3,3,case_055,C09,include,ok
laya_typed,3,3,case_055,C10,include,ok
laya_typed,3,3,case_056,C01,include,ok
laya_typed,3,3,case_056,C02,include,ok
laya_typed,3,3,case_056,C03,include,ok
laya_typed,3,3,case_056,C04,include,ok
laya_typed,3,3,case_056,C05,include,ok
laya_typed,3,3,case_056,C06,include,ok
laya_typed,3,3,case_056,C07,include,ok
laya_typed,3,3,case_056,C08,include,ok
laya_typed,3,3,case_056,C09,include,ok
laya_typed,3,3,case_056,C10,include,ok
laya_typed,3,3,case_057,C01,exclude,ok
laya_typed,3,3,case_057,C02,exclude,ok
laya_typed,3,3,case_057,C03,include,ok
laya_typed,3,3,case_057,C04,include,ok
laya_typed,3,3,case_057,C05,exclude,ok
laya_typed,3,3,case_057,C06,include,ok
laya_typed,3,3,case_057,C07,include,ok
laya_typed,3,3,case_057,C08,exclude,ok
laya_typed,3,3,case_057,C09,exclude,ok
laya_typed,3,3,case_057,C10,exclude,ok
laya_typed,3,3,case_058,C01,include,ok
laya_typed,3,3,case_058,C02,exclude,ok
laya_typed,3,3,case_058,C03,include,ok
laya_typed,3,3,case_058,C04,include,ok
laya_typed,3,3,case_058,C05,exclude,ok
laya_typed,3,3,case_058,C06,exclude,ok
laya_typed,3,3,case_058,C07,include,ok
laya_typed,3,3,case_058,C08,include,ok
laya_typed,3,3,case_058,C09,include,ok
laya_typed,3,3,case_058,C10,include,ok
laya_typed,3,3,case_059,C01,exclude,ok
laya_typed,3,3,case_059,C02,include,ok
laya_typed,3,3,case_059,C03,include,ok
laya_typed,3,3,case_059,C04,include,ok
laya_typed,3,3,case_059,C05,exclude,ok
laya_typed,3,3,case_059,C06,exclude,ok
laya_typed,3,3,case_059,C07,include,ok
laya_typed,3,3,case_059,C08,include,ok
laya_typed,3,3,case_059,C09,include,ok
laya_typed,3,3,case_059,C10,exclude,ok
laya_typed,3,3,case_060,C01,include,ok
laya_typed,3,3,case_060,C02,include,ok
laya_typed,3,3,case_060,C03,include,ok
laya_typed,3,3,case_060,C04,exclude,ok
laya_typed,3,3,case_060,C05,exclude,ok
laya_typed,3,3,case_060,C06,exclude,ok
laya_typed,3,3,case_060,C07,exclude,ok
laya_typed,3,3,case_060,C08,exclude,ok
laya_typed,3,3,case_060,C09,include,ok
laya_typed,3,3,case_060,C10,exclude,ok
laya_typed,3,3,case_061,C01,include,ok
laya_typed,3,3,case_061,C02,include,ok
laya_typed,3,3,case_061,C03,exclude,ok
laya_typed,3,3,case_061,C04,include,ok
laya_typed,3,3,case_061,C05,exclude,ok
laya_typed,3,3,case_061,C06,include,ok
laya_typed,3,3,case_061,C07,exclude,ok
laya_typed,3,3,case_061,C08,exclude,ok
laya_typed,3,3,case_061,C09,exclude,ok
laya_typed,3,3,case_061,C10,include,ok
laya_typed,3,3,case_062,C01,include,ok
laya_typed,3,3,case_062,C02,exclude,ok
laya_typed,3,3,case_062,C03,exclude,ok
laya_typed,3,3,case_062,C04,exclude,ok
laya_typed,3,3,case_062,C05,exclude,ok
laya_typed,3,3,case_062,C06,exclude,ok
laya_typed,3,3,case_062,C07,include,ok
laya_typed,3,3,case_062,C08,exclude,ok
laya_typed,3,3,case_062,C09,exclude,ok
laya_typed,3,3,case_062,C10,exclude,ok
laya_typed,3,3,case_063,C01,include,ok
laya_typed,3,3,case_063,C02,include,ok
laya_typed,3,3,case_063,C03,include,ok
laya_typed,3,3,case_063,C04,include,ok
laya_typed,3,3,case_063,C05,include,ok
laya_typed,3,3,case_063,C06,include,ok
laya_typed,3,3,case_063,C07,include,ok
laya_typed,3,3,case_063,C08,include,ok
laya_typed,3,3,case_063,C09,include,ok
laya_typed,3,3,case_063,C10,include,ok
laya_typed,3,3,case_064,C01,include,ok
laya_typed,3,3,case_064,C02,exclude,ok
laya_typed,3,3,case_064,C03,exclude,ok
laya_typed,3,3,case_064,C04,include,ok
laya_typed,3,3,case_064,C05,exclude,ok
laya_typed,3,3,case_064,C06,include,ok
laya_typed,3,3,case_064,C07,exclude,ok
laya_typed,3,3,case_064,C08,include,ok
laya_typed,3,3,case_064,C09,exclude,ok
laya_typed,3,3,case_064,C10,exclude,ok
laya_typed,3,3,case_065,C01,include,ok
laya_typed,3,3,case_065,C02,include,ok
laya_typed,3,3,case_065,C03,include,ok
laya_typed,3,3,case_065,C04,include,ok
laya_typed,3,3,case_065,C05,include,ok
laya_typed,3,3,case_065,C06,include,ok
laya_typed,3,3,case_065,C07,include,ok
laya_typed,3,3,case_065,C08,include,ok
laya_typed,3,3,case_065,C09,include,ok
laya_typed,3,3,case_065,C10,include,ok
laya_typed,3,3,case_066,C01,include,ok
laya_typed,3,3,case_066,C02,include,ok
laya_typed,3,3,case_066,C03,include,ok
laya_typed,3,3,case_066,C04,exclude,ok
laya_typed,3,3,case_066,C05,include,ok
laya_typed,3,3,case_066,C06,exclude,ok
laya_typed,3,3,case_066,C07,include,ok
laya_typed,3,3,case_066,C08,exclude,ok
laya_typed,3,3,case_066,C09,exclude,ok
laya_typed,3,3,case_066,C10,exclude,ok
laya_typed,3,3,case_067,C01,exclude,ok
laya_typed,3,3,case_067,C02,include,ok
laya_typed,3,3,case_067,C03,include,ok
laya_typed,3,3,case_067,C04,include,ok
laya_typed,3,3,case_067,C05,exclude,ok
laya_typed,3,3,case_067,C06,include,ok
laya_typed,3,3,case_067,C07,include,ok
laya_typed,3,3,case_067,C08,include,ok
laya_typed,3,3,case_067,C09,include,ok
laya_typed,3,3,case_067,C10,exclude,ok
laya_typed,3,3,case_068,C01,include,ok
laya_typed,3,3,case_068,C02,include,ok
laya_typed,3,3,case_068,C03,exclude,ok
laya_typed,3,3,case_068,C04,include,ok
laya_typed,3,3,case_068,C05,include,ok
laya_typed,3,3,case_068,C06,include,ok
laya_typed,3,3,case_068,C07,include,ok
laya_typed,3,3,case_068,C08,include,ok
laya_typed,3,3,case_068,C09,include,ok
laya_typed,3,3,case_068,C10,include,ok
laya_typed,3,3,case_069,C01,include,ok
laya_typed,3,3,case_069,C02,include,ok
laya_typed,3,3,case_069,C03,include,ok
laya_typed,3,3,case_069,C04,include,ok
laya_typed,3,3,case_069,C05,include,ok
laya_typed,3,3,case_069,C06,include,ok
laya_typed,3,3,case_069,C07,include,ok
laya_typed,3,3,case_069,C08,include,ok
laya_typed,3,3,case_069,C09,exclude,ok
laya_typed,3,3,case_069,C10,include,ok
laya_typed,3,3,case_070,C01,include,ok
laya_typed,3,3,case_070,C02,exclude,ok
laya_typed,3,3,case_070,C03,exclude,ok
laya_typed,3,3,case_070,C04,include,ok
laya_typed,3,3,case_070,C05,include,ok
laya_typed,3,3,case_070,C06,include,ok
laya_typed,3,3,case_070,C07,include,ok
laya_typed,3,3,case_070,C08,include,ok
laya_typed,3,3,case_070,C09,include,ok
laya_typed,3,3,case_070,C10,include,ok
laya_typed,3,3,case_071,C01,exclude,ok
laya_typed,3,3,case_071,C02,include,ok
laya_typed,3,3,case_071,C03,include,ok
laya_typed,3,3,case_071,C04,include,ok
laya_typed,3,3,case_071,C05,include,ok
laya_typed,3,3,case_071,C06,include,ok
laya_typed,3,3,case_071,C07,exclude,ok
laya_typed,3,3,case_071,C08,include,ok
laya_typed,3,3,case_071,C09,exclude,ok
laya_typed,3,3,case_071,C10,include,ok
laya_typed,3,3,case_072,C01,include,ok
laya_typed,3,3,case_072,C02,include,ok
laya_typed,3,3,case_072,C03,include,ok
laya_typed,3,3,case_072,C04,include,ok
laya_typed,3,3,case_072,C05,include,ok
laya_typed,3,3,case_072,C06,include,ok
laya_typed,3,3,case_072,C07,include,ok
laya_typed,3,3,case_072,C08,include,ok
laya_typed,3,3,case_072,C09,include,ok
laya_typed,3,3,case_072,C10,exclude,ok
laya_typed,3,3,case_073,C01,exclude,ok
laya_typed,3,3,case_073,C02,include,ok
laya_typed,3,3,case_073,C03,include,ok
laya_typed,3,3,case_073,C04,exclude,ok
laya_typed,3,3,case_073,C05,include,ok
laya_typed,3,3,case_073,C06,include,ok
laya_typed,3,3,case_073,C07,include,ok
laya_typed,3,3,case_073,C08,include,ok
laya_typed,3,3,case_073,C09,include,ok
laya_typed,3,3,case_073,C10,include,ok
laya_typed,3,3,case_074,C01,include,ok
laya_typed,3,3,case_074,C02,include,ok
laya_typed,3,3,case_074,C03,include,ok
laya_typed,3,3,case_074,C04,include,ok
laya_typed,3,3,case_074,C05,include,ok
laya_typed,3,3,case_074,C06,exclude,ok
laya_typed,3,3,case_074,C07,include,ok
laya_typed,3,3,case_074,C08,include,ok
laya_typed,3,3,case_074,C09,include,ok
laya_typed,3,3,case_074,C10,include,ok
laya_typed,3,3,case_075,C01,include,ok
laya_typed,3,3,case_075,C02,exclude,ok
laya_typed,3,3,case_075,C03,exclude,ok
laya_typed,3,3,case_075,C04,exclude,ok
laya_typed,3,3,case_075,C05,exclude,ok
laya_typed,3,3,case_075,C06,exclude,ok
laya_typed,3,3,case_075,C07,exclude,ok
laya_typed,3,3,case_075,C08,exclude,ok
laya_typed,3,3,case_075,C09,exclude,ok
laya_typed,3,3,case_075,C10,exclude,ok
laya_typed,3,3,case_076,C01,include,ok
laya_typed,3,3,case_076,C02,include,ok
laya_typed,3,3,case_076,C03,include,ok
laya_typed,3,3,case_076,C04,include,ok
laya_typed,3,3,case_076,C05,include,ok
laya_typed,3,3,case_076,C06,exclude,ok
laya_typed,3,3,case_076,C07,include,ok
laya_typed,3,3,case_076,C08,include,ok
laya_typed,3,3,case_076,C09,include,ok
laya_typed,3,3,case_076,C10,include,ok
laya_typed,3,3,case_077,C01,include,ok
laya_typed,3,3,case_077,C02,exclude,ok
laya_typed,3,3,case_077,C03,include,ok
laya_typed,3,3,case_077,C04,include,ok
laya_typed,3,3,case_077,C05,include,ok
laya_typed,3,3,case_077,C06,include,ok
laya_typed,3,3,case_077,C07,exclude,ok
laya_typed,3,3,case_077,C08,include,ok
laya_typed,3,3,case_077,C09,include,ok
laya_typed,3,3,case_077,C10,include,ok
laya_typed,3,3,case_078,C01,include,ok
laya_typed,3,3,case_078,C02,include,ok
laya_typed,3,3,case_078,C03,include,ok
laya_typed,3,3,case_078,C04,include,ok
laya_typed,3,3,case_078,C05,exclude,ok
laya_typed,3,3,case_078,C06,include,ok
laya_typed,3,3,case_078,C07,include,ok
laya_typed,3,3,case_078,C08,include,ok
laya_typed,3,3,case_078,C09,exclude,ok
laya_typed,3,3,case_078,C10,include,ok
laya_typed,3,3,case_079,C01,exclude,ok
laya_typed,3,3,case_079,C02,include,ok
laya_typed,3,3,case_079,C03,include,ok
laya_typed,3,3,case_079,C04,exclude,ok
laya_typed,3,3,case_079,C05,exclude,ok
laya_typed,3,3,case_079,C06,exclude,ok
laya_typed,3,3,case_079,C07,exclude,ok
laya_typed,3,3,case_079,C08,include,ok
laya_typed,3,3,case_079,C09,include,ok
laya_typed,3,3,case_079,C10,include,ok
laya_typed,3,3,case_080,C01,exclude,ok
laya_typed,3,3,case_080,C02,include,ok
laya_typed,3,3,case_080,C03,include,ok
laya_typed,3,3,case_080,C04,include,ok
laya_typed,3,3,case_080,C05,include,ok
laya_typed,3,3,case_080,C06,include,ok
laya_typed,3,3,case_080,C07,include,ok
laya_typed,3,3,case_080,C08,include,ok
laya_typed,3,3,case_080,C09,exclude,ok
laya_typed,3,3,case_080,C10,exclude,ok
laya_typed,3,3,case_081,C01,include,ok
laya_typed,3,3,case_081,C02,include,ok
laya_typed,3,3,case_081,C03,exclude,ok
laya_typed,3,3,case_081,C04,include,ok
laya_typed,3,3,case_081,C05,include,ok
laya_typed,3,3,case_081,C06,include,ok
laya_typed,3,3,case_081,C07,exclude,ok
laya_typed,3,3,case_081,C08,exclude,ok
laya_typed,3,3,case_081,C09,include,ok
laya_typed,3,3,case_081,C10,include,ok
laya_typed,3,3,case_082,C01,include,ok
laya_typed,3,3,case_082,C02,include,ok
laya_typed,3,3,case_082,C03,include,ok
laya_typed,3,3,case_082,C04,include,ok
laya_typed,3,3,case_082,C05,include,ok
laya_typed,3,3,case_082,C06,include,ok
laya_typed,3,3,case_082,C07,include,ok
laya_typed,3,3,case_082,C08,include,ok
laya_typed,3,3,case_082,C09,include,ok
laya_typed,3,3,case_082,C10,include,ok
laya_typed,3,3,case_083,C01,exclude,ok
laya_typed,3,3,case_083,C02,exclude,ok
laya_typed,3,3,case_083,C03,exclude,ok
laya_typed,3,3,case_083,C04,exclude,ok
laya_typed,3,3,case_083,C05,exclude,ok
laya_typed,3,3,case_083,C06,exclude,ok
laya_typed,3,3,case_083,C07,exclude,ok
laya_typed,3,3,case_083,C08,include,ok
laya_typed,3,3,case_083,C09,exclude,ok
laya_typed,3,3,case_083,C10,exclude,ok
laya_typed,3,3,case_084,C01,include,ok
laya_typed,3,3,case_084,C02,include,ok
laya_typed,3,3,case_084,C03,include,ok
laya_typed,3,3,case_084,C04,include,ok
laya_typed,3,3,case_084,C05,include,ok
laya_typed,3,3,case_084,C06,exclude,ok
laya_typed,3,3,case_084,C07,include,ok
laya_typed,3,3,case_084,C08,include,ok
laya_typed,3,3,case_084,C09,exclude,ok
laya_typed,3,3,case_084,C10,include,ok
laya_typed,3,3,case_085,C01,include,ok
laya_typed,3,3,case_085,C02,include,ok
laya_typed,3,3,case_085,C03,include,ok
laya_typed,3,3,case_085,C04,exclude,ok
laya_typed,3,3,case_085,C05,exclude,ok
laya_typed,3,3,case_085,C06,exclude,ok
laya_typed,3,3,case_085,C07,include,ok
laya_typed,3,3,case_085,C08,include,ok
laya_typed,3,3,case_085,C09,include,ok
laya_typed,3,3,case_085,C10,include,ok
laya_typed,3,3,case_086,C01,include,ok
laya_typed,3,3,case_086,C02,include,ok
laya_typed,3,3,case_086,C03,include,ok
laya_typed,3,3,case_086,C04,exclude,ok
laya_typed,3,3,case_086,C05,include,ok
laya_typed,3,3,case_086,C06,include,ok
laya_typed,3,3,case_086,C07,include,ok
laya_typed,3,3,case_086,C08,include,ok
laya_typed,3,3,case_086,C09,include,ok
laya_typed,3,3,case_086,C10,include,ok
laya_typed,3,3,case_087,C01,include,ok
laya_typed,3,3,case_087,C02,include,ok
laya_typed,3,3,case_087,C03,include,ok
laya_typed,3,3,case_087,C04,exclude,ok
laya_typed,3,3,case_087,C05,include,ok
laya_typed,3,3,case_087,C06,include,ok
laya_typed,3,3,case_087,C07,include,ok
laya_typed,3,3,case_087,C08,include,ok
laya_typed,3,3,case_087,C09,include,ok
laya_typed,3,3,case_087,C10,include,ok
laya_typed,3,3,case_088,C01,include,ok
laya_typed,3,3,case_088,C02,include,ok
laya_typed,3,3,case_088,C03,include,ok
laya_typed,3,3,case_088,C04,exclude,ok
laya_typed,3,3,case_088,C05,include,ok
laya_typed,3,3,case_088,C06,include,ok
laya_typed,3,3,case_088,C07,include,ok
laya_typed,3,3,case_088,C08,include,ok
laya_typed,3,3,case_088,C09,include,ok
laya_typed,3,3,case_088,C10,include,ok
laya_typed,3,3,case_089,C01,include,ok
laya_typed,3,3,case_089,C02,include,ok
laya_typed,3,3,case_089,C03,exclude,ok
laya_typed,3,3,case_089,C04,include,ok
laya_typed,3,3,case_089,C05,include,ok
laya_typed,3,3,case_089,C06,include,ok
laya_typed,3,3,case_089,C07,include,ok
laya_typed,3,3,case_089,C08,include,ok
laya_typed,3,3,case_089,C09,include,ok
laya_typed,3,3,case_089,C10,include,ok
laya_typed,3,3,case_090,C01,include,ok
laya_typed,3,3,case_090,C02,exclude,ok
laya_typed,3,3,case_090,C03,exclude,ok
laya_typed,3,3,case_090,C04,exclude,ok
laya_typed,3,3,case_090,C05,exclude,ok
laya_typed,3,3,case_090,C06,include,ok
laya_typed,3,3,case_090,C07,exclude,ok
laya_typed,3,3,case_090,C08,exclude,ok
laya_typed,3,3,case_090,C09,exclude,ok
laya_typed,3,3,case_090,C10,exclude,ok
laya_typed,3,3,case_091,C01,include,ok
laya_typed,3,3,case_091,C02,include,ok
laya_typed,3,3,case_091,C03,exclude,ok
laya_typed,3,3,case_091,C04,include,ok
laya_typed,3,3,case_091,C05,exclude,ok
laya_typed,3,3,case_091,C06,exclude,ok
laya_typed,3,3,case_091,C07,exclude,ok
laya_typed,3,3,case_091,C08,include,ok
laya_typed,3,3,case_091,C09,include,ok
laya_typed,3,3,case_091,C10,exclude,ok
laya_typed,3,3,case_092,C01,include,ok
laya_typed,3,3,case_092,C02,include,ok
laya_typed,3,3,case_092,C03,exclude,ok
laya_typed,3,3,case_092,C04,exclude,ok
laya_typed,3,3,case_092,C05,exclude,ok
laya_typed,3,3,case_092,C06,include,ok
laya_typed,3,3,case_092,C07,include,ok
laya_typed,3,3,case_092,C08,include,ok
laya_typed,3,3,case_092,C09,exclude,ok
laya_typed,3,3,case_092,C10,exclude,ok
laya_typed,3,3,case_093,C01,include,ok
laya_typed,3,3,case_093,C02,include,ok
laya_typed,3,3,case_093,C03,include,ok
laya_typed,3,3,case_093,C04,include,ok
laya_typed,3,3,case_093,C05,include,ok
laya_typed,3,3,case_093,C06,exclude,ok
laya_typed,3,3,case_093,C07,include,ok
laya_typed,3,3,case_093,C08,include,ok
laya_typed,3,3,case_093,C09,exclude,ok
laya_typed,3,3,case_093,C10,exclude,ok
laya_typed,3,3,case_094,C01,include,ok
laya_typed,3,3,case_094,C02,include,ok
laya_typed,3,3,case_094,C03,include,ok
laya_typed,3,3,case_094,C04,exclude,ok
laya_typed,3,3,case_094,C05,include,ok
laya_typed,3,3,case_094,C06,include,ok
laya_typed,3,3,case_094,C07,include,ok
laya_typed,3,3,case_094,C08,include,ok
laya_typed,3,3,case_094,C09,include,ok
laya_typed,3,3,case_094,C10,include,ok
laya_typed,3,3,case_095,C01,exclude,ok
laya_typed,3,3,case_095,C02,include,ok
laya_typed,3,3,case_095,C03,include,ok
laya_typed,3,3,case_095,C04,include,ok
laya_typed,3,3,case_095,C05,include,ok
laya_typed,3,3,case_095,C06,exclude,ok
laya_typed,3,3,case_095,C07,include,ok
laya_typed,3,3,case_095,C08,exclude,ok
laya_typed,3,3,case_095,C09,exclude,ok
laya_typed,3,3,case_095,C10,exclude,ok
laya_typed,3,3,case_096,C01,include,ok
laya_typed,3,3,case_096,C02,include,ok
laya_typed,3,3,case_096,C03,include,ok
laya_typed,3,3,case_096,C04,include,ok
laya_typed,3,3,case_096,C05,include,ok
laya_typed,3,3,case_096,C06,include,ok
laya_typed,3,3,case_096,C07,include,ok
laya_typed,3,3,case_096,C08,include,ok
laya_typed,3,3,case_096,C09,include,ok
laya_typed,3,3,case_096,C10,include,ok
laya_typed,3,3,case_097,C01,include,ok
laya_typed,3,3,case_097,C02,include,ok
laya_typed,3,3,case_097,C03,include,ok
laya_typed,3,3,case_097,C04,include,ok
laya_typed,3,3,case_097,C05,include,ok
laya_typed,3,3,case_097,C06,include,ok
laya_typed,3,3,case_097,C07,include,ok
laya_typed,3,3,case_097,C08,include,ok
laya_typed,3,3,case_097,C09,include,ok
laya_typed,3,3,case_097,C10,include,ok
laya_typed,3,3,case_098,C01,include,ok
laya_typed,3,3,case_098,C02,include,ok
laya_typed,3,3,case_098,C03,include,ok
laya_typed,3,3,case_098,C04,include,ok
laya_typed,3,3,case_098,C05,include,ok
laya_typed,3,3,case_098,C06,exclude,ok
laya_typed,3,3,case_098,C07,exclude,ok
laya_typed,3,3,case_098,C08,exclude,ok
laya_typed,3,3,case_098,C09,include,ok
laya_typed,3,3,case_098,C10,include,ok
laya_typed,3,3,case_099,C01,include,ok
laya_typed,3,3,case_099,C02,include,ok
laya_typed,3,3,case_099,C03,include,ok
laya_typed,3,3,case_099,C04,include,ok
laya_typed,3,3,case_099,C05,include,ok
laya_typed,3,3,case_099,C06,include,ok
laya_typed,3,3,case_099,C07,include,ok
laya_typed,3,3,case_099,C08,include,ok
laya_typed,3,3,case_099,C09,exclude,ok
laya_typed,3,3,case_099,C10,include,ok
laya_typed,3,3,case_100,C01,include,ok
laya_typed,3,3,case_100,C02,exclude,ok
laya_typed,3,3,case_100,C03,exclude,ok
laya_typed,3,3,case_100,C04,exclude,ok
laya_typed,3,3,case_100,C05,exclude,ok
laya_typed,3,3,case_100,C06,exclude,ok
laya_typed,3,3,case_100,C07,include,ok
laya_typed,3,3,case_100,C08,exclude,ok
laya_typed,3,3,case_100,C09,exclude,ok
laya_typed,3,3,case_100,C10,exclude,ok
lfm,1,1,case_001,C01,include,ok
lfm,1,1,case_001,C02,include,ok
lfm,1,1,case_001,C03,include,ok
lfm,1,1,case_001,C04,include,ok
lfm,1,1,case_001,C05,include,ok
lfm,1,1,case_001,C06,include,ok
lfm,1,1,case_001,C07,include,ok
lfm,1,1,case_001,C08,include,ok
lfm,1,1,case_001,C09,include,ok
lfm,1,1,case_001,C10,include,ok
lfm,1,1,case_002,C01,include,ok
lfm,1,1,case_002,C02,include,ok
lfm,1,1,case_002,C03,include,ok
lfm,1,1,case_002,C04,include,ok
lfm,1,1,case_002,C05,include,ok
lfm,1,1,case_002,C06,include,ok
lfm,1,1,case_002,C07,include,ok
lfm,1,1,case_002,C08,include,ok
lfm,1,1,case_002,C09,include,ok
lfm,1,1,case_002,C10,include,ok
lfm,1,1,case_003,C01,include,ok
lfm,1,1,case_003,C02,include,ok
lfm,1,1,case_003,C03,include,ok
lfm,1,1,case_003,C04,include,ok
lfm,1,1,case_003,C05,include,ok
lfm,1,1,case_003,C06,include,ok
lfm,1,1,case_003,C07,include,ok
lfm,1,1,case_003,C08,include,ok
lfm,1,1,case_003,C09,include,ok
lfm,1,1,case_003,C10,include,ok
lfm,1,1,case_004,C01,include,ok
lfm,1,1,case_004,C02,include,ok
lfm,1,1,case_004,C03,include,ok
lfm,1,1,case_004,C04,include,ok
lfm,1,1,case_004,C05,include,ok
lfm,1,1,case_004,C06,include,ok
lfm,1,1,case_004,C07,include,ok
lfm,1,1,case_004,C08,include,ok
lfm,1,1,case_004,C09,include,ok
lfm,1,1,case_004,C10,include,ok
lfm,1,1,case_005,C01,include,ok
lfm,1,1,case_005,C02,include,ok
lfm,1,1,case_005,C03,include,ok
lfm,1,1,case_005,C04,include,ok
lfm,1,1,case_005,C05,include,ok
lfm,1,1,case_005,C06,include,ok
lfm,1,1,case_005,C07,include,ok
lfm,1,1,case_005,C08,include,ok
lfm,1,1,case_005,C09,include,ok
lfm,1,1,case_005,C10,include,ok
lfm,1,1,case_006,C01,include,ok
lfm,1,1,case_006,C02,include,ok
lfm,1,1,case_006,C03,include,ok
lfm,1,1,case_006,C04,include,ok
lfm,1,1,case_006,C05,include,ok
lfm,1,1,case_006,C06,include,ok
lfm,1,1,case_006,C07,include,ok
lfm,1,1,case_006,C08,include,ok
lfm,1,1,case_006,C09,include,ok
lfm,1,1,case_006,C10,include,ok
lfm,1,1,case_007,C01,include,ok
lfm,1,1,case_007,C02,include,ok
lfm,1,1,case_007,C03,include,ok
lfm,1,1,case_007,C04,include,ok
lfm,1,1,case_007,C05,include,ok
lfm,1,1,case_007,C06,include,ok
lfm,1,1,case_007,C07,include,ok
lfm,1,1,case_007,C08,include,ok
lfm,1,1,case_007,C09,include,ok
lfm,1,1,case_007,C10,include,ok
lfm,1,1,case_008,C01,include,ok
lfm,1,1,case_008,C02,include,ok
lfm,1,1,case_008,C03,include,ok
lfm,1,1,case_008,C04,include,ok
lfm,1,1,case_008,C05,include,ok
lfm,1,1,case_008,C06,include,ok
lfm,1,1,case_008,C07,include,ok
lfm,1,1,case_008,C08,include,ok
lfm,1,1,case_008,C09,include,ok
lfm,1,1,case_008,C10,include,ok
lfm,1,1,case_009,C01,include,ok
lfm,1,1,case_009,C02,include,ok
lfm,1,1,case_009,C03,include,ok
lfm,1,1,case_009,C04,include,ok
lfm,1,1,case_009,C05,include,ok
lfm,1,1,case_009,C06,include,ok
lfm,1,1,case_009,C07,include,ok
lfm,1,1,case_009,C08,include,ok
lfm,1,1,case_009,C09,include,ok
lfm,1,1,case_009,C10,include,ok
lfm,1,1,case_010,C01,include,ok
lfm,1,1,case_010,C02,include,ok
lfm,1,1,case_010,C03,include,ok
lfm,1,1,case_010,C04,include,ok
lfm,1,1,case_010,C05,include,ok
lfm,1,1,case_010,C06,include,ok
lfm,1,1,case_010,C07,include,ok
lfm,1,1,case_010,C08,include,ok
lfm,1,1,case_010,C09,include,ok
lfm,1,1,case_010,C10,include,ok
lfm,1,1,case_011,C01,include,ok
lfm,1,1,case_011,C02,include,ok
lfm,1,1,case_011,C03,include,ok
lfm,1,1,case_011,C04,include,ok
lfm,1,1,case_011,C05,include,ok
lfm,1,1,case_011,C06,include,ok
lfm,1,1,case_011,C07,include,ok
lfm,1,1,case_011,C08,include,ok
lfm,1,1,case_011,C09,include,ok
lfm,1,1,case_011,C10,include,ok
lfm,1,1,case_012,C01,include,ok
lfm,1,1,case_012,C02,include,ok
lfm,1,1,case_012,C03,include,ok
lfm,1,1,case_012,C04,include,ok
lfm,1,1,case_012,C05,include,ok
lfm,1,1,case_012,C06,include,ok
lfm,1,1,case_012,C07,include,ok
lfm,1,1,case_012,C08,include,ok
lfm,1,1,case_012,C09,include,ok
lfm,1,1,case_012,C10,include,ok
lfm,1,1,case_013,C01,include,ok
lfm,1,1,case_013,C02,include,ok
lfm,1,1,case_013,C03,include,ok
lfm,1,1,case_013,C04,include,ok
lfm,1,1,case_013,C05,include,ok
lfm,1,1,case_013,C06,include,ok
lfm,1,1,case_013,C07,include,ok
lfm,1,1,case_013,C08,include,ok
lfm,1,1,case_013,C09,include,ok
lfm,1,1,case_013,C10,include,ok
lfm,1,1,case_014,C01,include,ok
lfm,1,1,case_014,C02,include,ok
lfm,1,1,case_014,C03,include,ok
lfm,1,1,case_014,C04,include,ok
lfm,1,1,case_014,C05,include,ok
lfm,1,1,case_014,C06,include,ok
lfm,1,1,case_014,C07,include,ok
lfm,1,1,case_014,C08,include,ok
lfm,1,1,case_014,C09,include,ok
lfm,1,1,case_014,C10,include,ok
lfm,1,1,case_015,C01,exclude,ok
lfm,1,1,case_015,C02,include,ok
lfm,1,1,case_015,C03,include,ok
lfm,1,1,case_015,C04,include,ok
lfm,1,1,case_015,C05,include,ok
lfm,1,1,case_015,C06,include,ok
lfm,1,1,case_015,C07,include,ok
lfm,1,1,case_015,C08,include,ok
lfm,1,1,case_015,C09,include,ok
lfm,1,1,case_015,C10,include,ok
lfm,1,1,case_016,C01,include,ok
lfm,1,1,case_016,C02,include,ok
lfm,1,1,case_016,C03,include,ok
lfm,1,1,case_016,C04,include,ok
lfm,1,1,case_016,C05,include,ok
lfm,1,1,case_016,C06,include,ok
lfm,1,1,case_016,C07,include,ok
lfm,1,1,case_016,C08,include,ok
lfm,1,1,case_016,C09,include,ok
lfm,1,1,case_016,C10,include,ok
lfm,1,1,case_017,C01,include,ok
lfm,1,1,case_017,C02,include,ok
lfm,1,1,case_017,C03,include,ok
lfm,1,1,case_017,C04,include,ok
lfm,1,1,case_017,C05,include,ok
lfm,1,1,case_017,C06,include,ok
lfm,1,1,case_017,C07,include,ok
lfm,1,1,case_017,C08,include,ok
lfm,1,1,case_017,C09,include,ok
lfm,1,1,case_017,C10,include,ok
lfm,1,1,case_018,C01,include,ok
lfm,1,1,case_018,C02,include,ok
lfm,1,1,case_018,C03,include,ok
lfm,1,1,case_018,C04,include,ok
lfm,1,1,case_018,C05,include,ok
lfm,1,1,case_018,C06,include,ok
lfm,1,1,case_018,C07,include,ok
lfm,1,1,case_018,C08,include,ok
lfm,1,1,case_018,C09,include,ok
lfm,1,1,case_018,C10,include,ok
lfm,1,1,case_019,C01,include,ok
lfm,1,1,case_019,C02,include,ok
lfm,1,1,case_019,C03,include,ok
lfm,1,1,case_019,C04,include,ok
lfm,1,1,case_019,C05,include,ok
lfm,1,1,case_019,C06,include,ok
lfm,1,1,case_019,C07,include,ok
lfm,1,1,case_019,C08,include,ok
lfm,1,1,case_019,C09,include,ok
lfm,1,1,case_019,C10,include,ok
lfm,1,1,case_020,C01,exclude,ok
lfm,1,1,case_020,C02,include,ok
lfm,1,1,case_020,C03,include,ok
lfm,1,1,case_020,C04,include,ok
lfm,1,1,case_020,C05,exclude,ok
lfm,1,1,case_020,C06,include,ok
lfm,1,1,case_020,C07,include,ok
lfm,1,1,case_020,C08,include,ok
lfm,1,1,case_020,C09,include,ok
lfm,1,1,case_020,C10,exclude,ok
lfm,1,1,case_021,C01,include,ok
lfm,1,1,case_021,C02,include,ok
lfm,1,1,case_021,C03,include,ok
lfm,1,1,case_021,C04,include,ok
lfm,1,1,case_021,C05,include,ok
lfm,1,1,case_021,C06,include,ok
lfm,1,1,case_021,C07,include,ok
lfm,1,1,case_021,C08,include,ok
lfm,1,1,case_021,C09,include,ok
lfm,1,1,case_021,C10,include,ok
lfm,1,1,case_022,C01,include,ok
lfm,1,1,case_022,C02,include,ok
lfm,1,1,case_022,C03,include,ok
lfm,1,1,case_022,C04,exclude,ok
lfm,1,1,case_022,C05,include,ok
lfm,1,1,case_022,C06,include,ok
lfm,1,1,case_022,C07,include,ok
lfm,1,1,case_022,C08,include,ok
lfm,1,1,case_022,C09,include,ok
lfm,1,1,case_022,C10,include,ok
lfm,1,1,case_023,C01,include,ok
lfm,1,1,case_023,C02,include,ok
lfm,1,1,case_023,C03,include,ok
lfm,1,1,case_023,C04,include,ok
lfm,1,1,case_023,C05,include,ok
lfm,1,1,case_023,C06,include,ok
lfm,1,1,case_023,C07,include,ok
lfm,1,1,case_023,C08,include,ok
lfm,1,1,case_023,C09,include,ok
lfm,1,1,case_023,C10,include,ok
lfm,1,1,case_024,C01,include,ok
lfm,1,1,case_024,C02,include,ok
lfm,1,1,case_024,C03,include,ok
lfm,1,1,case_024,C04,include,ok
lfm,1,1,case_024,C05,include,ok
lfm,1,1,case_024,C06,include,ok
lfm,1,1,case_024,C07,include,ok
lfm,1,1,case_024,C08,include,ok
lfm,1,1,case_024,C09,include,ok
lfm,1,1,case_024,C10,include,ok
lfm,1,1,case_025,C01,include,ok
lfm,1,1,case_025,C02,include,ok
lfm,1,1,case_025,C03,include,ok
lfm,1,1,case_025,C04,include,ok
lfm,1,1,case_025,C05,include,ok
lfm,1,1,case_025,C06,include,ok
lfm,1,1,case_025,C07,include,ok
lfm,1,1,case_025,C08,include,ok
lfm,1,1,case_025,C09,include,ok
lfm,1,1,case_025,C10,include,ok
lfm,1,1,case_026,C01,include,ok
lfm,1,1,case_026,C02,include,ok
lfm,1,1,case_026,C03,include,ok
lfm,1,1,case_026,C04,include,ok
lfm,1,1,case_026,C05,include,ok
lfm,1,1,case_026,C06,include,ok
lfm,1,1,case_026,C07,include,ok
lfm,1,1,case_026,C08,include,ok
lfm,1,1,case_026,C09,include,ok
lfm,1,1,case_026,C10,include,ok
lfm,1,1,case_027,C01,include,ok
lfm,1,1,case_027,C02,include,ok
lfm,1,1,case_027,C03,include,ok
lfm,1,1,case_027,C04,include,ok
lfm,1,1,case_027,C05,include,ok
lfm,1,1,case_027,C06,include,ok
lfm,1,1,case_027,C07,include,ok
lfm,1,1,case_027,C08,include,ok
lfm,1,1,case_027,C09,include,ok
lfm,1,1,case_027,C10,include,ok
lfm,1,1,case_028,C01,include,ok
lfm,1,1,case_028,C02,include,ok
lfm,1,1,case_028,C03,include,ok
lfm,1,1,case_028,C04,include,ok
lfm,1,1,case_028,C05,include,ok
lfm,1,1,case_028,C06,include,ok
lfm,1,1,case_028,C07,include,ok
lfm,1,1,case_028,C08,include,ok
lfm,1,1,case_028,C09,include,ok
lfm,1,1,case_028,C10,include,ok
lfm,1,1,case_029,C01,include,ok
lfm,1,1,case_029,C02,include,ok
lfm,1,1,case_029,C03,include,ok
lfm,1,1,case_029,C04,include,ok
lfm,1,1,case_029,C05,include,ok
lfm,1,1,case_029,C06,include,ok
lfm,1,1,case_029,C07,include,ok
lfm,1,1,case_029,C08,include,ok
lfm,1,1,case_029,C09,include,ok
lfm,1,1,case_029,C10,include,ok
lfm,1,1,case_030,C01,include,ok
lfm,1,1,case_030,C02,include,ok
lfm,1,1,case_030,C03,include,ok
lfm,1,1,case_030,C04,include,ok
lfm,1,1,case_030,C05,include,ok
lfm,1,1,case_030,C06,include,ok
lfm,1,1,case_030,C07,include,ok
lfm,1,1,case_030,C08,include,ok
lfm,1,1,case_030,C09,include,ok
lfm,1,1,case_030,C10,include,ok
lfm,1,1,case_031,C01,include,ok
lfm,1,1,case_031,C02,include,ok
lfm,1,1,case_031,C03,include,ok
lfm,1,1,case_031,C04,include,ok
lfm,1,1,case_031,C05,include,ok
lfm,1,1,case_031,C06,include,ok
lfm,1,1,case_031,C07,include,ok
lfm,1,1,case_031,C08,include,ok
lfm,1,1,case_031,C09,include,ok
lfm,1,1,case_031,C10,include,ok
lfm,1,1,case_032,C01,include,ok
lfm,1,1,case_032,C02,include,ok
lfm,1,1,case_032,C03,include,ok
lfm,1,1,case_032,C04,include,ok
lfm,1,1,case_032,C05,include,ok
lfm,1,1,case_032,C06,include,ok
lfm,1,1,case_032,C07,include,ok
lfm,1,1,case_032,C08,include,ok
lfm,1,1,case_032,C09,include,ok
lfm,1,1,case_032,C10,include,ok
lfm,1,1,case_033,C01,include,ok
lfm,1,1,case_033,C02,include,ok
lfm,1,1,case_033,C03,include,ok
lfm,1,1,case_033,C04,include,ok
lfm,1,1,case_033,C05,include,ok
lfm,1,1,case_033,C06,include,ok
lfm,1,1,case_033,C07,include,ok
lfm,1,1,case_033,C08,include,ok
lfm,1,1,case_033,C09,include,ok
lfm,1,1,case_033,C10,include,ok
lfm,1,1,case_034,C01,include,ok
lfm,1,1,case_034,C02,include,ok
lfm,1,1,case_034,C03,include,ok
lfm,1,1,case_034,C04,include,ok
lfm,1,1,case_034,C05,include,ok
lfm,1,1,case_034,C06,include,ok
lfm,1,1,case_034,C07,include,ok
lfm,1,1,case_034,C08,include,ok
lfm,1,1,case_034,C09,include,ok
lfm,1,1,case_034,C10,include,ok
lfm,1,1,case_035,C01,include,ok
lfm,1,1,case_035,C02,include,ok
lfm,1,1,case_035,C03,include,ok
lfm,1,1,case_035,C04,include,ok
lfm,1,1,case_035,C05,include,ok
lfm,1,1,case_035,C06,include,ok
lfm,1,1,case_035,C07,include,ok
lfm,1,1,case_035,C08,include,ok
lfm,1,1,case_035,C09,include,ok
lfm,1,1,case_035,C10,include,ok
lfm,1,1,case_036,C01,include,ok
lfm,1,1,case_036,C02,include,ok
lfm,1,1,case_036,C03,include,ok
lfm,1,1,case_036,C04,include,ok
lfm,1,1,case_036,C05,include,ok
lfm,1,1,case_036,C06,include,ok
lfm,1,1,case_036,C07,include,ok
lfm,1,1,case_036,C08,include,ok
lfm,1,1,case_036,C09,include,ok
lfm,1,1,case_036,C10,include,ok
lfm,1,1,case_037,C01,include,ok
lfm,1,1,case_037,C02,include,ok
lfm,1,1,case_037,C03,include,ok
lfm,1,1,case_037,C04,include,ok
lfm,1,1,case_037,C05,include,ok
lfm,1,1,case_037,C06,include,ok
lfm,1,1,case_037,C07,include,ok
lfm,1,1,case_037,C08,include,ok
lfm,1,1,case_037,C09,include,ok
lfm,1,1,case_037,C10,include,ok
lfm,1,1,case_038,C01,include,ok
lfm,1,1,case_038,C02,include,ok
lfm,1,1,case_038,C03,include,ok
lfm,1,1,case_038,C04,include,ok
lfm,1,1,case_038,C05,include,ok
lfm,1,1,case_038,C06,include,ok
lfm,1,1,case_038,C07,include,ok
lfm,1,1,case_038,C08,include,ok
lfm,1,1,case_038,C09,include,ok
lfm,1,1,case_038,C10,include,ok
lfm,1,1,case_039,C01,include,ok
lfm,1,1,case_039,C02,include,ok
lfm,1,1,case_039,C03,include,ok
lfm,1,1,case_039,C04,include,ok
lfm,1,1,case_039,C05,include,ok
lfm,1,1,case_039,C06,include,ok
lfm,1,1,case_039,C07,include,ok
lfm,1,1,case_039,C08,include,ok
lfm,1,1,case_039,C09,include,ok
lfm,1,1,case_039,C10,include,ok
lfm,1,1,case_040,C01,include,ok
lfm,1,1,case_040,C02,include,ok
lfm,1,1,case_040,C03,include,ok
lfm,1,1,case_040,C04,include,ok
lfm,1,1,case_040,C05,include,ok
lfm,1,1,case_040,C06,include,ok
lfm,1,1,case_040,C07,include,ok
lfm,1,1,case_040,C08,include,ok
lfm,1,1,case_040,C09,include,ok
lfm,1,1,case_040,C10,include,ok
lfm,1,1,case_041,C01,include,ok
lfm,1,1,case_041,C02,include,ok
lfm,1,1,case_041,C03,include,ok
lfm,1,1,case_041,C04,include,ok
lfm,1,1,case_041,C05,include,ok
lfm,1,1,case_041,C06,include,ok
lfm,1,1,case_041,C07,include,ok
lfm,1,1,case_041,C08,include,ok
lfm,1,1,case_041,C09,include,ok
lfm,1,1,case_041,C10,include,ok
lfm,1,1,case_042,C01,include,ok
lfm,1,1,case_042,C02,include,ok
lfm,1,1,case_042,C03,include,ok
lfm,1,1,case_042,C04,include,ok
lfm,1,1,case_042,C05,include,ok
lfm,1,1,case_042,C06,include,ok
lfm,1,1,case_042,C07,include,ok
lfm,1,1,case_042,C08,include,ok
lfm,1,1,case_042,C09,include,ok
lfm,1,1,case_042,C10,include,ok
lfm,1,1,case_043,C01,include,ok
lfm,1,1,case_043,C02,include,ok
lfm,1,1,case_043,C03,include,ok
lfm,1,1,case_043,C04,include,ok
lfm,1,1,case_043,C05,include,ok
lfm,1,1,case_043,C06,include,ok
lfm,1,1,case_043,C07,include,ok
lfm,1,1,case_043,C08,include,ok
lfm,1,1,case_043,C09,include,ok
lfm,1,1,case_043,C10,include,ok
lfm,1,1,case_044,C01,include,ok
lfm,1,1,case_044,C02,include,ok
lfm,1,1,case_044,C03,include,ok
lfm,1,1,case_044,C04,include,ok
lfm,1,1,case_044,C05,include,ok
lfm,1,1,case_044,C06,include,ok
lfm,1,1,case_044,C07,include,ok
lfm,1,1,case_044,C08,include,ok
lfm,1,1,case_044,C09,include,ok
lfm,1,1,case_044,C10,include,ok
lfm,1,1,case_045,C01,include,ok
lfm,1,1,case_045,C02,include,ok
lfm,1,1,case_045,C03,include,ok
lfm,1,1,case_045,C04,include,ok
lfm,1,1,case_045,C05,include,ok
lfm,1,1,case_045,C06,include,ok
lfm,1,1,case_045,C07,include,ok
lfm,1,1,case_045,C08,include,ok
lfm,1,1,case_045,C09,include,ok
lfm,1,1,case_045,C10,include,ok
lfm,1,1,case_046,C01,include,ok
lfm,1,1,case_046,C02,include,ok
lfm,1,1,case_046,C03,include,ok
lfm,1,1,case_046,C04,include,ok
lfm,1,1,case_046,C05,include,ok
lfm,1,1,case_046,C06,include,ok
lfm,1,1,case_046,C07,include,ok
lfm,1,1,case_046,C08,include,ok
lfm,1,1,case_046,C09,include,ok
lfm,1,1,case_046,C10,include,ok
lfm,1,1,case_047,C01,include,ok
lfm,1,1,case_047,C02,include,ok
lfm,1,1,case_047,C03,include,ok
lfm,1,1,case_047,C04,include,ok
lfm,1,1,case_047,C05,include,ok
lfm,1,1,case_047,C06,include,ok
lfm,1,1,case_047,C07,include,ok
lfm,1,1,case_047,C08,include,ok
lfm,1,1,case_047,C09,include,ok
lfm,1,1,case_047,C10,include,ok
lfm,1,1,case_048,C01,include,ok
lfm,1,1,case_048,C02,include,ok
lfm,1,1,case_048,C03,include,ok
lfm,1,1,case_048,C04,include,ok
lfm,1,1,case_048,C05,include,ok
lfm,1,1,case_048,C06,include,ok
lfm,1,1,case_048,C07,include,ok
lfm,1,1,case_048,C08,include,ok
lfm,1,1,case_048,C09,include,ok
lfm,1,1,case_048,C10,include,ok
lfm,1,1,case_049,C01,include,ok
lfm,1,1,case_049,C02,include,ok
lfm,1,1,case_049,C03,include,ok
lfm,1,1,case_049,C04,include,ok
lfm,1,1,case_049,C05,include,ok
lfm,1,1,case_049,C06,include,ok
lfm,1,1,case_049,C07,include,ok
lfm,1,1,case_049,C08,include,ok
lfm,1,1,case_049,C09,include,ok
lfm,1,1,case_049,C10,include,ok
lfm,1,1,case_050,C01,include,ok
lfm,1,1,case_050,C02,exclude,ok
lfm,1,1,case_050,C03,include,ok
lfm,1,1,case_050,C04,include,ok
lfm,1,1,case_050,C05,include,ok
lfm,1,1,case_050,C06,include,ok
lfm,1,1,case_050,C07,include,ok
lfm,1,1,case_050,C08,include,ok
lfm,1,1,case_050,C09,include,ok
lfm,1,1,case_050,C10,include,ok
lfm,1,1,case_051,C01,include,ok
lfm,1,1,case_051,C02,include,ok
lfm,1,1,case_051,C03,include,ok
lfm,1,1,case_051,C04,include,ok
lfm,1,1,case_051,C05,include,ok
lfm,1,1,case_051,C06,include,ok
lfm,1,1,case_051,C07,include,ok
lfm,1,1,case_051,C08,include,ok
lfm,1,1,case_051,C09,include,ok
lfm,1,1,case_051,C10,include,ok
lfm,1,1,case_052,C01,include,ok
lfm,1,1,case_052,C02,include,ok
lfm,1,1,case_052,C03,include,ok
lfm,1,1,case_052,C04,include,ok
lfm,1,1,case_052,C05,include,ok
lfm,1,1,case_052,C06,include,ok
lfm,1,1,case_052,C07,include,ok
lfm,1,1,case_052,C08,include,ok
lfm,1,1,case_052,C09,include,ok
lfm,1,1,case_052,C10,include,ok
lfm,1,1,case_053,C01,include,ok
lfm,1,1,case_053,C02,include,ok
lfm,1,1,case_053,C03,include,ok
lfm,1,1,case_053,C04,include,ok
lfm,1,1,case_053,C05,include,ok
lfm,1,1,case_053,C06,include,ok
lfm,1,1,case_053,C07,include,ok
lfm,1,1,case_053,C08,include,ok
lfm,1,1,case_053,C09,include,ok
lfm,1,1,case_053,C10,include,ok
lfm,1,1,case_054,C01,include,ok
lfm,1,1,case_054,C02,include,ok
lfm,1,1,case_054,C03,include,ok
lfm,1,1,case_054,C04,include,ok
lfm,1,1,case_054,C05,include,ok
lfm,1,1,case_054,C06,include,ok
lfm,1,1,case_054,C07,include,ok
lfm,1,1,case_054,C08,include,ok
lfm,1,1,case_054,C09,include,ok
lfm,1,1,case_054,C10,include,ok
lfm,1,1,case_055,C01,include,ok
lfm,1,1,case_055,C02,include,ok
lfm,1,1,case_055,C03,include,ok
lfm,1,1,case_055,C04,include,ok
lfm,1,1,case_055,C05,include,ok
lfm,1,1,case_055,C06,include,ok
lfm,1,1,case_055,C07,include,ok
lfm,1,1,case_055,C08,include,ok
lfm,1,1,case_055,C09,include,ok
lfm,1,1,case_055,C10,include,ok
lfm,1,1,case_056,C01,include,ok
lfm,1,1,case_056,C02,include,ok
lfm,1,1,case_056,C03,include,ok
lfm,1,1,case_056,C04,include,ok
lfm,1,1,case_056,C05,include,ok
lfm,1,1,case_056,C06,include,ok
lfm,1,1,case_056,C07,include,ok
lfm,1,1,case_056,C08,include,ok
lfm,1,1,case_056,C09,include,ok
lfm,1,1,case_056,C10,include,ok
lfm,1,1,case_057,C01,include,ok
lfm,1,1,case_057,C02,include,ok
lfm,1,1,case_057,C03,include,ok
lfm,1,1,case_057,C04,include,ok
lfm,1,1,case_057,C05,include,ok
lfm,1,1,case_057,C06,include,ok
lfm,1,1,case_057,C07,include,ok
lfm,1,1,case_057,C08,include,ok
lfm,1,1,case_057,C09,include,ok
lfm,1,1,case_057,C10,include,ok
lfm,1,1,case_058,C01,include,ok
lfm,1,1,case_058,C02,include,ok
lfm,1,1,case_058,C03,include,ok
lfm,1,1,case_058,C04,include,ok
lfm,1,1,case_058,C05,include,ok
lfm,1,1,case_058,C06,include,ok
lfm,1,1,case_058,C07,include,ok
lfm,1,1,case_058,C08,include,ok
lfm,1,1,case_058,C09,include,ok
lfm,1,1,case_058,C10,include,ok
lfm,1,1,case_059,C01,include,ok
lfm,1,1,case_059,C02,include,ok
lfm,1,1,case_059,C03,include,ok
lfm,1,1,case_059,C04,include,ok
lfm,1,1,case_059,C05,include,ok
lfm,1,1,case_059,C06,include,ok
lfm,1,1,case_059,C07,include,ok
lfm,1,1,case_059,C08,include,ok
lfm,1,1,case_059,C09,include,ok
lfm,1,1,case_059,C10,include,ok
lfm,1,1,case_060,C01,include,ok
lfm,1,1,case_060,C02,include,ok
lfm,1,1,case_060,C03,include,ok
lfm,1,1,case_060,C04,include,ok
lfm,1,1,case_060,C05,include,ok
lfm,1,1,case_060,C06,include,ok
lfm,1,1,case_060,C07,include,ok
lfm,1,1,case_060,C08,include,ok
lfm,1,1,case_060,C09,include,ok
lfm,1,1,case_060,C10,include,ok
lfm,1,1,case_061,C01,include,ok
lfm,1,1,case_061,C02,include,ok
lfm,1,1,case_061,C03,include,ok
lfm,1,1,case_061,C04,include,ok
lfm,1,1,case_061,C05,include,ok
lfm,1,1,case_061,C06,include,ok
lfm,1,1,case_061,C07,include,ok
lfm,1,1,case_061,C08,include,ok
lfm,1,1,case_061,C09,include,ok
lfm,1,1,case_061,C10,include,ok
lfm,1,1,case_062,C01,include,ok
lfm,1,1,case_062,C02,include,ok
lfm,1,1,case_062,C03,include,ok
lfm,1,1,case_062,C04,include,ok
lfm,1,1,case_062,C05,include,ok
lfm,1,1,case_062,C06,include,ok
lfm,1,1,case_062,C07,include,ok
lfm,1,1,case_062,C08,include,ok
lfm,1,1,case_062,C09,include,ok
lfm,1,1,case_062,C10,include,ok
lfm,1,1,case_063,C01,include,ok
lfm,1,1,case_063,C02,include,ok
lfm,1,1,case_063,C03,include,ok
lfm,1,1,case_063,C04,include,ok
lfm,1,1,case_063,C05,include,ok
lfm,1,1,case_063,C06,include,ok
lfm,1,1,case_063,C07,include,ok
lfm,1,1,case_063,C08,include,ok
lfm,1,1,case_063,C09,include,ok
lfm,1,1,case_063,C10,include,ok
lfm,1,1,case_064,C01,include,ok
lfm,1,1,case_064,C02,include,ok
lfm,1,1,case_064,C03,include,ok
lfm,1,1,case_064,C04,include,ok
lfm,1,1,case_064,C05,include,ok
lfm,1,1,case_064,C06,include,ok
lfm,1,1,case_064,C07,include,ok
lfm,1,1,case_064,C08,include,ok
lfm,1,1,case_064,C09,include,ok
lfm,1,1,case_064,C10,include,ok
lfm,1,1,case_065,C01,include,ok
lfm,1,1,case_065,C02,include,ok
lfm,1,1,case_065,C03,include,ok
lfm,1,1,case_065,C04,include,ok
lfm,1,1,case_065,C05,include,ok
lfm,1,1,case_065,C06,include,ok
lfm,1,1,case_065,C07,include,ok
lfm,1,1,case_065,C08,include,ok
lfm,1,1,case_065,C09,include,ok
lfm,1,1,case_065,C10,include,ok
lfm,1,1,case_066,C01,include,ok
lfm,1,1,case_066,C02,exclude,ok
lfm,1,1,case_066,C03,include,ok
lfm,1,1,case_066,C04,exclude,ok
lfm,1,1,case_066,C05,include,ok
lfm,1,1,case_066,C06,exclude,ok
lfm,1,1,case_066,C07,include,ok
lfm,1,1,case_066,C08,exclude,ok
lfm,1,1,case_066,C09,include,ok
lfm,1,1,case_066,C10,exclude,ok
lfm,1,1,case_067,C01,include,ok
lfm,1,1,case_067,C02,include,ok
lfm,1,1,case_067,C03,include,ok
lfm,1,1,case_067,C04,include,ok
lfm,1,1,case_067,C05,include,ok
lfm,1,1,case_067,C06,include,ok
lfm,1,1,case_067,C07,include,ok
lfm,1,1,case_067,C08,include,ok
lfm,1,1,case_067,C09,include,ok
lfm,1,1,case_067,C10,include,ok
lfm,1,1,case_068,C01,include,ok
lfm,1,1,case_068,C02,include,ok
lfm,1,1,case_068,C03,include,ok
lfm,1,1,case_068,C04,include,ok
lfm,1,1,case_068,C05,include,ok
lfm,1,1,case_068,C06,include,ok
lfm,1,1,case_068,C07,include,ok
lfm,1,1,case_068,C08,include,ok
lfm,1,1,case_068,C09,include,ok
lfm,1,1,case_068,C10,include,ok
lfm,1,1,case_069,C01,include,ok
lfm,1,1,case_069,C02,include,ok
lfm,1,1,case_069,C03,include,ok
lfm,1,1,case_069,C04,include,ok
lfm,1,1,case_069,C05,include,ok
lfm,1,1,case_069,C06,include,ok
lfm,1,1,case_069,C07,include,ok
lfm,1,1,case_069,C08,include,ok
lfm,1,1,case_069,C09,include,ok
lfm,1,1,case_069,C10,exclude,ok
lfm,1,1,case_070,C01,include,ok
lfm,1,1,case_070,C02,include,ok
lfm,1,1,case_070,C03,include,ok
lfm,1,1,case_070,C04,include,ok
lfm,1,1,case_070,C05,include,ok
lfm,1,1,case_070,C06,include,ok
lfm,1,1,case_070,C07,include,ok
lfm,1,1,case_070,C08,include,ok
lfm,1,1,case_070,C09,include,ok
lfm,1,1,case_070,C10,include,ok
lfm,1,1,case_071,C01,include,ok
lfm,1,1,case_071,C02,include,ok
lfm,1,1,case_071,C03,include,ok
lfm,1,1,case_071,C04,include,ok
lfm,1,1,case_071,C05,include,ok
lfm,1,1,case_071,C06,include,ok
lfm,1,1,case_071,C07,include,ok
lfm,1,1,case_071,C08,include,ok
lfm,1,1,case_071,C09,include,ok
lfm,1,1,case_071,C10,include,ok
lfm,1,1,case_072,C01,include,ok
lfm,1,1,case_072,C02,include,ok
lfm,1,1,case_072,C03,include,ok
lfm,1,1,case_072,C04,include,ok
lfm,1,1,case_072,C05,include,ok
lfm,1,1,case_072,C06,include,ok
lfm,1,1,case_072,C07,include,ok
lfm,1,1,case_072,C08,include,ok
lfm,1,1,case_072,C09,include,ok
lfm,1,1,case_072,C10,include,ok
lfm,1,1,case_073,C01,include,ok
lfm,1,1,case_073,C02,include,ok
lfm,1,1,case_073,C03,include,ok
lfm,1,1,case_073,C04,include,ok
lfm,1,1,case_073,C05,include,ok
lfm,1,1,case_073,C06,include,ok
lfm,1,1,case_073,C07,include,ok
lfm,1,1,case_073,C08,include,ok
lfm,1,1,case_073,C09,include,ok
lfm,1,1,case_073,C10,include,ok
lfm,1,1,case_074,C01,include,ok
lfm,1,1,case_074,C02,include,ok
lfm,1,1,case_074,C03,include,ok
lfm,1,1,case_074,C04,include,ok
lfm,1,1,case_074,C05,include,ok
lfm,1,1,case_074,C06,include,ok
lfm,1,1,case_074,C07,include,ok
lfm,1,1,case_074,C08,include,ok
lfm,1,1,case_074,C09,include,ok
lfm,1,1,case_074,C10,include,ok
lfm,1,1,case_075,C01,include,ok
lfm,1,1,case_075,C02,include,ok
lfm,1,1,case_075,C03,include,ok
lfm,1,1,case_075,C04,include,ok
lfm,1,1,case_075,C05,include,ok
lfm,1,1,case_075,C06,include,ok
lfm,1,1,case_075,C07,include,ok
lfm,1,1,case_075,C08,include,ok
lfm,1,1,case_075,C09,include,ok
lfm,1,1,case_075,C10,include,ok
lfm,1,1,case_076,C01,include,ok
lfm,1,1,case_076,C02,include,ok
lfm,1,1,case_076,C03,include,ok
lfm,1,1,case_076,C04,include,ok
lfm,1,1,case_076,C05,include,ok
lfm,1,1,case_076,C06,include,ok
lfm,1,1,case_076,C07,include,ok
lfm,1,1,case_076,C08,include,ok
lfm,1,1,case_076,C09,include,ok
lfm,1,1,case_076,C10,include,ok
lfm,1,1,case_077,C01,include,ok
lfm,1,1,case_077,C02,include,ok
lfm,1,1,case_077,C03,include,ok
lfm,1,1,case_077,C04,include,ok
lfm,1,1,case_077,C05,include,ok
lfm,1,1,case_077,C06,include,ok
lfm,1,1,case_077,C07,include,ok
lfm,1,1,case_077,C08,include,ok
lfm,1,1,case_077,C09,include,ok
lfm,1,1,case_077,C10,include,ok
lfm,1,1,case_078,C01,include,ok
lfm,1,1,case_078,C02,include,ok
lfm,1,1,case_078,C03,include,ok
lfm,1,1,case_078,C04,include,ok
lfm,1,1,case_078,C05,include,ok
lfm,1,1,case_078,C06,include,ok
lfm,1,1,case_078,C07,include,ok
lfm,1,1,case_078,C08,include,ok
lfm,1,1,case_078,C09,include,ok
lfm,1,1,case_078,C10,include,ok
lfm,1,1,case_079,C01,include,ok
lfm,1,1,case_079,C02,include,ok
lfm,1,1,case_079,C03,include,ok
lfm,1,1,case_079,C04,include,ok
lfm,1,1,case_079,C05,include,ok
lfm,1,1,case_079,C06,include,ok
lfm,1,1,case_079,C07,include,ok
lfm,1,1,case_079,C08,include,ok
lfm,1,1,case_079,C09,include,ok
lfm,1,1,case_079,C10,include,ok
lfm,1,1,case_080,C01,include,ok
lfm,1,1,case_080,C02,include,ok
lfm,1,1,case_080,C03,include,ok
lfm,1,1,case_080,C04,include,ok
lfm,1,1,case_080,C05,include,ok
lfm,1,1,case_080,C06,include,ok
lfm,1,1,case_080,C07,include,ok
lfm,1,1,case_080,C08,include,ok
lfm,1,1,case_080,C09,include,ok
lfm,1,1,case_080,C10,include,ok
lfm,1,1,case_081,C01,include,ok
lfm,1,1,case_081,C02,include,ok
lfm,1,1,case_081,C03,include,ok
lfm,1,1,case_081,C04,include,ok
lfm,1,1,case_081,C05,include,ok
lfm,1,1,case_081,C06,include,ok
lfm,1,1,case_081,C07,include,ok
lfm,1,1,case_081,C08,include,ok
lfm,1,1,case_081,C09,include,ok
lfm,1,1,case_081,C10,include,ok
lfm,1,1,case_082,C01,include,ok
lfm,1,1,case_082,C02,include,ok
lfm,1,1,case_082,C03,include,ok
lfm,1,1,case_082,C04,include,ok
lfm,1,1,case_082,C05,include,ok
lfm,1,1,case_082,C06,include,ok
lfm,1,1,case_082,C07,include,ok
lfm,1,1,case_082,C08,include,ok
lfm,1,1,case_082,C09,include,ok
lfm,1,1,case_082,C10,include,ok
lfm,1,1,case_083,C01,include,ok
lfm,1,1,case_083,C02,include,ok
lfm,1,1,case_083,C03,include,ok
lfm,1,1,case_083,C04,include,ok
lfm,1,1,case_083,C05,include,ok
lfm,1,1,case_083,C06,include,ok
lfm,1,1,case_083,C07,include,ok
lfm,1,1,case_083,C08,include,ok
lfm,1,1,case_083,C09,include,ok
lfm,1,1,case_083,C10,include,ok
lfm,1,1,case_084,C01,include,ok
lfm,1,1,case_084,C02,include,ok
lfm,1,1,case_084,C03,include,ok
lfm,1,1,case_084,C04,include,ok
lfm,1,1,case_084,C05,include,ok
lfm,1,1,case_084,C06,include,ok
lfm,1,1,case_084,C07,include,ok
lfm,1,1,case_084,C08,include,ok
lfm,1,1,case_084,C09,include,ok
lfm,1,1,case_084,C10,include,ok
lfm,1,1,case_085,C01,include,ok
lfm,1,1,case_085,C02,include,ok
lfm,1,1,case_085,C03,include,ok
lfm,1,1,case_085,C04,include,ok
lfm,1,1,case_085,C05,include,ok
lfm,1,1,case_085,C06,include,ok
lfm,1,1,case_085,C07,include,ok
lfm,1,1,case_085,C08,include,ok
lfm,1,1,case_085,C09,include,ok
lfm,1,1,case_085,C10,include,ok
lfm,1,1,case_086,C01,include,ok
lfm,1,1,case_086,C02,include,ok
lfm,1,1,case_086,C03,include,ok
lfm,1,1,case_086,C04,include,ok
lfm,1,1,case_086,C05,include,ok
lfm,1,1,case_086,C06,include,ok
lfm,1,1,case_086,C07,include,ok
lfm,1,1,case_086,C08,include,ok
lfm,1,1,case_086,C09,include,ok
lfm,1,1,case_086,C10,include,ok
lfm,1,1,case_087,C01,include,ok
lfm,1,1,case_087,C02,include,ok
lfm,1,1,case_087,C03,include,ok
lfm,1,1,case_087,C04,include,ok
lfm,1,1,case_087,C05,include,ok
lfm,1,1,case_087,C06,include,ok
lfm,1,1,case_087,C07,include,ok
lfm,1,1,case_087,C08,include,ok
lfm,1,1,case_087,C09,include,ok
lfm,1,1,case_087,C10,include,ok
lfm,1,1,case_088,C01,include,ok
lfm,1,1,case_088,C02,include,ok
lfm,1,1,case_088,C03,include,ok
lfm,1,1,case_088,C04,include,ok
lfm,1,1,case_088,C05,include,ok
lfm,1,1,case_088,C06,include,ok
lfm,1,1,case_088,C07,include,ok
lfm,1,1,case_088,C08,include,ok
lfm,1,1,case_088,C09,include,ok
lfm,1,1,case_088,C10,include,ok
lfm,1,1,case_089,C01,include,ok
lfm,1,1,case_089,C02,include,ok
lfm,1,1,case_089,C03,include,ok
lfm,1,1,case_089,C04,include,ok
lfm,1,1,case_089,C05,include,ok
lfm,1,1,case_089,C06,include,ok
lfm,1,1,case_089,C07,include,ok
lfm,1,1,case_089,C08,include,ok
lfm,1,1,case_089,C09,include,ok
lfm,1,1,case_089,C10,include,ok
lfm,1,1,case_090,C01,include,ok
lfm,1,1,case_090,C02,include,ok
lfm,1,1,case_090,C03,include,ok
lfm,1,1,case_090,C04,include,ok
lfm,1,1,case_090,C05,include,ok
lfm,1,1,case_090,C06,include,ok
lfm,1,1,case_090,C07,include,ok
lfm,1,1,case_090,C08,exclude,ok
lfm,1,1,case_090,C09,include,ok
lfm,1,1,case_090,C10,include,ok
lfm,1,1,case_091,C01,include,ok
lfm,1,1,case_091,C02,include,ok
lfm,1,1,case_091,C03,include,ok
lfm,1,1,case_091,C04,include,ok
lfm,1,1,case_091,C05,include,ok
lfm,1,1,case_091,C06,include,ok
lfm,1,1,case_091,C07,include,ok
lfm,1,1,case_091,C08,include,ok
lfm,1,1,case_091,C09,include,ok
lfm,1,1,case_091,C10,include,ok
lfm,1,1,case_092,C01,include,ok
lfm,1,1,case_092,C02,include,ok
lfm,1,1,case_092,C03,include,ok
lfm,1,1,case_092,C04,include,ok
lfm,1,1,case_092,C05,include,ok
lfm,1,1,case_092,C06,include,ok
lfm,1,1,case_092,C07,include,ok
lfm,1,1,case_092,C08,include,ok
lfm,1,1,case_092,C09,include,ok
lfm,1,1,case_092,C10,include,ok
lfm,1,1,case_093,C01,include,ok
lfm,1,1,case_093,C02,include,ok
lfm,1,1,case_093,C03,include,ok
lfm,1,1,case_093,C04,include,ok
lfm,1,1,case_093,C05,include,ok
lfm,1,1,case_093,C06,include,ok
lfm,1,1,case_093,C07,include,ok
lfm,1,1,case_093,C08,include,ok
lfm,1,1,case_093,C09,include,ok
lfm,1,1,case_093,C10,include,ok
lfm,1,1,case_094,C01,include,ok
lfm,1,1,case_094,C02,include,ok
lfm,1,1,case_094,C03,include,ok
lfm,1,1,case_094,C04,include,ok
lfm,1,1,case_094,C05,include,ok
lfm,1,1,case_094,C06,include,ok
lfm,1,1,case_094,C07,include,ok
lfm,1,1,case_094,C08,include,ok
lfm,1,1,case_094,C09,include,ok
lfm,1,1,case_094,C10,include,ok
lfm,1,1,case_095,C01,include,ok
lfm,1,1,case_095,C02,include,ok
lfm,1,1,case_095,C03,include,ok
lfm,1,1,case_095,C04,include,ok
lfm,1,1,case_095,C05,include,ok
lfm,1,1,case_095,C06,include,ok
lfm,1,1,case_095,C07,include,ok
lfm,1,1,case_095,C08,include,ok
lfm,1,1,case_095,C09,include,ok
lfm,1,1,case_095,C10,include,ok
lfm,1,1,case_096,C01,include,ok
lfm,1,1,case_096,C02,include,ok
lfm,1,1,case_096,C03,include,ok
lfm,1,1,case_096,C04,include,ok
lfm,1,1,case_096,C05,include,ok
lfm,1,1,case_096,C06,include,ok
lfm,1,1,case_096,C07,include,ok
lfm,1,1,case_096,C08,include,ok
lfm,1,1,case_096,C09,include,ok
lfm,1,1,case_096,C10,include,ok
lfm,1,1,case_097,C01,include,ok
lfm,1,1,case_097,C02,include,ok
lfm,1,1,case_097,C03,include,ok
lfm,1,1,case_097,C04,include,ok
lfm,1,1,case_097,C05,include,ok
lfm,1,1,case_097,C06,include,ok
lfm,1,1,case_097,C07,include,ok
lfm,1,1,case_097,C08,include,ok
lfm,1,1,case_097,C09,include,ok
lfm,1,1,case_097,C10,include,ok
lfm,1,1,case_098,C01,include,ok
lfm,1,1,case_098,C02,include,ok
lfm,1,1,case_098,C03,include,ok
lfm,1,1,case_098,C04,include,ok
lfm,1,1,case_098,C05,include,ok
lfm,1,1,case_098,C06,include,ok
lfm,1,1,case_098,C07,include,ok
lfm,1,1,case_098,C08,include,ok
lfm,1,1,case_098,C09,include,ok
lfm,1,1,case_098,C10,include,ok
lfm,1,1,case_099,C01,include,ok
lfm,1,1,case_099,C02,include,ok
lfm,1,1,case_099,C03,include,ok
lfm,1,1,case_099,C04,include,ok
lfm,1,1,case_099,C05,include,ok
lfm,1,1,case_099,C06,include,ok
lfm,1,1,case_099,C07,include,ok
lfm,1,1,case_099,C08,include,ok
lfm,1,1,case_099,C09,include,ok
lfm,1,1,case_099,C10,include,ok
lfm,1,1,case_100,C01,include,ok
lfm,1,1,case_100,C02,include,ok
lfm,1,1,case_100,C03,include,ok
lfm,1,1,case_100,C04,include,ok
lfm,1,1,case_100,C05,include,ok
lfm,1,1,case_100,C06,include,ok
lfm,1,1,case_100,C07,include,ok
lfm,1,1,case_100,C08,include,ok
lfm,1,1,case_100,C09,include,ok
lfm,1,1,case_100,C10,include,ok
lfm,2,2,case_001,C01,include,ok
lfm,2,2,case_001,C02,include,ok
lfm,2,2,case_001,C03,include,ok
lfm,2,2,case_001,C04,include,ok
lfm,2,2,case_001,C05,include,ok
lfm,2,2,case_001,C06,include,ok
lfm,2,2,case_001,C07,include,ok
lfm,2,2,case_001,C08,include,ok
lfm,2,2,case_001,C09,include,ok
lfm,2,2,case_001,C10,include,ok
lfm,2,2,case_002,C01,include,ok
lfm,2,2,case_002,C02,include,ok
lfm,2,2,case_002,C03,include,ok
lfm,2,2,case_002,C04,include,ok
lfm,2,2,case_002,C05,include,ok
lfm,2,2,case_002,C06,include,ok
lfm,2,2,case_002,C07,include,ok
lfm,2,2,case_002,C08,include,ok
lfm,2,2,case_002,C09,include,ok
lfm,2,2,case_002,C10,include,ok
lfm,2,2,case_003,C01,include,ok
lfm,2,2,case_003,C02,include,ok
lfm,2,2,case_003,C03,include,ok
lfm,2,2,case_003,C04,include,ok
lfm,2,2,case_003,C05,include,ok
lfm,2,2,case_003,C06,include,ok
lfm,2,2,case_003,C07,include,ok
lfm,2,2,case_003,C08,include,ok
lfm,2,2,case_003,C09,include,ok
lfm,2,2,case_003,C10,include,ok
lfm,2,2,case_004,C01,include,ok
lfm,2,2,case_004,C02,include,ok
lfm,2,2,case_004,C03,include,ok
lfm,2,2,case_004,C04,include,ok
lfm,2,2,case_004,C05,include,ok
lfm,2,2,case_004,C06,include,ok
lfm,2,2,case_004,C07,include,ok
lfm,2,2,case_004,C08,include,ok
lfm,2,2,case_004,C09,include,ok
lfm,2,2,case_004,C10,include,ok
lfm,2,2,case_005,C01,include,ok
lfm,2,2,case_005,C02,include,ok
lfm,2,2,case_005,C03,include,ok
lfm,2,2,case_005,C04,include,ok
lfm,2,2,case_005,C05,include,ok
lfm,2,2,case_005,C06,include,ok
lfm,2,2,case_005,C07,include,ok
lfm,2,2,case_005,C08,include,ok
lfm,2,2,case_005,C09,include,ok
lfm,2,2,case_005,C10,include,ok
lfm,2,2,case_006,C01,include,ok
lfm,2,2,case_006,C02,include,ok
lfm,2,2,case_006,C03,include,ok
lfm,2,2,case_006,C04,include,ok
lfm,2,2,case_006,C05,include,ok
lfm,2,2,case_006,C06,include,ok
lfm,2,2,case_006,C07,include,ok
lfm,2,2,case_006,C08,include,ok
lfm,2,2,case_006,C09,include,ok
lfm,2,2,case_006,C10,include,ok
lfm,2,2,case_007,C01,include,ok
lfm,2,2,case_007,C02,include,ok
lfm,2,2,case_007,C03,include,ok
lfm,2,2,case_007,C04,include,ok
lfm,2,2,case_007,C05,include,ok
lfm,2,2,case_007,C06,include,ok
lfm,2,2,case_007,C07,include,ok
lfm,2,2,case_007,C08,include,ok
lfm,2,2,case_007,C09,include,ok
lfm,2,2,case_007,C10,include,ok
lfm,2,2,case_008,C01,include,ok
lfm,2,2,case_008,C02,include,ok
lfm,2,2,case_008,C03,include,ok
lfm,2,2,case_008,C04,include,ok
lfm,2,2,case_008,C05,include,ok
lfm,2,2,case_008,C06,include,ok
lfm,2,2,case_008,C07,include,ok
lfm,2,2,case_008,C08,include,ok
lfm,2,2,case_008,C09,include,ok
lfm,2,2,case_008,C10,include,ok
lfm,2,2,case_009,C01,include,ok
lfm,2,2,case_009,C02,include,ok
lfm,2,2,case_009,C03,include,ok
lfm,2,2,case_009,C04,include,ok
lfm,2,2,case_009,C05,include,ok
lfm,2,2,case_009,C06,include,ok
lfm,2,2,case_009,C07,include,ok
lfm,2,2,case_009,C08,include,ok
lfm,2,2,case_009,C09,include,ok
lfm,2,2,case_009,C10,include,ok
lfm,2,2,case_010,C01,include,ok
lfm,2,2,case_010,C02,include,ok
lfm,2,2,case_010,C03,include,ok
lfm,2,2,case_010,C04,include,ok
lfm,2,2,case_010,C05,include,ok
lfm,2,2,case_010,C06,include,ok
lfm,2,2,case_010,C07,include,ok
lfm,2,2,case_010,C08,include,ok
lfm,2,2,case_010,C09,include,ok
lfm,2,2,case_010,C10,include,ok
lfm,2,2,case_011,C01,include,ok
lfm,2,2,case_011,C02,include,ok
lfm,2,2,case_011,C03,include,ok
lfm,2,2,case_011,C04,include,ok
lfm,2,2,case_011,C05,include,ok
lfm,2,2,case_011,C06,include,ok
lfm,2,2,case_011,C07,include,ok
lfm,2,2,case_011,C08,include,ok
lfm,2,2,case_011,C09,include,ok
lfm,2,2,case_011,C10,include,ok
lfm,2,2,case_012,C01,include,ok
lfm,2,2,case_012,C02,include,ok
lfm,2,2,case_012,C03,include,ok
lfm,2,2,case_012,C04,include,ok
lfm,2,2,case_012,C05,include,ok
lfm,2,2,case_012,C06,include,ok
lfm,2,2,case_012,C07,include,ok
lfm,2,2,case_012,C08,include,ok
lfm,2,2,case_012,C09,include,ok
lfm,2,2,case_012,C10,include,ok
lfm,2,2,case_013,C01,include,ok
lfm,2,2,case_013,C02,include,ok
lfm,2,2,case_013,C03,include,ok
lfm,2,2,case_013,C04,include,ok
lfm,2,2,case_013,C05,include,ok
lfm,2,2,case_013,C06,include,ok
lfm,2,2,case_013,C07,include,ok
lfm,2,2,case_013,C08,include,ok
lfm,2,2,case_013,C09,include,ok
lfm,2,2,case_013,C10,include,ok
lfm,2,2,case_014,C01,include,ok
lfm,2,2,case_014,C02,include,ok
lfm,2,2,case_014,C03,include,ok
lfm,2,2,case_014,C04,include,ok
lfm,2,2,case_014,C05,include,ok
lfm,2,2,case_014,C06,include,ok
lfm,2,2,case_014,C07,include,ok
lfm,2,2,case_014,C08,include,ok
lfm,2,2,case_014,C09,include,ok
lfm,2,2,case_014,C10,include,ok
lfm,2,2,case_015,C01,exclude,ok
lfm,2,2,case_015,C02,include,ok
lfm,2,2,case_015,C03,include,ok
lfm,2,2,case_015,C04,include,ok
lfm,2,2,case_015,C05,include,ok
lfm,2,2,case_015,C06,include,ok
lfm,2,2,case_015,C07,include,ok
lfm,2,2,case_015,C08,include,ok
lfm,2,2,case_015,C09,include,ok
lfm,2,2,case_015,C10,include,ok
lfm,2,2,case_016,C01,include,ok
lfm,2,2,case_016,C02,include,ok
lfm,2,2,case_016,C03,include,ok
lfm,2,2,case_016,C04,include,ok
lfm,2,2,case_016,C05,include,ok
lfm,2,2,case_016,C06,include,ok
lfm,2,2,case_016,C07,include,ok
lfm,2,2,case_016,C08,include,ok
lfm,2,2,case_016,C09,include,ok
lfm,2,2,case_016,C10,include,ok
lfm,2,2,case_017,C01,include,ok
lfm,2,2,case_017,C02,include,ok
lfm,2,2,case_017,C03,include,ok
lfm,2,2,case_017,C04,include,ok
lfm,2,2,case_017,C05,include,ok
lfm,2,2,case_017,C06,include,ok
lfm,2,2,case_017,C07,include,ok
lfm,2,2,case_017,C08,include,ok
lfm,2,2,case_017,C09,include,ok
lfm,2,2,case_017,C10,include,ok
lfm,2,2,case_018,C01,include,ok
lfm,2,2,case_018,C02,include,ok
lfm,2,2,case_018,C03,include,ok
lfm,2,2,case_018,C04,include,ok
lfm,2,2,case_018,C05,include,ok
lfm,2,2,case_018,C06,include,ok
lfm,2,2,case_018,C07,include,ok
lfm,2,2,case_018,C08,include,ok
lfm,2,2,case_018,C09,include,ok
lfm,2,2,case_018,C10,include,ok
lfm,2,2,case_019,C01,include,ok
lfm,2,2,case_019,C02,include,ok
lfm,2,2,case_019,C03,include,ok
lfm,2,2,case_019,C04,include,ok
lfm,2,2,case_019,C05,include,ok
lfm,2,2,case_019,C06,include,ok
lfm,2,2,case_019,C07,include,ok
lfm,2,2,case_019,C08,include,ok
lfm,2,2,case_019,C09,include,ok
lfm,2,2,case_019,C10,include,ok
lfm,2,2,case_020,C01,exclude,ok
lfm,2,2,case_020,C02,include,ok
lfm,2,2,case_020,C03,include,ok
lfm,2,2,case_020,C04,include,ok
lfm,2,2,case_020,C05,exclude,ok
lfm,2,2,case_020,C06,include,ok
lfm,2,2,case_020,C07,include,ok
lfm,2,2,case_020,C08,include,ok
lfm,2,2,case_020,C09,include,ok
lfm,2,2,case_020,C10,exclude,ok
lfm,2,2,case_021,C01,include,ok
lfm,2,2,case_021,C02,include,ok
lfm,2,2,case_021,C03,include,ok
lfm,2,2,case_021,C04,include,ok
lfm,2,2,case_021,C05,include,ok
lfm,2,2,case_021,C06,include,ok
lfm,2,2,case_021,C07,include,ok
lfm,2,2,case_021,C08,include,ok
lfm,2,2,case_021,C09,include,ok
lfm,2,2,case_021,C10,include,ok
lfm,2,2,case_022,C01,include,ok
lfm,2,2,case_022,C02,include,ok
lfm,2,2,case_022,C03,include,ok
lfm,2,2,case_022,C04,exclude,ok
lfm,2,2,case_022,C05,include,ok
lfm,2,2,case_022,C06,include,ok
lfm,2,2,case_022,C07,include,ok
lfm,2,2,case_022,C08,include,ok
lfm,2,2,case_022,C09,include,ok
lfm,2,2,case_022,C10,include,ok
lfm,2,2,case_023,C01,include,ok
lfm,2,2,case_023,C02,include,ok
lfm,2,2,case_023,C03,include,ok
lfm,2,2,case_023,C04,include,ok
lfm,2,2,case_023,C05,include,ok
lfm,2,2,case_023,C06,include,ok
lfm,2,2,case_023,C07,include,ok
lfm,2,2,case_023,C08,include,ok
lfm,2,2,case_023,C09,include,ok
lfm,2,2,case_023,C10,include,ok
lfm,2,2,case_024,C01,include,ok
lfm,2,2,case_024,C02,include,ok
lfm,2,2,case_024,C03,include,ok
lfm,2,2,case_024,C04,include,ok
lfm,2,2,case_024,C05,include,ok
lfm,2,2,case_024,C06,include,ok
lfm,2,2,case_024,C07,include,ok
lfm,2,2,case_024,C08,include,ok
lfm,2,2,case_024,C09,include,ok
lfm,2,2,case_024,C10,include,ok
lfm,2,2,case_025,C01,include,ok
lfm,2,2,case_025,C02,include,ok
lfm,2,2,case_025,C03,include,ok
lfm,2,2,case_025,C04,include,ok
lfm,2,2,case_025,C05,include,ok
lfm,2,2,case_025,C06,include,ok
lfm,2,2,case_025,C07,include,ok
lfm,2,2,case_025,C08,include,ok
lfm,2,2,case_025,C09,include,ok
lfm,2,2,case_025,C10,include,ok
lfm,2,2,case_026,C01,include,ok
lfm,2,2,case_026,C02,include,ok
lfm,2,2,case_026,C03,include,ok
lfm,2,2,case_026,C04,include,ok
lfm,2,2,case_026,C05,include,ok
lfm,2,2,case_026,C06,include,ok
lfm,2,2,case_026,C07,include,ok
lfm,2,2,case_026,C08,include,ok
lfm,2,2,case_026,C09,include,ok
lfm,2,2,case_026,C10,include,ok
lfm,2,2,case_027,C01,include,ok
lfm,2,2,case_027,C02,include,ok
lfm,2,2,case_027,C03,include,ok
lfm,2,2,case_027,C04,include,ok
lfm,2,2,case_027,C05,include,ok
lfm,2,2,case_027,C06,include,ok
lfm,2,2,case_027,C07,include,ok
lfm,2,2,case_027,C08,include,ok
lfm,2,2,case_027,C09,include,ok
lfm,2,2,case_027,C10,include,ok
lfm,2,2,case_028,C01,include,ok
lfm,2,2,case_028,C02,include,ok
lfm,2,2,case_028,C03,include,ok
lfm,2,2,case_028,C04,include,ok
lfm,2,2,case_028,C05,include,ok
lfm,2,2,case_028,C06,include,ok
lfm,2,2,case_028,C07,include,ok
lfm,2,2,case_028,C08,include,ok
lfm,2,2,case_028,C09,include,ok
lfm,2,2,case_028,C10,include,ok
lfm,2,2,case_029,C01,include,ok
lfm,2,2,case_029,C02,include,ok
lfm,2,2,case_029,C03,include,ok
lfm,2,2,case_029,C04,include,ok
lfm,2,2,case_029,C05,include,ok
lfm,2,2,case_029,C06,include,ok
lfm,2,2,case_029,C07,include,ok
lfm,2,2,case_029,C08,include,ok
lfm,2,2,case_029,C09,include,ok
lfm,2,2,case_029,C10,include,ok
lfm,2,2,case_030,C01,include,ok
lfm,2,2,case_030,C02,include,ok
lfm,2,2,case_030,C03,include,ok
lfm,2,2,case_030,C04,include,ok
lfm,2,2,case_030,C05,include,ok
lfm,2,2,case_030,C06,include,ok
lfm,2,2,case_030,C07,include,ok
lfm,2,2,case_030,C08,include,ok
lfm,2,2,case_030,C09,include,ok
lfm,2,2,case_030,C10,include,ok
lfm,2,2,case_031,C01,include,ok
lfm,2,2,case_031,C02,include,ok
lfm,2,2,case_031,C03,include,ok
lfm,2,2,case_031,C04,include,ok
lfm,2,2,case_031,C05,include,ok
lfm,2,2,case_031,C06,include,ok
lfm,2,2,case_031,C07,include,ok
lfm,2,2,case_031,C08,include,ok
lfm,2,2,case_031,C09,include,ok
lfm,2,2,case_031,C10,include,ok
lfm,2,2,case_032,C01,include,ok
lfm,2,2,case_032,C02,include,ok
lfm,2,2,case_032,C03,include,ok
lfm,2,2,case_032,C04,include,ok
lfm,2,2,case_032,C05,include,ok
lfm,2,2,case_032,C06,include,ok
lfm,2,2,case_032,C07,include,ok
lfm,2,2,case_032,C08,include,ok
lfm,2,2,case_032,C09,include,ok
lfm,2,2,case_032,C10,include,ok
lfm,2,2,case_033,C01,include,ok
lfm,2,2,case_033,C02,include,ok
lfm,2,2,case_033,C03,include,ok
lfm,2,2,case_033,C04,include,ok
lfm,2,2,case_033,C05,include,ok
lfm,2,2,case_033,C06,include,ok
lfm,2,2,case_033,C07,include,ok
lfm,2,2,case_033,C08,include,ok
lfm,2,2,case_033,C09,include,ok
lfm,2,2,case_033,C10,include,ok
lfm,2,2,case_034,C01,include,ok
lfm,2,2,case_034,C02,include,ok
lfm,2,2,case_034,C03,include,ok
lfm,2,2,case_034,C04,include,ok
lfm,2,2,case_034,C05,include,ok
lfm,2,2,case_034,C06,include,ok
lfm,2,2,case_034,C07,include,ok
lfm,2,2,case_034,C08,include,ok
lfm,2,2,case_034,C09,include,ok
lfm,2,2,case_034,C10,include,ok
lfm,2,2,case_035,C01,include,ok
lfm,2,2,case_035,C02,include,ok
lfm,2,2,case_035,C03,include,ok
lfm,2,2,case_035,C04,include,ok
lfm,2,2,case_035,C05,include,ok
lfm,2,2,case_035,C06,include,ok
lfm,2,2,case_035,C07,include,ok
lfm,2,2,case_035,C08,include,ok
lfm,2,2,case_035,C09,include,ok
lfm,2,2,case_035,C10,include,ok
lfm,2,2,case_036,C01,include,ok
lfm,2,2,case_036,C02,include,ok
lfm,2,2,case_036,C03,include,ok
lfm,2,2,case_036,C04,include,ok
lfm,2,2,case_036,C05,include,ok
lfm,2,2,case_036,C06,include,ok
lfm,2,2,case_036,C07,include,ok
lfm,2,2,case_036,C08,include,ok
lfm,2,2,case_036,C09,include,ok
lfm,2,2,case_036,C10,include,ok
lfm,2,2,case_037,C01,include,ok
lfm,2,2,case_037,C02,include,ok
lfm,2,2,case_037,C03,include,ok
lfm,2,2,case_037,C04,include,ok
lfm,2,2,case_037,C05,include,ok
lfm,2,2,case_037,C06,include,ok
lfm,2,2,case_037,C07,include,ok
lfm,2,2,case_037,C08,include,ok
lfm,2,2,case_037,C09,include,ok
lfm,2,2,case_037,C10,include,ok
lfm,2,2,case_038,C01,include,ok
lfm,2,2,case_038,C02,include,ok
lfm,2,2,case_038,C03,include,ok
lfm,2,2,case_038,C04,include,ok
lfm,2,2,case_038,C05,include,ok
lfm,2,2,case_038,C06,include,ok
lfm,2,2,case_038,C07,include,ok
lfm,2,2,case_038,C08,include,ok
lfm,2,2,case_038,C09,include,ok
lfm,2,2,case_038,C10,include,ok
lfm,2,2,case_039,C01,include,ok
lfm,2,2,case_039,C02,include,ok
lfm,2,2,case_039,C03,include,ok
lfm,2,2,case_039,C04,include,ok
lfm,2,2,case_039,C05,include,ok
lfm,2,2,case_039,C06,include,ok
lfm,2,2,case_039,C07,include,ok
lfm,2,2,case_039,C08,include,ok
lfm,2,2,case_039,C09,include,ok
lfm,2,2,case_039,C10,include,ok
lfm,2,2,case_040,C01,include,ok
lfm,2,2,case_040,C02,include,ok
lfm,2,2,case_040,C03,include,ok
lfm,2,2,case_040,C04,include,ok
lfm,2,2,case_040,C05,include,ok
lfm,2,2,case_040,C06,include,ok
lfm,2,2,case_040,C07,include,ok
lfm,2,2,case_040,C08,include,ok
lfm,2,2,case_040,C09,include,ok
lfm,2,2,case_040,C10,include,ok
lfm,2,2,case_041,C01,include,ok
lfm,2,2,case_041,C02,include,ok
lfm,2,2,case_041,C03,include,ok
lfm,2,2,case_041,C04,include,ok
lfm,2,2,case_041,C05,include,ok
lfm,2,2,case_041,C06,include,ok
lfm,2,2,case_041,C07,include,ok
lfm,2,2,case_041,C08,include,ok
lfm,2,2,case_041,C09,include,ok
lfm,2,2,case_041,C10,include,ok
lfm,2,2,case_042,C01,include,ok
lfm,2,2,case_042,C02,include,ok
lfm,2,2,case_042,C03,include,ok
lfm,2,2,case_042,C04,include,ok
lfm,2,2,case_042,C05,include,ok
lfm,2,2,case_042,C06,include,ok
lfm,2,2,case_042,C07,include,ok
lfm,2,2,case_042,C08,include,ok
lfm,2,2,case_042,C09,include,ok
lfm,2,2,case_042,C10,include,ok
lfm,2,2,case_043,C01,include,ok
lfm,2,2,case_043,C02,include,ok
lfm,2,2,case_043,C03,include,ok
lfm,2,2,case_043,C04,include,ok
lfm,2,2,case_043,C05,include,ok
lfm,2,2,case_043,C06,include,ok
lfm,2,2,case_043,C07,include,ok
lfm,2,2,case_043,C08,include,ok
lfm,2,2,case_043,C09,include,ok
lfm,2,2,case_043,C10,include,ok
lfm,2,2,case_044,C01,include,ok
lfm,2,2,case_044,C02,include,ok
lfm,2,2,case_044,C03,include,ok
lfm,2,2,case_044,C04,include,ok
lfm,2,2,case_044,C05,include,ok
lfm,2,2,case_044,C06,include,ok
lfm,2,2,case_044,C07,include,ok
lfm,2,2,case_044,C08,include,ok
lfm,2,2,case_044,C09,include,ok
lfm,2,2,case_044,C10,include,ok
lfm,2,2,case_045,C01,include,ok
lfm,2,2,case_045,C02,include,ok
lfm,2,2,case_045,C03,include,ok
lfm,2,2,case_045,C04,include,ok
lfm,2,2,case_045,C05,include,ok
lfm,2,2,case_045,C06,include,ok
lfm,2,2,case_045,C07,include,ok
lfm,2,2,case_045,C08,include,ok
lfm,2,2,case_045,C09,include,ok
lfm,2,2,case_045,C10,include,ok
lfm,2,2,case_046,C01,include,ok
lfm,2,2,case_046,C02,include,ok
lfm,2,2,case_046,C03,include,ok
lfm,2,2,case_046,C04,include,ok
lfm,2,2,case_046,C05,include,ok
lfm,2,2,case_046,C06,include,ok
lfm,2,2,case_046,C07,include,ok
lfm,2,2,case_046,C08,include,ok
lfm,2,2,case_046,C09,include,ok
lfm,2,2,case_046,C10,include,ok
lfm,2,2,case_047,C01,include,ok
lfm,2,2,case_047,C02,include,ok
lfm,2,2,case_047,C03,include,ok
lfm,2,2,case_047,C04,include,ok
lfm,2,2,case_047,C05,include,ok
lfm,2,2,case_047,C06,include,ok
lfm,2,2,case_047,C07,include,ok
lfm,2,2,case_047,C08,include,ok
lfm,2,2,case_047,C09,include,ok
lfm,2,2,case_047,C10,include,ok
lfm,2,2,case_048,C01,include,ok
lfm,2,2,case_048,C02,include,ok
lfm,2,2,case_048,C03,include,ok
lfm,2,2,case_048,C04,include,ok
lfm,2,2,case_048,C05,include,ok
lfm,2,2,case_048,C06,include,ok
lfm,2,2,case_048,C07,include,ok
lfm,2,2,case_048,C08,include,ok
lfm,2,2,case_048,C09,include,ok
lfm,2,2,case_048,C10,include,ok
lfm,2,2,case_049,C01,include,ok
lfm,2,2,case_049,C02,include,ok
lfm,2,2,case_049,C03,include,ok
lfm,2,2,case_049,C04,include,ok
lfm,2,2,case_049,C05,include,ok
lfm,2,2,case_049,C06,include,ok
lfm,2,2,case_049,C07,include,ok
lfm,2,2,case_049,C08,include,ok
lfm,2,2,case_049,C09,include,ok
lfm,2,2,case_049,C10,include,ok
lfm,2,2,case_050,C01,include,ok
lfm,2,2,case_050,C02,exclude,ok
lfm,2,2,case_050,C03,include,ok
lfm,2,2,case_050,C04,include,ok
lfm,2,2,case_050,C05,include,ok
lfm,2,2,case_050,C06,include,ok
lfm,2,2,case_050,C07,include,ok
lfm,2,2,case_050,C08,include,ok
lfm,2,2,case_050,C09,include,ok
lfm,2,2,case_050,C10,include,ok
lfm,2,2,case_051,C01,include,ok
lfm,2,2,case_051,C02,include,ok
lfm,2,2,case_051,C03,include,ok
lfm,2,2,case_051,C04,include,ok
lfm,2,2,case_051,C05,include,ok
lfm,2,2,case_051,C06,include,ok
lfm,2,2,case_051,C07,include,ok
lfm,2,2,case_051,C08,include,ok
lfm,2,2,case_051,C09,include,ok
lfm,2,2,case_051,C10,include,ok
lfm,2,2,case_052,C01,include,ok
lfm,2,2,case_052,C02,include,ok
lfm,2,2,case_052,C03,include,ok
lfm,2,2,case_052,C04,include,ok
lfm,2,2,case_052,C05,include,ok
lfm,2,2,case_052,C06,include,ok
lfm,2,2,case_052,C07,include,ok
lfm,2,2,case_052,C08,include,ok
lfm,2,2,case_052,C09,include,ok
lfm,2,2,case_052,C10,include,ok
lfm,2,2,case_053,C01,include,ok
lfm,2,2,case_053,C02,include,ok
lfm,2,2,case_053,C03,include,ok
lfm,2,2,case_053,C04,include,ok
lfm,2,2,case_053,C05,include,ok
lfm,2,2,case_053,C06,include,ok
lfm,2,2,case_053,C07,include,ok
lfm,2,2,case_053,C08,include,ok
lfm,2,2,case_053,C09,include,ok
lfm,2,2,case_053,C10,include,ok
lfm,2,2,case_054,C01,include,ok
lfm,2,2,case_054,C02,include,ok
lfm,2,2,case_054,C03,include,ok
lfm,2,2,case_054,C04,include,ok
lfm,2,2,case_054,C05,include,ok
lfm,2,2,case_054,C06,include,ok
lfm,2,2,case_054,C07,include,ok
lfm,2,2,case_054,C08,include,ok
lfm,2,2,case_054,C09,include,ok
lfm,2,2,case_054,C10,include,ok
lfm,2,2,case_055,C01,include,ok
lfm,2,2,case_055,C02,include,ok
lfm,2,2,case_055,C03,include,ok
lfm,2,2,case_055,C04,include,ok
lfm,2,2,case_055,C05,include,ok
lfm,2,2,case_055,C06,include,ok
lfm,2,2,case_055,C07,include,ok
lfm,2,2,case_055,C08,include,ok
lfm,2,2,case_055,C09,include,ok
lfm,2,2,case_055,C10,include,ok
lfm,2,2,case_056,C01,include,ok
lfm,2,2,case_056,C02,include,ok
lfm,2,2,case_056,C03,include,ok
lfm,2,2,case_056,C04,include,ok
lfm,2,2,case_056,C05,include,ok
lfm,2,2,case_056,C06,include,ok
lfm,2,2,case_056,C07,include,ok
lfm,2,2,case_056,C08,include,ok
lfm,2,2,case_056,C09,include,ok
lfm,2,2,case_056,C10,include,ok
lfm,2,2,case_057,C01,include,ok
lfm,2,2,case_057,C02,include,ok
lfm,2,2,case_057,C03,include,ok
lfm,2,2,case_057,C04,include,ok
lfm,2,2,case_057,C05,include,ok
lfm,2,2,case_057,C06,include,ok
lfm,2,2,case_057,C07,include,ok
lfm,2,2,case_057,C08,include,ok
lfm,2,2,case_057,C09,include,ok
lfm,2,2,case_057,C10,include,ok
lfm,2,2,case_058,C01,include,ok
lfm,2,2,case_058,C02,include,ok
lfm,2,2,case_058,C03,include,ok
lfm,2,2,case_058,C04,include,ok
lfm,2,2,case_058,C05,include,ok
lfm,2,2,case_058,C06,include,ok
lfm,2,2,case_058,C07,include,ok
lfm,2,2,case_058,C08,include,ok
lfm,2,2,case_058,C09,include,ok
lfm,2,2,case_058,C10,include,ok
lfm,2,2,case_059,C01,include,ok
lfm,2,2,case_059,C02,include,ok
lfm,2,2,case_059,C03,include,ok
lfm,2,2,case_059,C04,include,ok
lfm,2,2,case_059,C05,include,ok
lfm,2,2,case_059,C06,include,ok
lfm,2,2,case_059,C07,include,ok
lfm,2,2,case_059,C08,include,ok
lfm,2,2,case_059,C09,include,ok
lfm,2,2,case_059,C10,include,ok
lfm,2,2,case_060,C01,include,ok
lfm,2,2,case_060,C02,include,ok
lfm,2,2,case_060,C03,include,ok
lfm,2,2,case_060,C04,include,ok
lfm,2,2,case_060,C05,include,ok
lfm,2,2,case_060,C06,include,ok
lfm,2,2,case_060,C07,include,ok
lfm,2,2,case_060,C08,include,ok
lfm,2,2,case_060,C09,include,ok
lfm,2,2,case_060,C10,include,ok
lfm,2,2,case_061,C01,include,ok
lfm,2,2,case_061,C02,include,ok
lfm,2,2,case_061,C03,include,ok
lfm,2,2,case_061,C04,include,ok
lfm,2,2,case_061,C05,include,ok
lfm,2,2,case_061,C06,include,ok
lfm,2,2,case_061,C07,include,ok
lfm,2,2,case_061,C08,include,ok
lfm,2,2,case_061,C09,include,ok
lfm,2,2,case_061,C10,include,ok
lfm,2,2,case_062,C01,include,ok
lfm,2,2,case_062,C02,include,ok
lfm,2,2,case_062,C03,include,ok
lfm,2,2,case_062,C04,include,ok
lfm,2,2,case_062,C05,include,ok
lfm,2,2,case_062,C06,include,ok
lfm,2,2,case_062,C07,include,ok
lfm,2,2,case_062,C08,include,ok
lfm,2,2,case_062,C09,include,ok
lfm,2,2,case_062,C10,include,ok
lfm,2,2,case_063,C01,include,ok
lfm,2,2,case_063,C02,include,ok
lfm,2,2,case_063,C03,include,ok
lfm,2,2,case_063,C04,include,ok
lfm,2,2,case_063,C05,include,ok
lfm,2,2,case_063,C06,include,ok
lfm,2,2,case_063,C07,include,ok
lfm,2,2,case_063,C08,include,ok
lfm,2,2,case_063,C09,include,ok
lfm,2,2,case_063,C10,include,ok
lfm,2,2,case_064,C01,include,ok
lfm,2,2,case_064,C02,include,ok
lfm,2,2,case_064,C03,include,ok
lfm,2,2,case_064,C04,include,ok
lfm,2,2,case_064,C05,include,ok
lfm,2,2,case_064,C06,include,ok
lfm,2,2,case_064,C07,include,ok
lfm,2,2,case_064,C08,include,ok
lfm,2,2,case_064,C09,include,ok
lfm,2,2,case_064,C10,include,ok
lfm,2,2,case_065,C01,include,ok
lfm,2,2,case_065,C02,include,ok
lfm,2,2,case_065,C03,include,ok
lfm,2,2,case_065,C04,include,ok
lfm,2,2,case_065,C05,include,ok
lfm,2,2,case_065,C06,include,ok
lfm,2,2,case_065,C07,include,ok
lfm,2,2,case_065,C08,include,ok
lfm,2,2,case_065,C09,include,ok
lfm,2,2,case_065,C10,include,ok
lfm,2,2,case_066,C01,include,ok
lfm,2,2,case_066,C02,exclude,ok
lfm,2,2,case_066,C03,include,ok
lfm,2,2,case_066,C04,exclude,ok
lfm,2,2,case_066,C05,include,ok
lfm,2,2,case_066,C06,exclude,ok
lfm,2,2,case_066,C07,include,ok
lfm,2,2,case_066,C08,exclude,ok
lfm,2,2,case_066,C09,include,ok
lfm,2,2,case_066,C10,exclude,ok
lfm,2,2,case_067,C01,include,ok
lfm,2,2,case_067,C02,include,ok
lfm,2,2,case_067,C03,include,ok
lfm,2,2,case_067,C04,include,ok
lfm,2,2,case_067,C05,include,ok
lfm,2,2,case_067,C06,include,ok
lfm,2,2,case_067,C07,include,ok
lfm,2,2,case_067,C08,include,ok
lfm,2,2,case_067,C09,include,ok
lfm,2,2,case_067,C10,include,ok
lfm,2,2,case_068,C01,include,ok
lfm,2,2,case_068,C02,include,ok
lfm,2,2,case_068,C03,include,ok
lfm,2,2,case_068,C04,include,ok
lfm,2,2,case_068,C05,include,ok
lfm,2,2,case_068,C06,include,ok
lfm,2,2,case_068,C07,include,ok
lfm,2,2,case_068,C08,include,ok
lfm,2,2,case_068,C09,include,ok
lfm,2,2,case_068,C10,include,ok
lfm,2,2,case_069,C01,include,ok
lfm,2,2,case_069,C02,include,ok
lfm,2,2,case_069,C03,include,ok
lfm,2,2,case_069,C04,include,ok
lfm,2,2,case_069,C05,include,ok
lfm,2,2,case_069,C06,include,ok
lfm,2,2,case_069,C07,include,ok
lfm,2,2,case_069,C08,include,ok
lfm,2,2,case_069,C09,include,ok
lfm,2,2,case_069,C10,exclude,ok
lfm,2,2,case_070,C01,include,ok
lfm,2,2,case_070,C02,include,ok
lfm,2,2,case_070,C03,include,ok
lfm,2,2,case_070,C04,include,ok
lfm,2,2,case_070,C05,include,ok
lfm,2,2,case_070,C06,include,ok
lfm,2,2,case_070,C07,include,ok
lfm,2,2,case_070,C08,include,ok
lfm,2,2,case_070,C09,include,ok
lfm,2,2,case_070,C10,include,ok
lfm,2,2,case_071,C01,include,ok
lfm,2,2,case_071,C02,include,ok
lfm,2,2,case_071,C03,include,ok
lfm,2,2,case_071,C04,include,ok
lfm,2,2,case_071,C05,include,ok
lfm,2,2,case_071,C06,include,ok
lfm,2,2,case_071,C07,include,ok
lfm,2,2,case_071,C08,include,ok
lfm,2,2,case_071,C09,include,ok
lfm,2,2,case_071,C10,include,ok
lfm,2,2,case_072,C01,include,ok
lfm,2,2,case_072,C02,include,ok
lfm,2,2,case_072,C03,include,ok
lfm,2,2,case_072,C04,include,ok
lfm,2,2,case_072,C05,include,ok
lfm,2,2,case_072,C06,include,ok
lfm,2,2,case_072,C07,include,ok
lfm,2,2,case_072,C08,include,ok
lfm,2,2,case_072,C09,include,ok
lfm,2,2,case_072,C10,include,ok
lfm,2,2,case_073,C01,include,ok
lfm,2,2,case_073,C02,include,ok
lfm,2,2,case_073,C03,include,ok
lfm,2,2,case_073,C04,include,ok
lfm,2,2,case_073,C05,include,ok
lfm,2,2,case_073,C06,include,ok
lfm,2,2,case_073,C07,include,ok
lfm,2,2,case_073,C08,include,ok
lfm,2,2,case_073,C09,include,ok
lfm,2,2,case_073,C10,include,ok
lfm,2,2,case_074,C01,include,ok
lfm,2,2,case_074,C02,include,ok
lfm,2,2,case_074,C03,include,ok
lfm,2,2,case_074,C04,include,ok
lfm,2,2,case_074,C05,include,ok
lfm,2,2,case_074,C06,include,ok
lfm,2,2,case_074,C07,include,ok
lfm,2,2,case_074,C08,include,ok
lfm,2,2,case_074,C09,include,ok
lfm,2,2,case_074,C10,include,ok
lfm,2,2,case_075,C01,include,ok
lfm,2,2,case_075,C02,include,ok
lfm,2,2,case_075,C03,include,ok
lfm,2,2,case_075,C04,include,ok
lfm,2,2,case_075,C05,include,ok
lfm,2,2,case_075,C06,include,ok
lfm,2,2,case_075,C07,include,ok
lfm,2,2,case_075,C08,include,ok
lfm,2,2,case_075,C09,include,ok
lfm,2,2,case_075,C10,include,ok
lfm,2,2,case_076,C01,include,ok
lfm,2,2,case_076,C02,include,ok
lfm,2,2,case_076,C03,include,ok
lfm,2,2,case_076,C04,include,ok
lfm,2,2,case_076,C05,include,ok
lfm,2,2,case_076,C06,include,ok
lfm,2,2,case_076,C07,include,ok
lfm,2,2,case_076,C08,include,ok
lfm,2,2,case_076,C09,include,ok
lfm,2,2,case_076,C10,include,ok
lfm,2,2,case_077,C01,include,ok
lfm,2,2,case_077,C02,include,ok
lfm,2,2,case_077,C03,include,ok
lfm,2,2,case_077,C04,include,ok
lfm,2,2,case_077,C05,include,ok
lfm,2,2,case_077,C06,include,ok
lfm,2,2,case_077,C07,include,ok
lfm,2,2,case_077,C08,include,ok
lfm,2,2,case_077,C09,include,ok
lfm,2,2,case_077,C10,include,ok
lfm,2,2,case_078,C01,include,ok
lfm,2,2,case_078,C02,include,ok
lfm,2,2,case_078,C03,include,ok
lfm,2,2,case_078,C04,include,ok
lfm,2,2,case_078,C05,include,ok
lfm,2,2,case_078,C06,include,ok
lfm,2,2,case_078,C07,include,ok
lfm,2,2,case_078,C08,include,ok
lfm,2,2,case_078,C09,include,ok
lfm,2,2,case_078,C10,include,ok
lfm,2,2,case_079,C01,include,ok
lfm,2,2,case_079,C02,include,ok
lfm,2,2,case_079,C03,include,ok
lfm,2,2,case_079,C04,include,ok
lfm,2,2,case_079,C05,include,ok
lfm,2,2,case_079,C06,include,ok
lfm,2,2,case_079,C07,include,ok
lfm,2,2,case_079,C08,include,ok
lfm,2,2,case_079,C09,include,ok
lfm,2,2,case_079,C10,include,ok
lfm,2,2,case_080,C01,include,ok
lfm,2,2,case_080,C02,include,ok
lfm,2,2,case_080,C03,include,ok
lfm,2,2,case_080,C04,include,ok
lfm,2,2,case_080,C05,include,ok
lfm,2,2,case_080,C06,include,ok
lfm,2,2,case_080,C07,include,ok
lfm,2,2,case_080,C08,include,ok
lfm,2,2,case_080,C09,include,ok
lfm,2,2,case_080,C10,include,ok
lfm,2,2,case_081,C01,include,ok
lfm,2,2,case_081,C02,include,ok
lfm,2,2,case_081,C03,include,ok
lfm,2,2,case_081,C04,include,ok
lfm,2,2,case_081,C05,include,ok
lfm,2,2,case_081,C06,include,ok
lfm,2,2,case_081,C07,include,ok
lfm,2,2,case_081,C08,include,ok
lfm,2,2,case_081,C09,include,ok
lfm,2,2,case_081,C10,include,ok
lfm,2,2,case_082,C01,include,ok
lfm,2,2,case_082,C02,include,ok
lfm,2,2,case_082,C03,include,ok
lfm,2,2,case_082,C04,include,ok
lfm,2,2,case_082,C05,include,ok
lfm,2,2,case_082,C06,include,ok
lfm,2,2,case_082,C07,include,ok
lfm,2,2,case_082,C08,include,ok
lfm,2,2,case_082,C09,include,ok
lfm,2,2,case_082,C10,include,ok
lfm,2,2,case_083,C01,include,ok
lfm,2,2,case_083,C02,include,ok
lfm,2,2,case_083,C03,include,ok
lfm,2,2,case_083,C04,include,ok
lfm,2,2,case_083,C05,include,ok
lfm,2,2,case_083,C06,include,ok
lfm,2,2,case_083,C07,include,ok
lfm,2,2,case_083,C08,include,ok
lfm,2,2,case_083,C09,include,ok
lfm,2,2,case_083,C10,include,ok
lfm,2,2,case_084,C01,include,ok
lfm,2,2,case_084,C02,include,ok
lfm,2,2,case_084,C03,include,ok
lfm,2,2,case_084,C04,include,ok
lfm,2,2,case_084,C05,include,ok
lfm,2,2,case_084,C06,include,ok
lfm,2,2,case_084,C07,include,ok
lfm,2,2,case_084,C08,include,ok
lfm,2,2,case_084,C09,include,ok
lfm,2,2,case_084,C10,include,ok
lfm,2,2,case_085,C01,include,ok
lfm,2,2,case_085,C02,include,ok
lfm,2,2,case_085,C03,include,ok
lfm,2,2,case_085,C04,include,ok
lfm,2,2,case_085,C05,include,ok
lfm,2,2,case_085,C06,include,ok
lfm,2,2,case_085,C07,include,ok
lfm,2,2,case_085,C08,include,ok
lfm,2,2,case_085,C09,include,ok
lfm,2,2,case_085,C10,include,ok
lfm,2,2,case_086,C01,include,ok
lfm,2,2,case_086,C02,include,ok
lfm,2,2,case_086,C03,include,ok
lfm,2,2,case_086,C04,include,ok
lfm,2,2,case_086,C05,include,ok
lfm,2,2,case_086,C06,include,ok
lfm,2,2,case_086,C07,include,ok
lfm,2,2,case_086,C08,include,ok
lfm,2,2,case_086,C09,include,ok
lfm,2,2,case_086,C10,include,ok
lfm,2,2,case_087,C01,include,ok
lfm,2,2,case_087,C02,include,ok
lfm,2,2,case_087,C03,include,ok
lfm,2,2,case_087,C04,include,ok
lfm,2,2,case_087,C05,include,ok
lfm,2,2,case_087,C06,include,ok
lfm,2,2,case_087,C07,include,ok
lfm,2,2,case_087,C08,include,ok
lfm,2,2,case_087,C09,include,ok
lfm,2,2,case_087,C10,include,ok
lfm,2,2,case_088,C01,include,ok
lfm,2,2,case_088,C02,include,ok
lfm,2,2,case_088,C03,include,ok
lfm,2,2,case_088,C04,include,ok
lfm,2,2,case_088,C05,include,ok
lfm,2,2,case_088,C06,include,ok
lfm,2,2,case_088,C07,include,ok
lfm,2,2,case_088,C08,include,ok
lfm,2,2,case_088,C09,include,ok
lfm,2,2,case_088,C10,include,ok
lfm,2,2,case_089,C01,include,ok
lfm,2,2,case_089,C02,include,ok
lfm,2,2,case_089,C03,include,ok
lfm,2,2,case_089,C04,include,ok
lfm,2,2,case_089,C05,include,ok
lfm,2,2,case_089,C06,include,ok
lfm,2,2,case_089,C07,include,ok
lfm,2,2,case_089,C08,include,ok
lfm,2,2,case_089,C09,include,ok
lfm,2,2,case_089,C10,include,ok
lfm,2,2,case_090,C01,include,ok
lfm,2,2,case_090,C02,include,ok
lfm,2,2,case_090,C03,include,ok
lfm,2,2,case_090,C04,include,ok
lfm,2,2,case_090,C05,include,ok
lfm,2,2,case_090,C06,include,ok
lfm,2,2,case_090,C07,include,ok
lfm,2,2,case_090,C08,exclude,ok
lfm,2,2,case_090,C09,include,ok
lfm,2,2,case_090,C10,include,ok
lfm,2,2,case_091,C01,include,ok
lfm,2,2,case_091,C02,include,ok
lfm,2,2,case_091,C03,include,ok
lfm,2,2,case_091,C04,include,ok
lfm,2,2,case_091,C05,include,ok
lfm,2,2,case_091,C06,include,ok
lfm,2,2,case_091,C07,include,ok
lfm,2,2,case_091,C08,include,ok
lfm,2,2,case_091,C09,include,ok
lfm,2,2,case_091,C10,include,ok
lfm,2,2,case_092,C01,include,ok
lfm,2,2,case_092,C02,include,ok
lfm,2,2,case_092,C03,include,ok
lfm,2,2,case_092,C04,include,ok
lfm,2,2,case_092,C05,include,ok
lfm,2,2,case_092,C06,include,ok
lfm,2,2,case_092,C07,include,ok
lfm,2,2,case_092,C08,include,ok
lfm,2,2,case_092,C09,include,ok
lfm,2,2,case_092,C10,include,ok
lfm,2,2,case_093,C01,include,ok
lfm,2,2,case_093,C02,include,ok
lfm,2,2,case_093,C03,include,ok
lfm,2,2,case_093,C04,include,ok
lfm,2,2,case_093,C05,include,ok
lfm,2,2,case_093,C06,include,ok
lfm,2,2,case_093,C07,include,ok
lfm,2,2,case_093,C08,include,ok
lfm,2,2,case_093,C09,include,ok
lfm,2,2,case_093,C10,include,ok
lfm,2,2,case_094,C01,include,ok
lfm,2,2,case_094,C02,include,ok
lfm,2,2,case_094,C03,include,ok
lfm,2,2,case_094,C04,include,ok
lfm,2,2,case_094,C05,include,ok
lfm,2,2,case_094,C06,include,ok
lfm,2,2,case_094,C07,include,ok
lfm,2,2,case_094,C08,include,ok
lfm,2,2,case_094,C09,include,ok
lfm,2,2,case_094,C10,include,ok
lfm,2,2,case_095,C01,include,ok
lfm,2,2,case_095,C02,include,ok
lfm,2,2,case_095,C03,include,ok
lfm,2,2,case_095,C04,include,ok
lfm,2,2,case_095,C05,include,ok
lfm,2,2,case_095,C06,include,ok
lfm,2,2,case_095,C07,include,ok
lfm,2,2,case_095,C08,include,ok
lfm,2,2,case_095,C09,include,ok
lfm,2,2,case_095,C10,include,ok
lfm,2,2,case_096,C01,include,ok
lfm,2,2,case_096,C02,include,ok
lfm,2,2,case_096,C03,include,ok
lfm,2,2,case_096,C04,include,ok
lfm,2,2,case_096,C05,include,ok
lfm,2,2,case_096,C06,include,ok
lfm,2,2,case_096,C07,include,ok
lfm,2,2,case_096,C08,include,ok
lfm,2,2,case_096,C09,include,ok
lfm,2,2,case_096,C10,include,ok
lfm,2,2,case_097,C01,include,ok
lfm,2,2,case_097,C02,include,ok
lfm,2,2,case_097,C03,include,ok
lfm,2,2,case_097,C04,include,ok
lfm,2,2,case_097,C05,include,ok
lfm,2,2,case_097,C06,include,ok
lfm,2,2,case_097,C07,include,ok
lfm,2,2,case_097,C08,include,ok
lfm,2,2,case_097,C09,include,ok
lfm,2,2,case_097,C10,include,ok
lfm,2,2,case_098,C01,include,ok
lfm,2,2,case_098,C02,include,ok
lfm,2,2,case_098,C03,include,ok
lfm,2,2,case_098,C04,include,ok
lfm,2,2,case_098,C05,include,ok
lfm,2,2,case_098,C06,include,ok
lfm,2,2,case_098,C07,include,ok
lfm,2,2,case_098,C08,include,ok
lfm,2,2,case_098,C09,include,ok
lfm,2,2,case_098,C10,include,ok
lfm,2,2,case_099,C01,include,ok
lfm,2,2,case_099,C02,include,ok
lfm,2,2,case_099,C03,include,ok
lfm,2,2,case_099,C04,include,ok
lfm,2,2,case_099,C05,include,ok
lfm,2,2,case_099,C06,include,ok
lfm,2,2,case_099,C07,include,ok
lfm,2,2,case_099,C08,include,ok
lfm,2,2,case_099,C09,include,ok
lfm,2,2,case_099,C10,include,ok
lfm,2,2,case_100,C01,include,ok
lfm,2,2,case_100,C02,include,ok
lfm,2,2,case_100,C03,include,ok
lfm,2,2,case_100,C04,include,ok
lfm,2,2,case_100,C05,include,ok
lfm,2,2,case_100,C06,include,ok
lfm,2,2,case_100,C07,include,ok
lfm,2,2,case_100,C08,include,ok
lfm,2,2,case_100,C09,include,ok
lfm,2,2,case_100,C10,include,ok
lfm,3,3,case_001,C01,include,ok
lfm,3,3,case_001,C02,include,ok
lfm,3,3,case_001,C03,include,ok
lfm,3,3,case_001,C04,include,ok
lfm,3,3,case_001,C05,include,ok
lfm,3,3,case_001,C06,include,ok
lfm,3,3,case_001,C07,include,ok
lfm,3,3,case_001,C08,include,ok
lfm,3,3,case_001,C09,include,ok
lfm,3,3,case_001,C10,include,ok
lfm,3,3,case_002,C01,include,ok
lfm,3,3,case_002,C02,include,ok
lfm,3,3,case_002,C03,include,ok
lfm,3,3,case_002,C04,include,ok
lfm,3,3,case_002,C05,include,ok
lfm,3,3,case_002,C06,include,ok
lfm,3,3,case_002,C07,include,ok
lfm,3,3,case_002,C08,include,ok
lfm,3,3,case_002,C09,include,ok
lfm,3,3,case_002,C10,include,ok
lfm,3,3,case_003,C01,include,ok
lfm,3,3,case_003,C02,include,ok
lfm,3,3,case_003,C03,include,ok
lfm,3,3,case_003,C04,include,ok
lfm,3,3,case_003,C05,include,ok
lfm,3,3,case_003,C06,include,ok
lfm,3,3,case_003,C07,include,ok
lfm,3,3,case_003,C08,include,ok
lfm,3,3,case_003,C09,include,ok
lfm,3,3,case_003,C10,include,ok
lfm,3,3,case_004,C01,include,ok
lfm,3,3,case_004,C02,include,ok
lfm,3,3,case_004,C03,include,ok
lfm,3,3,case_004,C04,include,ok
lfm,3,3,case_004,C05,include,ok
lfm,3,3,case_004,C06,include,ok
lfm,3,3,case_004,C07,include,ok
lfm,3,3,case_004,C08,include,ok
lfm,3,3,case_004,C09,include,ok
lfm,3,3,case_004,C10,include,ok
lfm,3,3,case_005,C01,include,ok
lfm,3,3,case_005,C02,include,ok
lfm,3,3,case_005,C03,include,ok
lfm,3,3,case_005,C04,include,ok
lfm,3,3,case_005,C05,include,ok
lfm,3,3,case_005,C06,include,ok
lfm,3,3,case_005,C07,include,ok
lfm,3,3,case_005,C08,include,ok
lfm,3,3,case_005,C09,include,ok
lfm,3,3,case_005,C10,include,ok
lfm,3,3,case_006,C01,include,ok
lfm,3,3,case_006,C02,include,ok
lfm,3,3,case_006,C03,include,ok
lfm,3,3,case_006,C04,include,ok
lfm,3,3,case_006,C05,include,ok
lfm,3,3,case_006,C06,include,ok
lfm,3,3,case_006,C07,include,ok
lfm,3,3,case_006,C08,include,ok
lfm,3,3,case_006,C09,include,ok
lfm,3,3,case_006,C10,include,ok
lfm,3,3,case_007,C01,include,ok
lfm,3,3,case_007,C02,include,ok
lfm,3,3,case_007,C03,include,ok
lfm,3,3,case_007,C04,include,ok
lfm,3,3,case_007,C05,include,ok
lfm,3,3,case_007,C06,include,ok
lfm,3,3,case_007,C07,include,ok
lfm,3,3,case_007,C08,include,ok
lfm,3,3,case_007,C09,include,ok
lfm,3,3,case_007,C10,include,ok
lfm,3,3,case_008,C01,include,ok
lfm,3,3,case_008,C02,include,ok
lfm,3,3,case_008,C03,include,ok
lfm,3,3,case_008,C04,include,ok
lfm,3,3,case_008,C05,include,ok
lfm,3,3,case_008,C06,include,ok
lfm,3,3,case_008,C07,include,ok
lfm,3,3,case_008,C08,include,ok
lfm,3,3,case_008,C09,include,ok
lfm,3,3,case_008,C10,include,ok
lfm,3,3,case_009,C01,include,ok
lfm,3,3,case_009,C02,include,ok
lfm,3,3,case_009,C03,include,ok
lfm,3,3,case_009,C04,include,ok
lfm,3,3,case_009,C05,include,ok
lfm,3,3,case_009,C06,include,ok
lfm,3,3,case_009,C07,include,ok
lfm,3,3,case_009,C08,include,ok
lfm,3,3,case_009,C09,include,ok
lfm,3,3,case_009,C10,include,ok
lfm,3,3,case_010,C01,include,ok
lfm,3,3,case_010,C02,include,ok
lfm,3,3,case_010,C03,include,ok
lfm,3,3,case_010,C04,include,ok
lfm,3,3,case_010,C05,include,ok
lfm,3,3,case_010,C06,include,ok
lfm,3,3,case_010,C07,include,ok
lfm,3,3,case_010,C08,include,ok
lfm,3,3,case_010,C09,include,ok
lfm,3,3,case_010,C10,include,ok
lfm,3,3,case_011,C01,include,ok
lfm,3,3,case_011,C02,include,ok
lfm,3,3,case_011,C03,include,ok
lfm,3,3,case_011,C04,include,ok
lfm,3,3,case_011,C05,include,ok
lfm,3,3,case_011,C06,include,ok
lfm,3,3,case_011,C07,include,ok
lfm,3,3,case_011,C08,include,ok
lfm,3,3,case_011,C09,include,ok
lfm,3,3,case_011,C10,include,ok
lfm,3,3,case_012,C01,include,ok
lfm,3,3,case_012,C02,include,ok
lfm,3,3,case_012,C03,include,ok
lfm,3,3,case_012,C04,include,ok
lfm,3,3,case_012,C05,include,ok
lfm,3,3,case_012,C06,include,ok
lfm,3,3,case_012,C07,include,ok
lfm,3,3,case_012,C08,include,ok
lfm,3,3,case_012,C09,include,ok
lfm,3,3,case_012,C10,include,ok
lfm,3,3,case_013,C01,include,ok
lfm,3,3,case_013,C02,include,ok
lfm,3,3,case_013,C03,include,ok
lfm,3,3,case_013,C04,include,ok
lfm,3,3,case_013,C05,include,ok
lfm,3,3,case_013,C06,include,ok
lfm,3,3,case_013,C07,include,ok
lfm,3,3,case_013,C08,include,ok
lfm,3,3,case_013,C09,include,ok
lfm,3,3,case_013,C10,include,ok
lfm,3,3,case_014,C01,include,ok
lfm,3,3,case_014,C02,include,ok
lfm,3,3,case_014,C03,include,ok
lfm,3,3,case_014,C04,include,ok
lfm,3,3,case_014,C05,include,ok
lfm,3,3,case_014,C06,include,ok
lfm,3,3,case_014,C07,include,ok
lfm,3,3,case_014,C08,include,ok
lfm,3,3,case_014,C09,include,ok
lfm,3,3,case_014,C10,include,ok
lfm,3,3,case_015,C01,exclude,ok
lfm,3,3,case_015,C02,include,ok
lfm,3,3,case_015,C03,include,ok
lfm,3,3,case_015,C04,include,ok
lfm,3,3,case_015,C05,include,ok
lfm,3,3,case_015,C06,include,ok
lfm,3,3,case_015,C07,include,ok
lfm,3,3,case_015,C08,include,ok
lfm,3,3,case_015,C09,include,ok
lfm,3,3,case_015,C10,include,ok
lfm,3,3,case_016,C01,include,ok
lfm,3,3,case_016,C02,include,ok
lfm,3,3,case_016,C03,include,ok
lfm,3,3,case_016,C04,include,ok
lfm,3,3,case_016,C05,include,ok
lfm,3,3,case_016,C06,include,ok
lfm,3,3,case_016,C07,include,ok
lfm,3,3,case_016,C08,include,ok
lfm,3,3,case_016,C09,include,ok
lfm,3,3,case_016,C10,include,ok
lfm,3,3,case_017,C01,include,ok
lfm,3,3,case_017,C02,include,ok
lfm,3,3,case_017,C03,include,ok
lfm,3,3,case_017,C04,include,ok
lfm,3,3,case_017,C05,include,ok
lfm,3,3,case_017,C06,include,ok
lfm,3,3,case_017,C07,include,ok
lfm,3,3,case_017,C08,include,ok
lfm,3,3,case_017,C09,include,ok
lfm,3,3,case_017,C10,include,ok
lfm,3,3,case_018,C01,include,ok
lfm,3,3,case_018,C02,include,ok
lfm,3,3,case_018,C03,include,ok
lfm,3,3,case_018,C04,include,ok
lfm,3,3,case_018,C05,include,ok
lfm,3,3,case_018,C06,include,ok
lfm,3,3,case_018,C07,include,ok
lfm,3,3,case_018,C08,include,ok
lfm,3,3,case_018,C09,include,ok
lfm,3,3,case_018,C10,include,ok
lfm,3,3,case_019,C01,include,ok
lfm,3,3,case_019,C02,include,ok
lfm,3,3,case_019,C03,include,ok
lfm,3,3,case_019,C04,include,ok
lfm,3,3,case_019,C05,include,ok
lfm,3,3,case_019,C06,include,ok
lfm,3,3,case_019,C07,include,ok
lfm,3,3,case_019,C08,include,ok
lfm,3,3,case_019,C09,include,ok
lfm,3,3,case_019,C10,include,ok
lfm,3,3,case_020,C01,exclude,ok
lfm,3,3,case_020,C02,include,ok
lfm,3,3,case_020,C03,include,ok
lfm,3,3,case_020,C04,include,ok
lfm,3,3,case_020,C05,exclude,ok
lfm,3,3,case_020,C06,include,ok
lfm,3,3,case_020,C07,include,ok
lfm,3,3,case_020,C08,include,ok
lfm,3,3,case_020,C09,include,ok
lfm,3,3,case_020,C10,exclude,ok
lfm,3,3,case_021,C01,include,ok
lfm,3,3,case_021,C02,include,ok
lfm,3,3,case_021,C03,include,ok
lfm,3,3,case_021,C04,include,ok
lfm,3,3,case_021,C05,include,ok
lfm,3,3,case_021,C06,include,ok
lfm,3,3,case_021,C07,include,ok
lfm,3,3,case_021,C08,include,ok
lfm,3,3,case_021,C09,include,ok
lfm,3,3,case_021,C10,include,ok
lfm,3,3,case_022,C01,include,ok
lfm,3,3,case_022,C02,include,ok
lfm,3,3,case_022,C03,include,ok
lfm,3,3,case_022,C04,exclude,ok
lfm,3,3,case_022,C05,include,ok
lfm,3,3,case_022,C06,include,ok
lfm,3,3,case_022,C07,include,ok
lfm,3,3,case_022,C08,include,ok
lfm,3,3,case_022,C09,include,ok
lfm,3,3,case_022,C10,include,ok
lfm,3,3,case_023,C01,include,ok
lfm,3,3,case_023,C02,include,ok
lfm,3,3,case_023,C03,include,ok
lfm,3,3,case_023,C04,include,ok
lfm,3,3,case_023,C05,include,ok
lfm,3,3,case_023,C06,include,ok
lfm,3,3,case_023,C07,include,ok
lfm,3,3,case_023,C08,include,ok
lfm,3,3,case_023,C09,include,ok
lfm,3,3,case_023,C10,include,ok
lfm,3,3,case_024,C01,include,ok
lfm,3,3,case_024,C02,include,ok
lfm,3,3,case_024,C03,include,ok
lfm,3,3,case_024,C04,include,ok
lfm,3,3,case_024,C05,include,ok
lfm,3,3,case_024,C06,include,ok
lfm,3,3,case_024,C07,include,ok
lfm,3,3,case_024,C08,include,ok
lfm,3,3,case_024,C09,include,ok
lfm,3,3,case_024,C10,include,ok
lfm,3,3,case_025,C01,include,ok
lfm,3,3,case_025,C02,include,ok
lfm,3,3,case_025,C03,include,ok
lfm,3,3,case_025,C04,include,ok
lfm,3,3,case_025,C05,include,ok
lfm,3,3,case_025,C06,include,ok
lfm,3,3,case_025,C07,include,ok
lfm,3,3,case_025,C08,include,ok
lfm,3,3,case_025,C09,include,ok
lfm,3,3,case_025,C10,include,ok
lfm,3,3,case_026,C01,include,ok
lfm,3,3,case_026,C02,include,ok
lfm,3,3,case_026,C03,include,ok
lfm,3,3,case_026,C04,include,ok
lfm,3,3,case_026,C05,include,ok
lfm,3,3,case_026,C06,include,ok
lfm,3,3,case_026,C07,include,ok
lfm,3,3,case_026,C08,include,ok
lfm,3,3,case_026,C09,include,ok
lfm,3,3,case_026,C10,include,ok
lfm,3,3,case_027,C01,include,ok
lfm,3,3,case_027,C02,include,ok
lfm,3,3,case_027,C03,include,ok
lfm,3,3,case_027,C04,include,ok
lfm,3,3,case_027,C05,include,ok
lfm,3,3,case_027,C06,include,ok
lfm,3,3,case_027,C07,include,ok
lfm,3,3,case_027,C08,include,ok
lfm,3,3,case_027,C09,include,ok
lfm,3,3,case_027,C10,include,ok
lfm,3,3,case_028,C01,include,ok
lfm,3,3,case_028,C02,include,ok
lfm,3,3,case_028,C03,include,ok
lfm,3,3,case_028,C04,include,ok
lfm,3,3,case_028,C05,include,ok
lfm,3,3,case_028,C06,include,ok
lfm,3,3,case_028,C07,include,ok
lfm,3,3,case_028,C08,include,ok
lfm,3,3,case_028,C09,include,ok
lfm,3,3,case_028,C10,include,ok
lfm,3,3,case_029,C01,include,ok
lfm,3,3,case_029,C02,include,ok
lfm,3,3,case_029,C03,include,ok
lfm,3,3,case_029,C04,include,ok
lfm,3,3,case_029,C05,include,ok
lfm,3,3,case_029,C06,include,ok
lfm,3,3,case_029,C07,include,ok
lfm,3,3,case_029,C08,include,ok
lfm,3,3,case_029,C09,include,ok
lfm,3,3,case_029,C10,include,ok
lfm,3,3,case_030,C01,include,ok
lfm,3,3,case_030,C02,include,ok
lfm,3,3,case_030,C03,include,ok
lfm,3,3,case_030,C04,include,ok
lfm,3,3,case_030,C05,include,ok
lfm,3,3,case_030,C06,include,ok
lfm,3,3,case_030,C07,include,ok
lfm,3,3,case_030,C08,include,ok
lfm,3,3,case_030,C09,include,ok
lfm,3,3,case_030,C10,include,ok
lfm,3,3,case_031,C01,include,ok
lfm,3,3,case_031,C02,include,ok
lfm,3,3,case_031,C03,include,ok
lfm,3,3,case_031,C04,include,ok
lfm,3,3,case_031,C05,include,ok
lfm,3,3,case_031,C06,include,ok
lfm,3,3,case_031,C07,include,ok
lfm,3,3,case_031,C08,include,ok
lfm,3,3,case_031,C09,include,ok
lfm,3,3,case_031,C10,include,ok
lfm,3,3,case_032,C01,include,ok
lfm,3,3,case_032,C02,include,ok
lfm,3,3,case_032,C03,include,ok
lfm,3,3,case_032,C04,include,ok
lfm,3,3,case_032,C05,include,ok
lfm,3,3,case_032,C06,include,ok
lfm,3,3,case_032,C07,include,ok
lfm,3,3,case_032,C08,include,ok
lfm,3,3,case_032,C09,include,ok
lfm,3,3,case_032,C10,include,ok
lfm,3,3,case_033,C01,include,ok
lfm,3,3,case_033,C02,include,ok
lfm,3,3,case_033,C03,include,ok
lfm,3,3,case_033,C04,include,ok
lfm,3,3,case_033,C05,include,ok
lfm,3,3,case_033,C06,include,ok
lfm,3,3,case_033,C07,include,ok
lfm,3,3,case_033,C08,include,ok
lfm,3,3,case_033,C09,include,ok
lfm,3,3,case_033,C10,include,ok
lfm,3,3,case_034,C01,include,ok
lfm,3,3,case_034,C02,include,ok
lfm,3,3,case_034,C03,include,ok
lfm,3,3,case_034,C04,include,ok
lfm,3,3,case_034,C05,include,ok
lfm,3,3,case_034,C06,include,ok
lfm,3,3,case_034,C07,include,ok
lfm,3,3,case_034,C08,include,ok
lfm,3,3,case_034,C09,include,ok
lfm,3,3,case_034,C10,include,ok
lfm,3,3,case_035,C01,include,ok
lfm,3,3,case_035,C02,include,ok
lfm,3,3,case_035,C03,include,ok
lfm,3,3,case_035,C04,include,ok
lfm,3,3,case_035,C05,include,ok
lfm,3,3,case_035,C06,include,ok
lfm,3,3,case_035,C07,include,ok
lfm,3,3,case_035,C08,include,ok
lfm,3,3,case_035,C09,include,ok
lfm,3,3,case_035,C10,include,ok
lfm,3,3,case_036,C01,include,ok
lfm,3,3,case_036,C02,include,ok
lfm,3,3,case_036,C03,include,ok
lfm,3,3,case_036,C04,include,ok
lfm,3,3,case_036,C05,include,ok
lfm,3,3,case_036,C06,include,ok
lfm,3,3,case_036,C07,include,ok
lfm,3,3,case_036,C08,include,ok
lfm,3,3,case_036,C09,include,ok
lfm,3,3,case_036,C10,include,ok
lfm,3,3,case_037,C01,include,ok
lfm,3,3,case_037,C02,include,ok
lfm,3,3,case_037,C03,include,ok
lfm,3,3,case_037,C04,include,ok
lfm,3,3,case_037,C05,include,ok
lfm,3,3,case_037,C06,include,ok
lfm,3,3,case_037,C07,include,ok
lfm,3,3,case_037,C08,include,ok
lfm,3,3,case_037,C09,include,ok
lfm,3,3,case_037,C10,include,ok
lfm,3,3,case_038,C01,include,ok
lfm,3,3,case_038,C02,include,ok
lfm,3,3,case_038,C03,include,ok
lfm,3,3,case_038,C04,include,ok
lfm,3,3,case_038,C05,include,ok
lfm,3,3,case_038,C06,include,ok
lfm,3,3,case_038,C07,include,ok
lfm,3,3,case_038,C08,include,ok
lfm,3,3,case_038,C09,include,ok
lfm,3,3,case_038,C10,include,ok
lfm,3,3,case_039,C01,include,ok
lfm,3,3,case_039,C02,include,ok
lfm,3,3,case_039,C03,include,ok
lfm,3,3,case_039,C04,include,ok
lfm,3,3,case_039,C05,include,ok
lfm,3,3,case_039,C06,include,ok
lfm,3,3,case_039,C07,include,ok
lfm,3,3,case_039,C08,include,ok
lfm,3,3,case_039,C09,include,ok
lfm,3,3,case_039,C10,include,ok
lfm,3,3,case_040,C01,include,ok
lfm,3,3,case_040,C02,include,ok
lfm,3,3,case_040,C03,include,ok
lfm,3,3,case_040,C04,include,ok
lfm,3,3,case_040,C05,include,ok
lfm,3,3,case_040,C06,include,ok
lfm,3,3,case_040,C07,include,ok
lfm,3,3,case_040,C08,include,ok
lfm,3,3,case_040,C09,include,ok
lfm,3,3,case_040,C10,include,ok
lfm,3,3,case_041,C01,include,ok
lfm,3,3,case_041,C02,include,ok
lfm,3,3,case_041,C03,include,ok
lfm,3,3,case_041,C04,include,ok
lfm,3,3,case_041,C05,include,ok
lfm,3,3,case_041,C06,include,ok
lfm,3,3,case_041,C07,include,ok
lfm,3,3,case_041,C08,include,ok
lfm,3,3,case_041,C09,include,ok
lfm,3,3,case_041,C10,include,ok
lfm,3,3,case_042,C01,include,ok
lfm,3,3,case_042,C02,include,ok
lfm,3,3,case_042,C03,include,ok
lfm,3,3,case_042,C04,include,ok
lfm,3,3,case_042,C05,include,ok
lfm,3,3,case_042,C06,include,ok
lfm,3,3,case_042,C07,include,ok
lfm,3,3,case_042,C08,include,ok
lfm,3,3,case_042,C09,include,ok
lfm,3,3,case_042,C10,include,ok
lfm,3,3,case_043,C01,include,ok
lfm,3,3,case_043,C02,include,ok
lfm,3,3,case_043,C03,include,ok
lfm,3,3,case_043,C04,include,ok
lfm,3,3,case_043,C05,include,ok
lfm,3,3,case_043,C06,include,ok
lfm,3,3,case_043,C07,include,ok
lfm,3,3,case_043,C08,include,ok
lfm,3,3,case_043,C09,include,ok
lfm,3,3,case_043,C10,include,ok
lfm,3,3,case_044,C01,include,ok
lfm,3,3,case_044,C02,include,ok
lfm,3,3,case_044,C03,include,ok
lfm,3,3,case_044,C04,include,ok
lfm,3,3,case_044,C05,include,ok
lfm,3,3,case_044,C06,include,ok
lfm,3,3,case_044,C07,include,ok
lfm,3,3,case_044,C08,include,ok
lfm,3,3,case_044,C09,include,ok
lfm,3,3,case_044,C10,include,ok
lfm,3,3,case_045,C01,include,ok
lfm,3,3,case_045,C02,include,ok
lfm,3,3,case_045,C03,include,ok
lfm,3,3,case_045,C04,include,ok
lfm,3,3,case_045,C05,include,ok
lfm,3,3,case_045,C06,include,ok
lfm,3,3,case_045,C07,include,ok
lfm,3,3,case_045,C08,include,ok
lfm,3,3,case_045,C09,include,ok
lfm,3,3,case_045,C10,include,ok
lfm,3,3,case_046,C01,include,ok
lfm,3,3,case_046,C02,include,ok
lfm,3,3,case_046,C03,include,ok
lfm,3,3,case_046,C04,include,ok
lfm,3,3,case_046,C05,include,ok
lfm,3,3,case_046,C06,include,ok
lfm,3,3,case_046,C07,include,ok
lfm,3,3,case_046,C08,include,ok
lfm,3,3,case_046,C09,include,ok
lfm,3,3,case_046,C10,include,ok
lfm,3,3,case_047,C01,include,ok
lfm,3,3,case_047,C02,include,ok
lfm,3,3,case_047,C03,include,ok
lfm,3,3,case_047,C04,include,ok
lfm,3,3,case_047,C05,include,ok
lfm,3,3,case_047,C06,include,ok
lfm,3,3,case_047,C07,include,ok
lfm,3,3,case_047,C08,include,ok
lfm,3,3,case_047,C09,include,ok
lfm,3,3,case_047,C10,include,ok
lfm,3,3,case_048,C01,include,ok
lfm,3,3,case_048,C02,include,ok
lfm,3,3,case_048,C03,include,ok
lfm,3,3,case_048,C04,include,ok
lfm,3,3,case_048,C05,include,ok
lfm,3,3,case_048,C06,include,ok
lfm,3,3,case_048,C07,include,ok
lfm,3,3,case_048,C08,include,ok
lfm,3,3,case_048,C09,include,ok
lfm,3,3,case_048,C10,include,ok
lfm,3,3,case_049,C01,include,ok
lfm,3,3,case_049,C02,include,ok
lfm,3,3,case_049,C03,include,ok
lfm,3,3,case_049,C04,include,ok
lfm,3,3,case_049,C05,include,ok
lfm,3,3,case_049,C06,include,ok
lfm,3,3,case_049,C07,include,ok
lfm,3,3,case_049,C08,include,ok
lfm,3,3,case_049,C09,include,ok
lfm,3,3,case_049,C10,include,ok
lfm,3,3,case_050,C01,include,ok
lfm,3,3,case_050,C02,exclude,ok
lfm,3,3,case_050,C03,include,ok
lfm,3,3,case_050,C04,include,ok
lfm,3,3,case_050,C05,include,ok
lfm,3,3,case_050,C06,include,ok
lfm,3,3,case_050,C07,include,ok
lfm,3,3,case_050,C08,include,ok
lfm,3,3,case_050,C09,include,ok
lfm,3,3,case_050,C10,include,ok
lfm,3,3,case_051,C01,include,ok
lfm,3,3,case_051,C02,include,ok
lfm,3,3,case_051,C03,include,ok
lfm,3,3,case_051,C04,include,ok
lfm,3,3,case_051,C05,include,ok
lfm,3,3,case_051,C06,include,ok
lfm,3,3,case_051,C07,include,ok
lfm,3,3,case_051,C08,include,ok
lfm,3,3,case_051,C09,include,ok
lfm,3,3,case_051,C10,include,ok
lfm,3,3,case_052,C01,include,ok
lfm,3,3,case_052,C02,include,ok
lfm,3,3,case_052,C03,include,ok
lfm,3,3,case_052,C04,include,ok
lfm,3,3,case_052,C05,include,ok
lfm,3,3,case_052,C06,include,ok
lfm,3,3,case_052,C07,include,ok
lfm,3,3,case_052,C08,include,ok
lfm,3,3,case_052,C09,include,ok
lfm,3,3,case_052,C10,include,ok
lfm,3,3,case_053,C01,include,ok
lfm,3,3,case_053,C02,include,ok
lfm,3,3,case_053,C03,include,ok
lfm,3,3,case_053,C04,include,ok
lfm,3,3,case_053,C05,include,ok
lfm,3,3,case_053,C06,include,ok
lfm,3,3,case_053,C07,include,ok
lfm,3,3,case_053,C08,include,ok
lfm,3,3,case_053,C09,include,ok
lfm,3,3,case_053,C10,include,ok
lfm,3,3,case_054,C01,include,ok
lfm,3,3,case_054,C02,include,ok
lfm,3,3,case_054,C03,include,ok
lfm,3,3,case_054,C04,include,ok
lfm,3,3,case_054,C05,include,ok
lfm,3,3,case_054,C06,include,ok
lfm,3,3,case_054,C07,include,ok
lfm,3,3,case_054,C08,include,ok
lfm,3,3,case_054,C09,include,ok
lfm,3,3,case_054,C10,include,ok
lfm,3,3,case_055,C01,include,ok
lfm,3,3,case_055,C02,include,ok
lfm,3,3,case_055,C03,include,ok
lfm,3,3,case_055,C04,include,ok
lfm,3,3,case_055,C05,include,ok
lfm,3,3,case_055,C06,include,ok
lfm,3,3,case_055,C07,include,ok
lfm,3,3,case_055,C08,include,ok
lfm,3,3,case_055,C09,include,ok
lfm,3,3,case_055,C10,include,ok
lfm,3,3,case_056,C01,include,ok
lfm,3,3,case_056,C02,include,ok
lfm,3,3,case_056,C03,include,ok
lfm,3,3,case_056,C04,include,ok
lfm,3,3,case_056,C05,include,ok
lfm,3,3,case_056,C06,include,ok
lfm,3,3,case_056,C07,include,ok
lfm,3,3,case_056,C08,include,ok
lfm,3,3,case_056,C09,include,ok
lfm,3,3,case_056,C10,include,ok
lfm,3,3,case_057,C01,include,ok
lfm,3,3,case_057,C02,include,ok
lfm,3,3,case_057,C03,include,ok
lfm,3,3,case_057,C04,include,ok
lfm,3,3,case_057,C05,include,ok
lfm,3,3,case_057,C06,include,ok
lfm,3,3,case_057,C07,include,ok
lfm,3,3,case_057,C08,include,ok
lfm,3,3,case_057,C09,include,ok
lfm,3,3,case_057,C10,include,ok
lfm,3,3,case_058,C01,include,ok
lfm,3,3,case_058,C02,include,ok
lfm,3,3,case_058,C03,include,ok
lfm,3,3,case_058,C04,include,ok
lfm,3,3,case_058,C05,include,ok
lfm,3,3,case_058,C06,include,ok
lfm,3,3,case_058,C07,include,ok
lfm,3,3,case_058,C08,include,ok
lfm,3,3,case_058,C09,include,ok
lfm,3,3,case_058,C10,include,ok
lfm,3,3,case_059,C01,include,ok
lfm,3,3,case_059,C02,include,ok
lfm,3,3,case_059,C03,include,ok
lfm,3,3,case_059,C04,include,ok
lfm,3,3,case_059,C05,include,ok
lfm,3,3,case_059,C06,include,ok
lfm,3,3,case_059,C07,include,ok
lfm,3,3,case_059,C08,include,ok
lfm,3,3,case_059,C09,include,ok
lfm,3,3,case_059,C10,include,ok
lfm,3,3,case_060,C01,include,ok
lfm,3,3,case_060,C02,include,ok
lfm,3,3,case_060,C03,include,ok
lfm,3,3,case_060,C04,include,ok
lfm,3,3,case_060,C05,include,ok
lfm,3,3,case_060,C06,include,ok
lfm,3,3,case_060,C07,include,ok
lfm,3,3,case_060,C08,include,ok
lfm,3,3,case_060,C09,include,ok
lfm,3,3,case_060,C10,include,ok
lfm,3,3,case_061,C01,include,ok
lfm,3,3,case_061,C02,include,ok
lfm,3,3,case_061,C03,include,ok
lfm,3,3,case_061,C04,include,ok
lfm,3,3,case_061,C05,include,ok
lfm,3,3,case_061,C06,include,ok
lfm,3,3,case_061,C07,include,ok
lfm,3,3,case_061,C08,include,ok
lfm,3,3,case_061,C09,include,ok
lfm,3,3,case_061,C10,include,ok
lfm,3,3,case_062,C01,include,ok
lfm,3,3,case_062,C02,include,ok
lfm,3,3,case_062,C03,include,ok
lfm,3,3,case_062,C04,include,ok
lfm,3,3,case_062,C05,include,ok
lfm,3,3,case_062,C06,include,ok
lfm,3,3,case_062,C07,include,ok
lfm,3,3,case_062,C08,include,ok
lfm,3,3,case_062,C09,include,ok
lfm,3,3,case_062,C10,include,ok
lfm,3,3,case_063,C01,include,ok
lfm,3,3,case_063,C02,include,ok
lfm,3,3,case_063,C03,include,ok
lfm,3,3,case_063,C04,include,ok
lfm,3,3,case_063,C05,include,ok
lfm,3,3,case_063,C06,include,ok
lfm,3,3,case_063,C07,include,ok
lfm,3,3,case_063,C08,include,ok
lfm,3,3,case_063,C09,include,ok
lfm,3,3,case_063,C10,include,ok
lfm,3,3,case_064,C01,include,ok
lfm,3,3,case_064,C02,include,ok
lfm,3,3,case_064,C03,include,ok
lfm,3,3,case_064,C04,include,ok
lfm,3,3,case_064,C05,include,ok
lfm,3,3,case_064,C06,include,ok
lfm,3,3,case_064,C07,include,ok
lfm,3,3,case_064,C08,include,ok
lfm,3,3,case_064,C09,include,ok
lfm,3,3,case_064,C10,include,ok
lfm,3,3,case_065,C01,include,ok
lfm,3,3,case_065,C02,include,ok
lfm,3,3,case_065,C03,include,ok
lfm,3,3,case_065,C04,include,ok
lfm,3,3,case_065,C05,include,ok
lfm,3,3,case_065,C06,include,ok
lfm,3,3,case_065,C07,include,ok
lfm,3,3,case_065,C08,include,ok
lfm,3,3,case_065,C09,include,ok
lfm,3,3,case_065,C10,include,ok
lfm,3,3,case_066,C01,include,ok
lfm,3,3,case_066,C02,exclude,ok
lfm,3,3,case_066,C03,include,ok
lfm,3,3,case_066,C04,exclude,ok
lfm,3,3,case_066,C05,include,ok
lfm,3,3,case_066,C06,exclude,ok
lfm,3,3,case_066,C07,include,ok
lfm,3,3,case_066,C08,exclude,ok
lfm,3,3,case_066,C09,include,ok
lfm,3,3,case_066,C10,exclude,ok
lfm,3,3,case_067,C01,include,ok
lfm,3,3,case_067,C02,include,ok
lfm,3,3,case_067,C03,include,ok
lfm,3,3,case_067,C04,include,ok
lfm,3,3,case_067,C05,include,ok
lfm,3,3,case_067,C06,include,ok
lfm,3,3,case_067,C07,include,ok
lfm,3,3,case_067,C08,include,ok
lfm,3,3,case_067,C09,include,ok
lfm,3,3,case_067,C10,include,ok
lfm,3,3,case_068,C01,include,ok
lfm,3,3,case_068,C02,include,ok
lfm,3,3,case_068,C03,include,ok
lfm,3,3,case_068,C04,include,ok
lfm,3,3,case_068,C05,include,ok
lfm,3,3,case_068,C06,include,ok
lfm,3,3,case_068,C07,include,ok
lfm,3,3,case_068,C08,include,ok
lfm,3,3,case_068,C09,include,ok
lfm,3,3,case_068,C10,include,ok
lfm,3,3,case_069,C01,include,ok
lfm,3,3,case_069,C02,include,ok
lfm,3,3,case_069,C03,include,ok
lfm,3,3,case_069,C04,include,ok
lfm,3,3,case_069,C05,include,ok
lfm,3,3,case_069,C06,include,ok
lfm,3,3,case_069,C07,include,ok
lfm,3,3,case_069,C08,include,ok
lfm,3,3,case_069,C09,include,ok
lfm,3,3,case_069,C10,exclude,ok
lfm,3,3,case_070,C01,include,ok
lfm,3,3,case_070,C02,include,ok
lfm,3,3,case_070,C03,include,ok
lfm,3,3,case_070,C04,include,ok
lfm,3,3,case_070,C05,include,ok
lfm,3,3,case_070,C06,include,ok
lfm,3,3,case_070,C07,include,ok
lfm,3,3,case_070,C08,include,ok
lfm,3,3,case_070,C09,include,ok
lfm,3,3,case_070,C10,include,ok
lfm,3,3,case_071,C01,include,ok
lfm,3,3,case_071,C02,include,ok
lfm,3,3,case_071,C03,include,ok
lfm,3,3,case_071,C04,include,ok
lfm,3,3,case_071,C05,include,ok
lfm,3,3,case_071,C06,include,ok
lfm,3,3,case_071,C07,include,ok
lfm,3,3,case_071,C08,include,ok
lfm,3,3,case_071,C09,include,ok
lfm,3,3,case_071,C10,include,ok
lfm,3,3,case_072,C01,include,ok
lfm,3,3,case_072,C02,include,ok
lfm,3,3,case_072,C03,include,ok
lfm,3,3,case_072,C04,include,ok
lfm,3,3,case_072,C05,include,ok
lfm,3,3,case_072,C06,include,ok
lfm,3,3,case_072,C07,include,ok
lfm,3,3,case_072,C08,include,ok
lfm,3,3,case_072,C09,include,ok
lfm,3,3,case_072,C10,include,ok
lfm,3,3,case_073,C01,include,ok
lfm,3,3,case_073,C02,include,ok
lfm,3,3,case_073,C03,include,ok
lfm,3,3,case_073,C04,include,ok
lfm,3,3,case_073,C05,include,ok
lfm,3,3,case_073,C06,include,ok
lfm,3,3,case_073,C07,include,ok
lfm,3,3,case_073,C08,include,ok
lfm,3,3,case_073,C09,include,ok
lfm,3,3,case_073,C10,include,ok
lfm,3,3,case_074,C01,include,ok
lfm,3,3,case_074,C02,include,ok
lfm,3,3,case_074,C03,include,ok
lfm,3,3,case_074,C04,include,ok
lfm,3,3,case_074,C05,include,ok
lfm,3,3,case_074,C06,include,ok
lfm,3,3,case_074,C07,include,ok
lfm,3,3,case_074,C08,include,ok
lfm,3,3,case_074,C09,include,ok
lfm,3,3,case_074,C10,include,ok
lfm,3,3,case_075,C01,include,ok
lfm,3,3,case_075,C02,include,ok
lfm,3,3,case_075,C03,include,ok
lfm,3,3,case_075,C04,include,ok
lfm,3,3,case_075,C05,include,ok
lfm,3,3,case_075,C06,include,ok
lfm,3,3,case_075,C07,include,ok
lfm,3,3,case_075,C08,include,ok
lfm,3,3,case_075,C09,include,ok
lfm,3,3,case_075,C10,include,ok
lfm,3,3,case_076,C01,include,ok
lfm,3,3,case_076,C02,include,ok
lfm,3,3,case_076,C03,include,ok
lfm,3,3,case_076,C04,include,ok
lfm,3,3,case_076,C05,include,ok
lfm,3,3,case_076,C06,include,ok
lfm,3,3,case_076,C07,include,ok
lfm,3,3,case_076,C08,include,ok
lfm,3,3,case_076,C09,include,ok
lfm,3,3,case_076,C10,include,ok
lfm,3,3,case_077,C01,include,ok
lfm,3,3,case_077,C02,include,ok
lfm,3,3,case_077,C03,include,ok
lfm,3,3,case_077,C04,include,ok
lfm,3,3,case_077,C05,include,ok
lfm,3,3,case_077,C06,include,ok
lfm,3,3,case_077,C07,include,ok
lfm,3,3,case_077,C08,include,ok
lfm,3,3,case_077,C09,include,ok
lfm,3,3,case_077,C10,include,ok
lfm,3,3,case_078,C01,include,ok
lfm,3,3,case_078,C02,include,ok
lfm,3,3,case_078,C03,include,ok
lfm,3,3,case_078,C04,include,ok
lfm,3,3,case_078,C05,include,ok
lfm,3,3,case_078,C06,include,ok
lfm,3,3,case_078,C07,include,ok
lfm,3,3,case_078,C08,include,ok
lfm,3,3,case_078,C09,include,ok
lfm,3,3,case_078,C10,include,ok
lfm,3,3,case_079,C01,include,ok
lfm,3,3,case_079,C02,include,ok
lfm,3,3,case_079,C03,include,ok
lfm,3,3,case_079,C04,include,ok
lfm,3,3,case_079,C05,include,ok
lfm,3,3,case_079,C06,include,ok
lfm,3,3,case_079,C07,include,ok
lfm,3,3,case_079,C08,include,ok
lfm,3,3,case_079,C09,include,ok
lfm,3,3,case_079,C10,include,ok
lfm,3,3,case_080,C01,include,ok
lfm,3,3,case_080,C02,include,ok
lfm,3,3,case_080,C03,include,ok
lfm,3,3,case_080,C04,include,ok
lfm,3,3,case_080,C05,include,ok
lfm,3,3,case_080,C06,include,ok
lfm,3,3,case_080,C07,include,ok
lfm,3,3,case_080,C08,include,ok
lfm,3,3,case_080,C09,include,ok
lfm,3,3,case_080,C10,include,ok
lfm,3,3,case_081,C01,include,ok
lfm,3,3,case_081,C02,include,ok
lfm,3,3,case_081,C03,include,ok
lfm,3,3,case_081,C04,include,ok
lfm,3,3,case_081,C05,include,ok
lfm,3,3,case_081,C06,include,ok
lfm,3,3,case_081,C07,include,ok
lfm,3,3,case_081,C08,include,ok
lfm,3,3,case_081,C09,include,ok
lfm,3,3,case_081,C10,include,ok
lfm,3,3,case_082,C01,include,ok
lfm,3,3,case_082,C02,include,ok
lfm,3,3,case_082,C03,include,ok
lfm,3,3,case_082,C04,include,ok
lfm,3,3,case_082,C05,include,ok
lfm,3,3,case_082,C06,include,ok
lfm,3,3,case_082,C07,include,ok
lfm,3,3,case_082,C08,include,ok
lfm,3,3,case_082,C09,include,ok
lfm,3,3,case_082,C10,include,ok
lfm,3,3,case_083,C01,include,ok
lfm,3,3,case_083,C02,include,ok
lfm,3,3,case_083,C03,include,ok
lfm,3,3,case_083,C04,include,ok
lfm,3,3,case_083,C05,include,ok
lfm,3,3,case_083,C06,include,ok
lfm,3,3,case_083,C07,include,ok
lfm,3,3,case_083,C08,include,ok
lfm,3,3,case_083,C09,include,ok
lfm,3,3,case_083,C10,include,ok
lfm,3,3,case_084,C01,include,ok
lfm,3,3,case_084,C02,include,ok
lfm,3,3,case_084,C03,include,ok
lfm,3,3,case_084,C04,include,ok
lfm,3,3,case_084,C05,include,ok
lfm,3,3,case_084,C06,include,ok
lfm,3,3,case_084,C07,include,ok
lfm,3,3,case_084,C08,include,ok
lfm,3,3,case_084,C09,include,ok
lfm,3,3,case_084,C10,include,ok
lfm,3,3,case_085,C01,include,ok
lfm,3,3,case_085,C02,include,ok
lfm,3,3,case_085,C03,include,ok
lfm,3,3,case_085,C04,include,ok
lfm,3,3,case_085,C05,include,ok
lfm,3,3,case_085,C06,include,ok
lfm,3,3,case_085,C07,include,ok
lfm,3,3,case_085,C08,include,ok
lfm,3,3,case_085,C09,include,ok
lfm,3,3,case_085,C10,include,ok
lfm,3,3,case_086,C01,include,ok
lfm,3,3,case_086,C02,include,ok
lfm,3,3,case_086,C03,include,ok
lfm,3,3,case_086,C04,include,ok
lfm,3,3,case_086,C05,include,ok
lfm,3,3,case_086,C06,include,ok
lfm,3,3,case_086,C07,include,ok
lfm,3,3,case_086,C08,include,ok
lfm,3,3,case_086,C09,include,ok
lfm,3,3,case_086,C10,include,ok
lfm,3,3,case_087,C01,include,ok
lfm,3,3,case_087,C02,include,ok
lfm,3,3,case_087,C03,include,ok
lfm,3,3,case_087,C04,include,ok
lfm,3,3,case_087,C05,include,ok
lfm,3,3,case_087,C06,include,ok
lfm,3,3,case_087,C07,include,ok
lfm,3,3,case_087,C08,include,ok
lfm,3,3,case_087,C09,include,ok
lfm,3,3,case_087,C10,include,ok
lfm,3,3,case_088,C01,include,ok
lfm,3,3,case_088,C02,include,ok
lfm,3,3,case_088,C03,include,ok
lfm,3,3,case_088,C04,include,ok
lfm,3,3,case_088,C05,include,ok
lfm,3,3,case_088,C06,include,ok
lfm,3,3,case_088,C07,include,ok
lfm,3,3,case_088,C08,include,ok
lfm,3,3,case_088,C09,include,ok
lfm,3,3,case_088,C10,include,ok
lfm,3,3,case_089,C01,include,ok
lfm,3,3,case_089,C02,include,ok
lfm,3,3,case_089,C03,include,ok
lfm,3,3,case_089,C04,include,ok
lfm,3,3,case_089,C05,include,ok
lfm,3,3,case_089,C06,include,ok
lfm,3,3,case_089,C07,include,ok
lfm,3,3,case_089,C08,include,ok
lfm,3,3,case_089,C09,include,ok
lfm,3,3,case_089,C10,include,ok
lfm,3,3,case_090,C01,include,ok
lfm,3,3,case_090,C02,include,ok
lfm,3,3,case_090,C03,include,ok
lfm,3,3,case_090,C04,include,ok
lfm,3,3,case_090,C05,include,ok
lfm,3,3,case_090,C06,include,ok
lfm,3,3,case_090,C07,include,ok
lfm,3,3,case_090,C08,exclude,ok
lfm,3,3,case_090,C09,include,ok
lfm,3,3,case_090,C10,include,ok
lfm,3,3,case_091,C01,include,ok
lfm,3,3,case_091,C02,include,ok
lfm,3,3,case_091,C03,include,ok
lfm,3,3,case_091,C04,include,ok
lfm,3,3,case_091,C05,include,ok
lfm,3,3,case_091,C06,include,ok
lfm,3,3,case_091,C07,include,ok
lfm,3,3,case_091,C08,include,ok
lfm,3,3,case_091,C09,include,ok
lfm,3,3,case_091,C10,include,ok
lfm,3,3,case_092,C01,include,ok
lfm,3,3,case_092,C02,include,ok
lfm,3,3,case_092,C03,include,ok
lfm,3,3,case_092,C04,include,ok
lfm,3,3,case_092,C05,include,ok
lfm,3,3,case_092,C06,include,ok
lfm,3,3,case_092,C07,include,ok
lfm,3,3,case_092,C08,include,ok
lfm,3,3,case_092,C09,include,ok
lfm,3,3,case_092,C10,include,ok
lfm,3,3,case_093,C01,include,ok
lfm,3,3,case_093,C02,include,ok
lfm,3,3,case_093,C03,include,ok
lfm,3,3,case_093,C04,include,ok
lfm,3,3,case_093,C05,include,ok
lfm,3,3,case_093,C06,include,ok
lfm,3,3,case_093,C07,include,ok
lfm,3,3,case_093,C08,include,ok
lfm,3,3,case_093,C09,include,ok
lfm,3,3,case_093,C10,include,ok
lfm,3,3,case_094,C01,include,ok
lfm,3,3,case_094,C02,include,ok
lfm,3,3,case_094,C03,include,ok
lfm,3,3,case_094,C04,include,ok
lfm,3,3,case_094,C05,include,ok
lfm,3,3,case_094,C06,include,ok
lfm,3,3,case_094,C07,include,ok
lfm,3,3,case_094,C08,include,ok
lfm,3,3,case_094,C09,include,ok
lfm,3,3,case_094,C10,include,ok
lfm,3,3,case_095,C01,include,ok
lfm,3,3,case_095,C02,include,ok
lfm,3,3,case_095,C03,include,ok
lfm,3,3,case_095,C04,include,ok
lfm,3,3,case_095,C05,include,ok
lfm,3,3,case_095,C06,include,ok
lfm,3,3,case_095,C07,include,ok
lfm,3,3,case_095,C08,include,ok
lfm,3,3,case_095,C09,include,ok
lfm,3,3,case_095,C10,include,ok
lfm,3,3,case_096,C01,include,ok
lfm,3,3,case_096,C02,include,ok
lfm,3,3,case_096,C03,include,ok
lfm,3,3,case_096,C04,include,ok
lfm,3,3,case_096,C05,include,ok
lfm,3,3,case_096,C06,include,ok
lfm,3,3,case_096,C07,include,ok
lfm,3,3,case_096,C08,include,ok
lfm,3,3,case_096,C09,include,ok
lfm,3,3,case_096,C10,include,ok
lfm,3,3,case_097,C01,include,ok
lfm,3,3,case_097,C02,include,ok
lfm,3,3,case_097,C03,include,ok
lfm,3,3,case_097,C04,include,ok
lfm,3,3,case_097,C05,include,ok
lfm,3,3,case_097,C06,include,ok
lfm,3,3,case_097,C07,include,ok
lfm,3,3,case_097,C08,include,ok
lfm,3,3,case_097,C09,include,ok
lfm,3,3,case_097,C10,include,ok
lfm,3,3,case_098,C01,include,ok
lfm,3,3,case_098,C02,include,ok
lfm,3,3,case_098,C03,include,ok
lfm,3,3,case_098,C04,include,ok
lfm,3,3,case_098,C05,include,ok
lfm,3,3,case_098,C06,include,ok
lfm,3,3,case_098,C07,include,ok
lfm,3,3,case_098,C08,include,ok
lfm,3,3,case_098,C09,include,ok
lfm,3,3,case_098,C10,include,ok
lfm,3,3,case_099,C01,include,ok
lfm,3,3,case_099,C02,include,ok
lfm,3,3,case_099,C03,include,ok
lfm,3,3,case_099,C04,include,ok
lfm,3,3,case_099,C05,include,ok
lfm,3,3,case_099,C06,include,ok
lfm,3,3,case_099,C07,include,ok
lfm,3,3,case_099,C08,include,ok
lfm,3,3,case_099,C09,include,ok
lfm,3,3,case_099,C10,include,ok
lfm,3,3,case_100,C01,include,ok
lfm,3,3,case_100,C02,include,ok
lfm,3,3,case_100,C03,include,ok
lfm,3,3,case_100,C04,include,ok
lfm,3,3,case_100,C05,include,ok
lfm,3,3,case_100,C06,include,ok
lfm,3,3,case_100,C07,include,ok
lfm,3,3,case_100,C08,include,ok
lfm,3,3,case_100,C09,include,ok
lfm,3,3,case_100,C10,include,ok
lfm26,1,1,case_001,C01,include,ok
lfm26,1,1,case_001,C02,include,ok
lfm26,1,1,case_001,C03,exclude,ok
lfm26,1,1,case_001,C04,exclude,ok
lfm26,1,1,case_001,C05,include,ok
lfm26,1,1,case_001,C06,include,ok
lfm26,1,1,case_001,C07,include,ok
lfm26,1,1,case_001,C08,include,ok
lfm26,1,1,case_001,C09,include,ok
lfm26,1,1,case_001,C10,exclude,ok
lfm26,1,1,case_002,C01,exclude,ok
lfm26,1,1,case_002,C02,exclude,ok
lfm26,1,1,case_002,C03,exclude,ok
lfm26,1,1,case_002,C04,exclude,ok
lfm26,1,1,case_002,C05,exclude,ok
lfm26,1,1,case_002,C06,exclude,ok
lfm26,1,1,case_002,C07,exclude,ok
lfm26,1,1,case_002,C08,exclude,ok
lfm26,1,1,case_002,C09,exclude,ok
lfm26,1,1,case_002,C10,exclude,ok
lfm26,1,1,case_003,C01,exclude,ok
lfm26,1,1,case_003,C02,exclude,ok
lfm26,1,1,case_003,C03,include,ok
lfm26,1,1,case_003,C04,exclude,ok
lfm26,1,1,case_003,C05,exclude,ok
lfm26,1,1,case_003,C06,exclude,ok
lfm26,1,1,case_003,C07,exclude,ok
lfm26,1,1,case_003,C08,exclude,ok
lfm26,1,1,case_003,C09,exclude,ok
lfm26,1,1,case_003,C10,include,ok
lfm26,1,1,case_004,C01,include,ok
lfm26,1,1,case_004,C02,exclude,ok
lfm26,1,1,case_004,C03,exclude,ok
lfm26,1,1,case_004,C04,exclude,ok
lfm26,1,1,case_004,C05,include,ok
lfm26,1,1,case_004,C06,exclude,ok
lfm26,1,1,case_004,C07,include,ok
lfm26,1,1,case_004,C08,exclude,ok
lfm26,1,1,case_004,C09,exclude,ok
lfm26,1,1,case_004,C10,exclude,ok
lfm26,1,1,case_005,C01,exclude,ok
lfm26,1,1,case_005,C02,exclude,ok
lfm26,1,1,case_005,C03,exclude,ok
lfm26,1,1,case_005,C04,exclude,ok
lfm26,1,1,case_005,C05,exclude,ok
lfm26,1,1,case_005,C06,exclude,ok
lfm26,1,1,case_005,C07,exclude,ok
lfm26,1,1,case_005,C08,exclude,ok
lfm26,1,1,case_005,C09,exclude,ok
lfm26,1,1,case_005,C10,exclude,ok
lfm26,1,1,case_006,C01,exclude,ok
lfm26,1,1,case_006,C02,exclude,ok
lfm26,1,1,case_006,C03,exclude,ok
lfm26,1,1,case_006,C04,exclude,ok
lfm26,1,1,case_006,C05,exclude,ok
lfm26,1,1,case_006,C06,exclude,ok
lfm26,1,1,case_006,C07,exclude,ok
lfm26,1,1,case_006,C08,include,ok
lfm26,1,1,case_006,C09,exclude,ok
lfm26,1,1,case_006,C10,exclude,ok
lfm26,1,1,case_007,C01,include,ok
lfm26,1,1,case_007,C02,exclude,ok
lfm26,1,1,case_007,C03,include,ok
lfm26,1,1,case_007,C04,exclude,ok
lfm26,1,1,case_007,C05,include,ok
lfm26,1,1,case_007,C06,include,ok
lfm26,1,1,case_007,C07,include,ok
lfm26,1,1,case_007,C08,include,ok
lfm26,1,1,case_007,C09,exclude,ok
lfm26,1,1,case_007,C10,exclude,ok
lfm26,1,1,case_008,C01,exclude,ok
lfm26,1,1,case_008,C02,exclude,ok
lfm26,1,1,case_008,C03,exclude,ok
lfm26,1,1,case_008,C04,include,ok
lfm26,1,1,case_008,C05,include,ok
lfm26,1,1,case_008,C06,include,ok
lfm26,1,1,case_008,C07,include,ok
lfm26,1,1,case_008,C08,include,ok
lfm26,1,1,case_008,C09,include,ok
lfm26,1,1,case_008,C10,include,ok
lfm26,1,1,case_009,C01,include,ok
lfm26,1,1,case_009,C02,exclude,ok
lfm26,1,1,case_009,C03,include,ok
lfm26,1,1,case_009,C04,exclude,ok
lfm26,1,1,case_009,C05,exclude,ok
lfm26,1,1,case_009,C06,exclude,ok
lfm26,1,1,case_009,C07,include,ok
lfm26,1,1,case_009,C08,exclude,ok
lfm26,1,1,case_009,C09,exclude,ok
lfm26,1,1,case_009,C10,exclude,ok
lfm26,1,1,case_010,C01,include,ok
lfm26,1,1,case_010,C02,include,ok
lfm26,1,1,case_010,C03,include,ok
lfm26,1,1,case_010,C04,include,ok
lfm26,1,1,case_010,C05,include,ok
lfm26,1,1,case_010,C06,include,ok
lfm26,1,1,case_010,C07,exclude,ok
lfm26,1,1,case_010,C08,exclude,ok
lfm26,1,1,case_010,C09,include,ok
lfm26,1,1,case_010,C10,include,ok
lfm26,1,1,case_011,C01,exclude,ok
lfm26,1,1,case_011,C02,exclude,ok
lfm26,1,1,case_011,C03,include,ok
lfm26,1,1,case_011,C04,include,ok
lfm26,1,1,case_011,C05,exclude,ok
lfm26,1,1,case_011,C06,exclude,ok
lfm26,1,1,case_011,C07,include,ok
lfm26,1,1,case_011,C08,exclude,ok
lfm26,1,1,case_011,C09,include,ok
lfm26,1,1,case_011,C10,exclude,ok
lfm26,1,1,case_012,C01,include,ok
lfm26,1,1,case_012,C02,include,ok
lfm26,1,1,case_012,C03,include,ok
lfm26,1,1,case_012,C04,exclude,ok
lfm26,1,1,case_012,C05,include,ok
lfm26,1,1,case_012,C06,include,ok
lfm26,1,1,case_012,C07,exclude,ok
lfm26,1,1,case_012,C08,include,ok
lfm26,1,1,case_012,C09,include,ok
lfm26,1,1,case_012,C10,exclude,ok
lfm26,1,1,case_013,C01,exclude,ok
lfm26,1,1,case_013,C02,exclude,ok
lfm26,1,1,case_013,C03,exclude,ok
lfm26,1,1,case_013,C04,exclude,ok
lfm26,1,1,case_013,C05,exclude,ok
lfm26,1,1,case_013,C06,exclude,ok
lfm26,1,1,case_013,C07,exclude,ok
lfm26,1,1,case_013,C08,exclude,ok
lfm26,1,1,case_013,C09,exclude,ok
lfm26,1,1,case_013,C10,exclude,ok
lfm26,1,1,case_014,C01,exclude,ok
lfm26,1,1,case_014,C02,include,ok
lfm26,1,1,case_014,C03,exclude,ok
lfm26,1,1,case_014,C04,include,ok
lfm26,1,1,case_014,C05,exclude,ok
lfm26,1,1,case_014,C06,exclude,ok
lfm26,1,1,case_014,C07,exclude,ok
lfm26,1,1,case_014,C08,include,ok
lfm26,1,1,case_014,C09,exclude,ok
lfm26,1,1,case_014,C10,exclude,ok
lfm26,1,1,case_015,C01,exclude,ok
lfm26,1,1,case_015,C02,exclude,ok
lfm26,1,1,case_015,C03,exclude,ok
lfm26,1,1,case_015,C04,exclude,ok
lfm26,1,1,case_015,C05,exclude,ok
lfm26,1,1,case_015,C06,exclude,ok
lfm26,1,1,case_015,C07,exclude,ok
lfm26,1,1,case_015,C08,exclude,ok
lfm26,1,1,case_015,C09,exclude,ok
lfm26,1,1,case_015,C10,exclude,ok
lfm26,1,1,case_016,C01,include,ok
lfm26,1,1,case_016,C02,include,ok
lfm26,1,1,case_016,C03,include,ok
lfm26,1,1,case_016,C04,include,ok
lfm26,1,1,case_016,C05,exclude,ok
lfm26,1,1,case_016,C06,include,ok
lfm26,1,1,case_016,C07,include,ok
lfm26,1,1,case_016,C08,exclude,ok
lfm26,1,1,case_016,C09,exclude,ok
lfm26,1,1,case_016,C10,include,ok
lfm26,1,1,case_017,C01,exclude,ok
lfm26,1,1,case_017,C02,exclude,ok
lfm26,1,1,case_017,C03,exclude,ok
lfm26,1,1,case_017,C04,exclude,ok
lfm26,1,1,case_017,C05,exclude,ok
lfm26,1,1,case_017,C06,exclude,ok
lfm26,1,1,case_017,C07,exclude,ok
lfm26,1,1,case_017,C08,exclude,ok
lfm26,1,1,case_017,C09,exclude,ok
lfm26,1,1,case_017,C10,exclude,ok
lfm26,1,1,case_018,C01,exclude,ok
lfm26,1,1,case_018,C02,exclude,ok
lfm26,1,1,case_018,C03,exclude,ok
lfm26,1,1,case_018,C04,exclude,ok
lfm26,1,1,case_018,C05,exclude,ok
lfm26,1,1,case_018,C06,exclude,ok
lfm26,1,1,case_018,C07,exclude,ok
lfm26,1,1,case_018,C08,exclude,ok
lfm26,1,1,case_018,C09,exclude,ok
lfm26,1,1,case_018,C10,exclude,ok
lfm26,1,1,case_019,C01,exclude,ok
lfm26,1,1,case_019,C02,include,ok
lfm26,1,1,case_019,C03,include,ok
lfm26,1,1,case_019,C04,exclude,ok
lfm26,1,1,case_019,C05,exclude,ok
lfm26,1,1,case_019,C06,include,ok
lfm26,1,1,case_019,C07,include,ok
lfm26,1,1,case_019,C08,exclude,ok
lfm26,1,1,case_019,C09,include,ok
lfm26,1,1,case_019,C10,exclude,ok
lfm26,1,1,case_020,C01,exclude,ok
lfm26,1,1,case_020,C02,exclude,ok
lfm26,1,1,case_020,C03,include,ok
lfm26,1,1,case_020,C04,exclude,ok
lfm26,1,1,case_020,C05,exclude,ok
lfm26,1,1,case_020,C06,exclude,ok
lfm26,1,1,case_020,C07,exclude,ok
lfm26,1,1,case_020,C08,exclude,ok
lfm26,1,1,case_020,C09,exclude,ok
lfm26,1,1,case_020,C10,exclude,ok
lfm26,1,1,case_021,C01,include,ok
lfm26,1,1,case_021,C02,exclude,ok
lfm26,1,1,case_021,C03,include,ok
lfm26,1,1,case_021,C04,include,ok
lfm26,1,1,case_021,C05,exclude,ok
lfm26,1,1,case_021,C06,include,ok
lfm26,1,1,case_021,C07,include,ok
lfm26,1,1,case_021,C08,include,ok
lfm26,1,1,case_021,C09,include,ok
lfm26,1,1,case_021,C10,include,ok
lfm26,1,1,case_022,C01,exclude,ok
lfm26,1,1,case_022,C02,include,ok
lfm26,1,1,case_022,C03,include,ok
lfm26,1,1,case_022,C04,exclude,ok
lfm26,1,1,case_022,C05,exclude,ok
lfm26,1,1,case_022,C06,exclude,ok
lfm26,1,1,case_022,C07,exclude,ok
lfm26,1,1,case_022,C08,include,ok
lfm26,1,1,case_022,C09,include,ok
lfm26,1,1,case_022,C10,exclude,ok
lfm26,1,1,case_023,C01,include,ok
lfm26,1,1,case_023,C02,include,ok
lfm26,1,1,case_023,C03,include,ok
lfm26,1,1,case_023,C04,include,ok
lfm26,1,1,case_023,C05,include,ok
lfm26,1,1,case_023,C06,include,ok
lfm26,1,1,case_023,C07,include,ok
lfm26,1,1,case_023,C08,include,ok
lfm26,1,1,case_023,C09,include,ok
lfm26,1,1,case_023,C10,include,ok
lfm26,1,1,case_024,C01,exclude,ok
lfm26,1,1,case_024,C02,exclude,ok
lfm26,1,1,case_024,C03,exclude,ok
lfm26,1,1,case_024,C04,exclude,ok
lfm26,1,1,case_024,C05,include,ok
lfm26,1,1,case_024,C06,include,ok
lfm26,1,1,case_024,C07,exclude,ok
lfm26,1,1,case_024,C08,exclude,ok
lfm26,1,1,case_024,C09,include,ok
lfm26,1,1,case_024,C10,include,ok
lfm26,1,1,case_025,C01,include,ok
lfm26,1,1,case_025,C02,include,ok
lfm26,1,1,case_025,C03,include,ok
lfm26,1,1,case_025,C04,include,ok
lfm26,1,1,case_025,C05,include,ok
lfm26,1,1,case_025,C06,include,ok
lfm26,1,1,case_025,C07,exclude,ok
lfm26,1,1,case_025,C08,exclude,ok
lfm26,1,1,case_025,C09,include,ok
lfm26,1,1,case_025,C10,exclude,ok
lfm26,1,1,case_026,C01,include,ok
lfm26,1,1,case_026,C02,include,ok
lfm26,1,1,case_026,C03,include,ok
lfm26,1,1,case_026,C04,include,ok
lfm26,1,1,case_026,C05,include,ok
lfm26,1,1,case_026,C06,exclude,ok
lfm26,1,1,case_026,C07,include,ok
lfm26,1,1,case_026,C08,exclude,ok
lfm26,1,1,case_026,C09,include,ok
lfm26,1,1,case_026,C10,exclude,ok
lfm26,1,1,case_027,C01,exclude,ok
lfm26,1,1,case_027,C02,exclude,ok
lfm26,1,1,case_027,C03,exclude,ok
lfm26,1,1,case_027,C04,exclude,ok
lfm26,1,1,case_027,C05,exclude,ok
lfm26,1,1,case_027,C06,exclude,ok
lfm26,1,1,case_027,C07,include,ok
lfm26,1,1,case_027,C08,exclude,ok
lfm26,1,1,case_027,C09,exclude,ok
lfm26,1,1,case_027,C10,exclude,ok
lfm26,1,1,case_028,C01,include,ok
lfm26,1,1,case_028,C02,include,ok
lfm26,1,1,case_028,C03,include,ok
lfm26,1,1,case_028,C04,include,ok
lfm26,1,1,case_028,C05,include,ok
lfm26,1,1,case_028,C06,include,ok
lfm26,1,1,case_028,C07,include,ok
lfm26,1,1,case_028,C08,include,ok
lfm26,1,1,case_028,C09,include,ok
lfm26,1,1,case_028,C10,include,ok
lfm26,1,1,case_029,C01,include,ok
lfm26,1,1,case_029,C02,exclude,ok
lfm26,1,1,case_029,C03,include,ok
lfm26,1,1,case_029,C04,include,ok
lfm26,1,1,case_029,C05,include,ok
lfm26,1,1,case_029,C06,exclude,ok
lfm26,1,1,case_029,C07,include,ok
lfm26,1,1,case_029,C08,include,ok
lfm26,1,1,case_029,C09,include,ok
lfm26,1,1,case_029,C10,include,ok
lfm26,1,1,case_030,C01,include,ok
lfm26,1,1,case_030,C02,exclude,ok
lfm26,1,1,case_030,C03,include,ok
lfm26,1,1,case_030,C04,exclude,ok
lfm26,1,1,case_030,C05,exclude,ok
lfm26,1,1,case_030,C06,exclude,ok
lfm26,1,1,case_030,C07,exclude,ok
lfm26,1,1,case_030,C08,exclude,ok
lfm26,1,1,case_030,C09,include,ok
lfm26,1,1,case_030,C10,exclude,ok
lfm26,1,1,case_031,C01,include,ok
lfm26,1,1,case_031,C02,include,ok
lfm26,1,1,case_031,C03,include,ok
lfm26,1,1,case_031,C04,include,ok
lfm26,1,1,case_031,C05,exclude,ok
lfm26,1,1,case_031,C06,include,ok
lfm26,1,1,case_031,C07,include,ok
lfm26,1,1,case_031,C08,exclude,ok
lfm26,1,1,case_031,C09,include,ok
lfm26,1,1,case_031,C10,include,ok
lfm26,1,1,case_032,C01,include,ok
lfm26,1,1,case_032,C02,include,ok
lfm26,1,1,case_032,C03,exclude,ok
lfm26,1,1,case_032,C04,exclude,ok
lfm26,1,1,case_032,C05,exclude,ok
lfm26,1,1,case_032,C06,exclude,ok
lfm26,1,1,case_032,C07,exclude,ok
lfm26,1,1,case_032,C08,exclude,ok
lfm26,1,1,case_032,C09,exclude,ok
lfm26,1,1,case_032,C10,exclude,ok
lfm26,1,1,case_033,C01,include,ok
lfm26,1,1,case_033,C02,include,ok
lfm26,1,1,case_033,C03,include,ok
lfm26,1,1,case_033,C04,exclude,ok
lfm26,1,1,case_033,C05,exclude,ok
lfm26,1,1,case_033,C06,exclude,ok
lfm26,1,1,case_033,C07,exclude,ok
lfm26,1,1,case_033,C08,exclude,ok
lfm26,1,1,case_033,C09,exclude,ok
lfm26,1,1,case_033,C10,exclude,ok
lfm26,1,1,case_034,C01,exclude,ok
lfm26,1,1,case_034,C02,exclude,ok
lfm26,1,1,case_034,C03,exclude,ok
lfm26,1,1,case_034,C04,exclude,ok
lfm26,1,1,case_034,C05,exclude,ok
lfm26,1,1,case_034,C06,include,ok
lfm26,1,1,case_034,C07,exclude,ok
lfm26,1,1,case_034,C08,exclude,ok
lfm26,1,1,case_034,C09,exclude,ok
lfm26,1,1,case_034,C10,include,ok
lfm26,1,1,case_035,C01,exclude,ok
lfm26,1,1,case_035,C02,include,ok
lfm26,1,1,case_035,C03,exclude,ok
lfm26,1,1,case_035,C04,exclude,ok
lfm26,1,1,case_035,C05,exclude,ok
lfm26,1,1,case_035,C06,exclude,ok
lfm26,1,1,case_035,C07,exclude,ok
lfm26,1,1,case_035,C08,exclude,ok
lfm26,1,1,case_035,C09,exclude,ok
lfm26,1,1,case_035,C10,exclude,ok
lfm26,1,1,case_036,C01,exclude,ok
lfm26,1,1,case_036,C02,include,ok
lfm26,1,1,case_036,C03,include,ok
lfm26,1,1,case_036,C04,exclude,ok
lfm26,1,1,case_036,C05,exclude,ok
lfm26,1,1,case_036,C06,exclude,ok
lfm26,1,1,case_036,C07,exclude,ok
lfm26,1,1,case_036,C08,include,ok
lfm26,1,1,case_036,C09,include,ok
lfm26,1,1,case_036,C10,exclude,ok
lfm26,1,1,case_037,C01,include,ok
lfm26,1,1,case_037,C02,include,ok
lfm26,1,1,case_037,C03,include,ok
lfm26,1,1,case_037,C04,include,ok
lfm26,1,1,case_037,C05,include,ok
lfm26,1,1,case_037,C06,exclude,ok
lfm26,1,1,case_037,C07,include,ok
lfm26,1,1,case_037,C08,exclude,ok
lfm26,1,1,case_037,C09,include,ok
lfm26,1,1,case_037,C10,include,ok
lfm26,1,1,case_038,C01,exclude,ok
lfm26,1,1,case_038,C02,include,ok
lfm26,1,1,case_038,C03,exclude,ok
lfm26,1,1,case_038,C04,include,ok
lfm26,1,1,case_038,C05,exclude,ok
lfm26,1,1,case_038,C06,exclude,ok
lfm26,1,1,case_038,C07,exclude,ok
lfm26,1,1,case_038,C08,include,ok
lfm26,1,1,case_038,C09,exclude,ok
lfm26,1,1,case_038,C10,exclude,ok
lfm26,1,1,case_039,C01,exclude,ok
lfm26,1,1,case_039,C02,include,ok
lfm26,1,1,case_039,C03,exclude,ok
lfm26,1,1,case_039,C04,exclude,ok
lfm26,1,1,case_039,C05,exclude,ok
lfm26,1,1,case_039,C06,exclude,ok
lfm26,1,1,case_039,C07,exclude,ok
lfm26,1,1,case_039,C08,exclude,ok
lfm26,1,1,case_039,C09,exclude,ok
lfm26,1,1,case_039,C10,exclude,ok
lfm26,1,1,case_040,C01,include,ok
lfm26,1,1,case_040,C02,include,ok
lfm26,1,1,case_040,C03,include,ok
lfm26,1,1,case_040,C04,include,ok
lfm26,1,1,case_040,C05,include,ok
lfm26,1,1,case_040,C06,include,ok
lfm26,1,1,case_040,C07,include,ok
lfm26,1,1,case_040,C08,include,ok
lfm26,1,1,case_040,C09,include,ok
lfm26,1,1,case_040,C10,include,ok
lfm26,1,1,case_041,C01,exclude,ok
lfm26,1,1,case_041,C02,include,ok
lfm26,1,1,case_041,C03,include,ok
lfm26,1,1,case_041,C04,exclude,ok
lfm26,1,1,case_041,C05,include,ok
lfm26,1,1,case_041,C06,exclude,ok
lfm26,1,1,case_041,C07,exclude,ok
lfm26,1,1,case_041,C08,include,ok
lfm26,1,1,case_041,C09,include,ok
lfm26,1,1,case_041,C10,exclude,ok
lfm26,1,1,case_042,C01,include,ok
lfm26,1,1,case_042,C02,exclude,ok
lfm26,1,1,case_042,C03,include,ok
lfm26,1,1,case_042,C04,exclude,ok
lfm26,1,1,case_042,C05,exclude,ok
lfm26,1,1,case_042,C06,exclude,ok
lfm26,1,1,case_042,C07,exclude,ok
lfm26,1,1,case_042,C08,exclude,ok
lfm26,1,1,case_042,C09,exclude,ok
lfm26,1,1,case_042,C10,include,ok
lfm26,1,1,case_043,C01,include,ok
lfm26,1,1,case_043,C02,include,ok
lfm26,1,1,case_043,C03,include,ok
lfm26,1,1,case_043,C04,include,ok
lfm26,1,1,case_043,C05,exclude,ok
lfm26,1,1,case_043,C06,include,ok
lfm26,1,1,case_043,C07,exclude,ok
lfm26,1,1,case_043,C08,include,ok
lfm26,1,1,case_043,C09,include,ok
lfm26,1,1,case_043,C10,exclude,ok
lfm26,1,1,case_044,C01,include,ok
lfm26,1,1,case_044,C02,include,ok
lfm26,1,1,case_044,C03,include,ok
lfm26,1,1,case_044,C04,include,ok
lfm26,1,1,case_044,C05,include,ok
lfm26,1,1,case_044,C06,include,ok
lfm26,1,1,case_044,C07,exclude,ok
lfm26,1,1,case_044,C08,include,ok
lfm26,1,1,case_044,C09,exclude,ok
lfm26,1,1,case_044,C10,exclude,ok
lfm26,1,1,case_045,C01,exclude,ok
lfm26,1,1,case_045,C02,exclude,ok
lfm26,1,1,case_045,C03,exclude,ok
lfm26,1,1,case_045,C04,exclude,ok
lfm26,1,1,case_045,C05,include,ok
lfm26,1,1,case_045,C06,exclude,ok
lfm26,1,1,case_045,C07,exclude,ok
lfm26,1,1,case_045,C08,include,ok
lfm26,1,1,case_045,C09,exclude,ok
lfm26,1,1,case_045,C10,exclude,ok
lfm26,1,1,case_046,C01,include,ok
lfm26,1,1,case_046,C02,include,ok
lfm26,1,1,case_046,C03,include,ok
lfm26,1,1,case_046,C04,exclude,ok
lfm26,1,1,case_046,C05,include,ok
lfm26,1,1,case_046,C06,include,ok
lfm26,1,1,case_046,C07,include,ok
lfm26,1,1,case_046,C08,include,ok
lfm26,1,1,case_046,C09,include,ok
lfm26,1,1,case_046,C10,include,ok
lfm26,1,1,case_047,C01,include,ok
lfm26,1,1,case_047,C02,exclude,ok
lfm26,1,1,case_047,C03,exclude,ok
lfm26,1,1,case_047,C04,exclude,ok
lfm26,1,1,case_047,C05,exclude,ok
lfm26,1,1,case_047,C06,include,ok
lfm26,1,1,case_047,C07,include,ok
lfm26,1,1,case_047,C08,include,ok
lfm26,1,1,case_047,C09,exclude,ok
lfm26,1,1,case_047,C10,exclude,ok
lfm26,1,1,case_048,C01,exclude,ok
lfm26,1,1,case_048,C02,include,ok
lfm26,1,1,case_048,C03,include,ok
lfm26,1,1,case_048,C04,include,ok
lfm26,1,1,case_048,C05,include,ok
lfm26,1,1,case_048,C06,include,ok
lfm26,1,1,case_048,C07,exclude,ok
lfm26,1,1,case_048,C08,include,ok
lfm26,1,1,case_048,C09,include,ok
lfm26,1,1,case_048,C10,include,ok
lfm26,1,1,case_049,C01,include,ok
lfm26,1,1,case_049,C02,exclude,ok
lfm26,1,1,case_049,C03,exclude,ok
lfm26,1,1,case_049,C04,include,ok
lfm26,1,1,case_049,C05,exclude,ok
lfm26,1,1,case_049,C06,exclude,ok
lfm26,1,1,case_049,C07,exclude,ok
lfm26,1,1,case_049,C08,include,ok
lfm26,1,1,case_049,C09,include,ok
lfm26,1,1,case_049,C10,exclude,ok
lfm26,1,1,case_050,C01,include,ok
lfm26,1,1,case_050,C02,exclude,ok
lfm26,1,1,case_050,C03,exclude,ok
lfm26,1,1,case_050,C04,exclude,ok
lfm26,1,1,case_050,C05,exclude,ok
lfm26,1,1,case_050,C06,exclude,ok
lfm26,1,1,case_050,C07,exclude,ok
lfm26,1,1,case_050,C08,include,ok
lfm26,1,1,case_050,C09,exclude,ok
lfm26,1,1,case_050,C10,exclude,ok
lfm26,1,1,case_051,C01,exclude,ok
lfm26,1,1,case_051,C02,exclude,ok
lfm26,1,1,case_051,C03,exclude,ok
lfm26,1,1,case_051,C04,exclude,ok
lfm26,1,1,case_051,C05,exclude,ok
lfm26,1,1,case_051,C06,exclude,ok
lfm26,1,1,case_051,C07,exclude,ok
lfm26,1,1,case_051,C08,exclude,ok
lfm26,1,1,case_051,C09,exclude,ok
lfm26,1,1,case_051,C10,exclude,ok
lfm26,1,1,case_052,C01,exclude,ok
lfm26,1,1,case_052,C02,exclude,ok
lfm26,1,1,case_052,C03,exclude,ok
lfm26,1,1,case_052,C04,exclude,ok
lfm26,1,1,case_052,C05,exclude,ok
lfm26,1,1,case_052,C06,exclude,ok
lfm26,1,1,case_052,C07,exclude,ok
lfm26,1,1,case_052,C08,exclude,ok
lfm26,1,1,case_052,C09,exclude,ok
lfm26,1,1,case_052,C10,exclude,ok
lfm26,1,1,case_053,C01,exclude,ok
lfm26,1,1,case_053,C02,include,ok
lfm26,1,1,case_053,C03,exclude,ok
lfm26,1,1,case_053,C04,exclude,ok
lfm26,1,1,case_053,C05,include,ok
lfm26,1,1,case_053,C06,include,ok
lfm26,1,1,case_053,C07,include,ok
lfm26,1,1,case_053,C08,include,ok
lfm26,1,1,case_053,C09,exclude,ok
lfm26,1,1,case_053,C10,exclude,ok
lfm26,1,1,case_054,C01,exclude,ok
lfm26,1,1,case_054,C02,exclude,ok
lfm26,1,1,case_054,C03,exclude,ok
lfm26,1,1,case_054,C04,exclude,ok
lfm26,1,1,case_054,C05,include,ok
lfm26,1,1,case_054,C06,exclude,ok
lfm26,1,1,case_054,C07,exclude,ok
lfm26,1,1,case_054,C08,exclude,ok
lfm26,1,1,case_054,C09,exclude,ok
lfm26,1,1,case_054,C10,exclude,ok
lfm26,1,1,case_055,C01,exclude,ok
lfm26,1,1,case_055,C02,exclude,ok
lfm26,1,1,case_055,C03,exclude,ok
lfm26,1,1,case_055,C04,exclude,ok
lfm26,1,1,case_055,C05,exclude,ok
lfm26,1,1,case_055,C06,exclude,ok
lfm26,1,1,case_055,C07,exclude,ok
lfm26,1,1,case_055,C08,exclude,ok
lfm26,1,1,case_055,C09,exclude,ok
lfm26,1,1,case_055,C10,exclude,ok
lfm26,1,1,case_056,C01,exclude,ok
lfm26,1,1,case_056,C02,exclude,ok
lfm26,1,1,case_056,C03,exclude,ok
lfm26,1,1,case_056,C04,exclude,ok
lfm26,1,1,case_056,C05,exclude,ok
lfm26,1,1,case_056,C06,exclude,ok
lfm26,1,1,case_056,C07,exclude,ok
lfm26,1,1,case_056,C08,exclude,ok
lfm26,1,1,case_056,C09,exclude,ok
lfm26,1,1,case_056,C10,exclude,ok
lfm26,1,1,case_057,C01,exclude,ok
lfm26,1,1,case_057,C02,exclude,ok
lfm26,1,1,case_057,C03,include,ok
lfm26,1,1,case_057,C04,include,ok
lfm26,1,1,case_057,C05,exclude,ok
lfm26,1,1,case_057,C06,include,ok
lfm26,1,1,case_057,C07,include,ok
lfm26,1,1,case_057,C08,exclude,ok
lfm26,1,1,case_057,C09,exclude,ok
lfm26,1,1,case_057,C10,exclude,ok
lfm26,1,1,case_058,C01,include,ok
lfm26,1,1,case_058,C02,exclude,ok
lfm26,1,1,case_058,C03,include,ok
lfm26,1,1,case_058,C04,include,ok
lfm26,1,1,case_058,C05,include,ok
lfm26,1,1,case_058,C06,exclude,ok
lfm26,1,1,case_058,C07,include,ok
lfm26,1,1,case_058,C08,exclude,ok
lfm26,1,1,case_058,C09,exclude,ok
lfm26,1,1,case_058,C10,include,ok
lfm26,1,1,case_059,C01,include,ok
lfm26,1,1,case_059,C02,include,ok
lfm26,1,1,case_059,C03,include,ok
lfm26,1,1,case_059,C04,include,ok
lfm26,1,1,case_059,C05,include,ok
lfm26,1,1,case_059,C06,include,ok
lfm26,1,1,case_059,C07,include,ok
lfm26,1,1,case_059,C08,include,ok
lfm26,1,1,case_059,C09,exclude,ok
lfm26,1,1,case_059,C10,exclude,ok
lfm26,1,1,case_060,C01,include,ok
lfm26,1,1,case_060,C02,include,ok
lfm26,1,1,case_060,C03,include,ok
lfm26,1,1,case_060,C04,exclude,ok
lfm26,1,1,case_060,C05,exclude,ok
lfm26,1,1,case_060,C06,exclude,ok
lfm26,1,1,case_060,C07,exclude,ok
lfm26,1,1,case_060,C08,exclude,ok
lfm26,1,1,case_060,C09,exclude,ok
lfm26,1,1,case_060,C10,exclude,ok
lfm26,1,1,case_061,C01,include,ok
lfm26,1,1,case_061,C02,include,ok
lfm26,1,1,case_061,C03,include,ok
lfm26,1,1,case_061,C04,include,ok
lfm26,1,1,case_061,C05,exclude,ok
lfm26,1,1,case_061,C06,include,ok
lfm26,1,1,case_061,C07,include,ok
lfm26,1,1,case_061,C08,exclude,ok
lfm26,1,1,case_061,C09,exclude,ok
lfm26,1,1,case_061,C10,exclude,ok
lfm26,1,1,case_062,C01,exclude,ok
lfm26,1,1,case_062,C02,exclude,ok
lfm26,1,1,case_062,C03,exclude,ok
lfm26,1,1,case_062,C04,exclude,ok
lfm26,1,1,case_062,C05,include,ok
lfm26,1,1,case_062,C06,include,ok
lfm26,1,1,case_062,C07,include,ok
lfm26,1,1,case_062,C08,exclude,ok
lfm26,1,1,case_062,C09,include,ok
lfm26,1,1,case_062,C10,include,ok
lfm26,1,1,case_063,C01,exclude,ok
lfm26,1,1,case_063,C02,exclude,ok
lfm26,1,1,case_063,C03,exclude,ok
lfm26,1,1,case_063,C04,exclude,ok
lfm26,1,1,case_063,C05,include,ok
lfm26,1,1,case_063,C06,include,ok
lfm26,1,1,case_063,C07,exclude,ok
lfm26,1,1,case_063,C08,exclude,ok
lfm26,1,1,case_063,C09,include,ok
lfm26,1,1,case_063,C10,exclude,ok
lfm26,1,1,case_064,C01,exclude,ok
lfm26,1,1,case_064,C02,exclude,ok
lfm26,1,1,case_064,C03,exclude,ok
lfm26,1,1,case_064,C04,include,ok
lfm26,1,1,case_064,C05,exclude,ok
lfm26,1,1,case_064,C06,exclude,ok
lfm26,1,1,case_064,C07,exclude,ok
lfm26,1,1,case_064,C08,include,ok
lfm26,1,1,case_064,C09,exclude,ok
lfm26,1,1,case_064,C10,exclude,ok
lfm26,1,1,case_065,C01,exclude,ok
lfm26,1,1,case_065,C02,exclude,ok
lfm26,1,1,case_065,C03,exclude,ok
lfm26,1,1,case_065,C04,include,ok
lfm26,1,1,case_065,C05,include,ok
lfm26,1,1,case_065,C06,include,ok
lfm26,1,1,case_065,C07,exclude,ok
lfm26,1,1,case_065,C08,exclude,ok
lfm26,1,1,case_065,C09,include,ok
lfm26,1,1,case_065,C10,exclude,ok
lfm26,1,1,case_066,C01,exclude,ok
lfm26,1,1,case_066,C02,exclude,ok
lfm26,1,1,case_066,C03,exclude,ok
lfm26,1,1,case_066,C04,exclude,ok
lfm26,1,1,case_066,C05,exclude,ok
lfm26,1,1,case_066,C06,exclude,ok
lfm26,1,1,case_066,C07,include,ok
lfm26,1,1,case_066,C08,exclude,ok
lfm26,1,1,case_066,C09,exclude,ok
lfm26,1,1,case_066,C10,exclude,ok
lfm26,1,1,case_067,C01,include,ok
lfm26,1,1,case_067,C02,include,ok
lfm26,1,1,case_067,C03,exclude,ok
lfm26,1,1,case_067,C04,exclude,ok
lfm26,1,1,case_067,C05,include,ok
lfm26,1,1,case_067,C06,exclude,ok
lfm26,1,1,case_067,C07,include,ok
lfm26,1,1,case_067,C08,include,ok
lfm26,1,1,case_067,C09,include,ok
lfm26,1,1,case_067,C10,exclude,ok
lfm26,1,1,case_068,C01,include,ok
lfm26,1,1,case_068,C02,exclude,ok
lfm26,1,1,case_068,C03,exclude,ok
lfm26,1,1,case_068,C04,exclude,ok
lfm26,1,1,case_068,C05,exclude,ok
lfm26,1,1,case_068,C06,exclude,ok
lfm26,1,1,case_068,C07,exclude,ok
lfm26,1,1,case_068,C08,exclude,ok
lfm26,1,1,case_068,C09,exclude,ok
lfm26,1,1,case_068,C10,exclude,ok
lfm26,1,1,case_069,C01,include,ok
lfm26,1,1,case_069,C02,include,ok
lfm26,1,1,case_069,C03,include,ok
lfm26,1,1,case_069,C04,include,ok
lfm26,1,1,case_069,C05,exclude,ok
lfm26,1,1,case_069,C06,include,ok
lfm26,1,1,case_069,C07,exclude,ok
lfm26,1,1,case_069,C08,include,ok
lfm26,1,1,case_069,C09,exclude,ok
lfm26,1,1,case_069,C10,exclude,ok
lfm26,1,1,case_070,C01,include,ok
lfm26,1,1,case_070,C02,include,ok
lfm26,1,1,case_070,C03,exclude,ok
lfm26,1,1,case_070,C04,exclude,ok
lfm26,1,1,case_070,C05,include,ok
lfm26,1,1,case_070,C06,include,ok
lfm26,1,1,case_070,C07,include,ok
lfm26,1,1,case_070,C08,exclude,ok
lfm26,1,1,case_070,C09,include,ok
lfm26,1,1,case_070,C10,exclude,ok
lfm26,1,1,case_071,C01,exclude,ok
lfm26,1,1,case_071,C02,exclude,ok
lfm26,1,1,case_071,C03,exclude,ok
lfm26,1,1,case_071,C04,exclude,ok
lfm26,1,1,case_071,C05,include,ok
lfm26,1,1,case_071,C06,exclude,ok
lfm26,1,1,case_071,C07,exclude,ok
lfm26,1,1,case_071,C08,exclude,ok
lfm26,1,1,case_071,C09,exclude,ok
lfm26,1,1,case_071,C10,exclude,ok
lfm26,1,1,case_072,C01,include,ok
lfm26,1,1,case_072,C02,include,ok
lfm26,1,1,case_072,C03,include,ok
lfm26,1,1,case_072,C04,include,ok
lfm26,1,1,case_072,C05,exclude,ok
lfm26,1,1,case_072,C06,include,ok
lfm26,1,1,case_072,C07,include,ok
lfm26,1,1,case_072,C08,exclude,ok
lfm26,1,1,case_072,C09,exclude,ok
lfm26,1,1,case_072,C10,exclude,ok
lfm26,1,1,case_073,C01,include,ok
lfm26,1,1,case_073,C02,include,ok
lfm26,1,1,case_073,C03,include,ok
lfm26,1,1,case_073,C04,include,ok
lfm26,1,1,case_073,C05,include,ok
lfm26,1,1,case_073,C06,exclude,ok
lfm26,1,1,case_073,C07,include,ok
lfm26,1,1,case_073,C08,exclude,ok
lfm26,1,1,case_073,C09,exclude,ok
lfm26,1,1,case_073,C10,exclude,ok
lfm26,1,1,case_074,C01,exclude,ok
lfm26,1,1,case_074,C02,exclude,ok
lfm26,1,1,case_074,C03,exclude,ok
lfm26,1,1,case_074,C04,include,ok
lfm26,1,1,case_074,C05,exclude,ok
lfm26,1,1,case_074,C06,exclude,ok
lfm26,1,1,case_074,C07,exclude,ok
lfm26,1,1,case_074,C08,exclude,ok
lfm26,1,1,case_074,C09,exclude,ok
lfm26,1,1,case_074,C10,exclude,ok
lfm26,1,1,case_075,C01,exclude,ok
lfm26,1,1,case_075,C02,exclude,ok
lfm26,1,1,case_075,C03,exclude,ok
lfm26,1,1,case_075,C04,exclude,ok
lfm26,1,1,case_075,C05,exclude,ok
lfm26,1,1,case_075,C06,exclude,ok
lfm26,1,1,case_075,C07,exclude,ok
lfm26,1,1,case_075,C08,include,ok
lfm26,1,1,case_075,C09,include,ok
lfm26,1,1,case_075,C10,exclude,ok
lfm26,1,1,case_076,C01,exclude,ok
lfm26,1,1,case_076,C02,exclude,ok
lfm26,1,1,case_076,C03,exclude,ok
lfm26,1,1,case_076,C04,exclude,ok
lfm26,1,1,case_076,C05,exclude,ok
lfm26,1,1,case_076,C06,exclude,ok
lfm26,1,1,case_076,C07,exclude,ok
lfm26,1,1,case_076,C08,exclude,ok
lfm26,1,1,case_076,C09,exclude,ok
lfm26,1,1,case_076,C10,exclude,ok
lfm26,1,1,case_077,C01,exclude,ok
lfm26,1,1,case_077,C02,exclude,ok
lfm26,1,1,case_077,C03,exclude,ok
lfm26,1,1,case_077,C04,exclude,ok
lfm26,1,1,case_077,C05,exclude,ok
lfm26,1,1,case_077,C06,exclude,ok
lfm26,1,1,case_077,C07,exclude,ok
lfm26,1,1,case_077,C08,include,ok
lfm26,1,1,case_077,C09,include,ok
lfm26,1,1,case_077,C10,include,ok
lfm26,1,1,case_078,C01,include,ok
lfm26,1,1,case_078,C02,include,ok
lfm26,1,1,case_078,C03,include,ok
lfm26,1,1,case_078,C04,include,ok
lfm26,1,1,case_078,C05,include,ok
lfm26,1,1,case_078,C06,include,ok
lfm26,1,1,case_078,C07,include,ok
lfm26,1,1,case_078,C08,exclude,ok
lfm26,1,1,case_078,C09,include,ok
lfm26,1,1,case_078,C10,include,ok
lfm26,1,1,case_079,C01,exclude,ok
lfm26,1,1,case_079,C02,include,ok
lfm26,1,1,case_079,C03,include,ok
lfm26,1,1,case_079,C04,exclude,ok
lfm26,1,1,case_079,C05,exclude,ok
lfm26,1,1,case_079,C06,include,ok
lfm26,1,1,case_079,C07,exclude,ok
lfm26,1,1,case_079,C08,exclude,ok
lfm26,1,1,case_079,C09,exclude,ok
lfm26,1,1,case_079,C10,exclude,ok
lfm26,1,1,case_080,C01,include,ok
lfm26,1,1,case_080,C02,exclude,ok
lfm26,1,1,case_080,C03,exclude,ok
lfm26,1,1,case_080,C04,exclude,ok
lfm26,1,1,case_080,C05,exclude,ok
lfm26,1,1,case_080,C06,exclude,ok
lfm26,1,1,case_080,C07,exclude,ok
lfm26,1,1,case_080,C08,exclude,ok
lfm26,1,1,case_080,C09,exclude,ok
lfm26,1,1,case_080,C10,exclude,ok
lfm26,1,1,case_081,C01,exclude,ok
lfm26,1,1,case_081,C02,include,ok
lfm26,1,1,case_081,C03,exclude,ok
lfm26,1,1,case_081,C04,exclude,ok
lfm26,1,1,case_081,C05,exclude,ok
lfm26,1,1,case_081,C06,include,ok
lfm26,1,1,case_081,C07,exclude,ok
lfm26,1,1,case_081,C08,exclude,ok
lfm26,1,1,case_081,C09,exclude,ok
lfm26,1,1,case_081,C10,exclude,ok
lfm26,1,1,case_082,C01,include,ok
lfm26,1,1,case_082,C02,include,ok
lfm26,1,1,case_082,C03,include,ok
lfm26,1,1,case_082,C04,include,ok
lfm26,1,1,case_082,C05,include,ok
lfm26,1,1,case_082,C06,include,ok
lfm26,1,1,case_082,C07,include,ok
lfm26,1,1,case_082,C08,include,ok
lfm26,1,1,case_082,C09,include,ok
lfm26,1,1,case_082,C10,include,ok
lfm26,1,1,case_083,C01,include,ok
lfm26,1,1,case_083,C02,exclude,ok
lfm26,1,1,case_083,C03,exclude,ok
lfm26,1,1,case_083,C04,include,ok
lfm26,1,1,case_083,C05,exclude,ok
lfm26,1,1,case_083,C06,exclude,ok
lfm26,1,1,case_083,C07,exclude,ok
lfm26,1,1,case_083,C08,exclude,ok
lfm26,1,1,case_083,C09,exclude,ok
lfm26,1,1,case_083,C10,include,ok
lfm26,1,1,case_084,C01,exclude,ok
lfm26,1,1,case_084,C02,include,ok
lfm26,1,1,case_084,C03,exclude,ok
lfm26,1,1,case_084,C04,exclude,ok
lfm26,1,1,case_084,C05,exclude,ok
lfm26,1,1,case_084,C06,exclude,ok
lfm26,1,1,case_084,C07,exclude,ok
lfm26,1,1,case_084,C08,include,ok
lfm26,1,1,case_084,C09,exclude,ok
lfm26,1,1,case_084,C10,exclude,ok
lfm26,1,1,case_085,C01,exclude,ok
lfm26,1,1,case_085,C02,exclude,ok
lfm26,1,1,case_085,C03,exclude,ok
lfm26,1,1,case_085,C04,exclude,ok
lfm26,1,1,case_085,C05,exclude,ok
lfm26,1,1,case_085,C06,exclude,ok
lfm26,1,1,case_085,C07,exclude,ok
lfm26,1,1,case_085,C08,exclude,ok
lfm26,1,1,case_085,C09,include,ok
lfm26,1,1,case_085,C10,exclude,ok
lfm26,1,1,case_086,C01,exclude,ok
lfm26,1,1,case_086,C02,exclude,ok
lfm26,1,1,case_086,C03,exclude,ok
lfm26,1,1,case_086,C04,exclude,ok
lfm26,1,1,case_086,C05,include,ok
lfm26,1,1,case_086,C06,exclude,ok
lfm26,1,1,case_086,C07,exclude,ok
lfm26,1,1,case_086,C08,exclude,ok
lfm26,1,1,case_086,C09,exclude,ok
lfm26,1,1,case_086,C10,exclude,ok
lfm26,1,1,case_087,C01,include,ok
lfm26,1,1,case_087,C02,include,ok
lfm26,1,1,case_087,C03,exclude,ok
lfm26,1,1,case_087,C04,exclude,ok
lfm26,1,1,case_087,C05,include,ok
lfm26,1,1,case_087,C06,include,ok
lfm26,1,1,case_087,C07,include,ok
lfm26,1,1,case_087,C08,exclude,ok
lfm26,1,1,case_087,C09,include,ok
lfm26,1,1,case_087,C10,include,ok
lfm26,1,1,case_088,C01,exclude,ok
lfm26,1,1,case_088,C02,exclude,ok
lfm26,1,1,case_088,C03,exclude,ok
lfm26,1,1,case_088,C04,exclude,ok
lfm26,1,1,case_088,C05,exclude,ok
lfm26,1,1,case_088,C06,exclude,ok
lfm26,1,1,case_088,C07,exclude,ok
lfm26,1,1,case_088,C08,exclude,ok
lfm26,1,1,case_088,C09,exclude,ok
lfm26,1,1,case_088,C10,exclude,ok
lfm26,1,1,case_089,C01,include,ok
lfm26,1,1,case_089,C02,exclude,ok
lfm26,1,1,case_089,C03,include,ok
lfm26,1,1,case_089,C04,exclude,ok
lfm26,1,1,case_089,C05,include,ok
lfm26,1,1,case_089,C06,exclude,ok
lfm26,1,1,case_089,C07,exclude,ok
lfm26,1,1,case_089,C08,include,ok
lfm26,1,1,case_089,C09,include,ok
lfm26,1,1,case_089,C10,exclude,ok
lfm26,1,1,case_090,C01,include,ok
lfm26,1,1,case_090,C02,include,ok
lfm26,1,1,case_090,C03,include,ok
lfm26,1,1,case_090,C04,exclude,ok
lfm26,1,1,case_090,C05,exclude,ok
lfm26,1,1,case_090,C06,exclude,ok
lfm26,1,1,case_090,C07,include,ok
lfm26,1,1,case_090,C08,exclude,ok
lfm26,1,1,case_090,C09,exclude,ok
lfm26,1,1,case_090,C10,exclude,ok
lfm26,1,1,case_091,C01,exclude,ok
lfm26,1,1,case_091,C02,exclude,ok
lfm26,1,1,case_091,C03,exclude,ok
lfm26,1,1,case_091,C04,exclude,ok
lfm26,1,1,case_091,C05,exclude,ok
lfm26,1,1,case_091,C06,exclude,ok
lfm26,1,1,case_091,C07,exclude,ok
lfm26,1,1,case_091,C08,exclude,ok
lfm26,1,1,case_091,C09,exclude,ok
lfm26,1,1,case_091,C10,exclude,ok
lfm26,1,1,case_092,C01,exclude,ok
lfm26,1,1,case_092,C02,exclude,ok
lfm26,1,1,case_092,C03,exclude,ok
lfm26,1,1,case_092,C04,include,ok
lfm26,1,1,case_092,C05,exclude,ok
lfm26,1,1,case_092,C06,exclude,ok
lfm26,1,1,case_092,C07,exclude,ok
lfm26,1,1,case_092,C08,exclude,ok
lfm26,1,1,case_092,C09,include,ok
lfm26,1,1,case_092,C10,include,ok
lfm26,1,1,case_093,C01,exclude,ok
lfm26,1,1,case_093,C02,include,ok
lfm26,1,1,case_093,C03,exclude,ok
lfm26,1,1,case_093,C04,exclude,ok
lfm26,1,1,case_093,C05,include,ok
lfm26,1,1,case_093,C06,exclude,ok
lfm26,1,1,case_093,C07,include,ok
lfm26,1,1,case_093,C08,exclude,ok
lfm26,1,1,case_093,C09,exclude,ok
lfm26,1,1,case_093,C10,exclude,ok
lfm26,1,1,case_094,C01,include,ok
lfm26,1,1,case_094,C02,include,ok
lfm26,1,1,case_094,C03,include,ok
lfm26,1,1,case_094,C04,exclude,ok
lfm26,1,1,case_094,C05,include,ok
lfm26,1,1,case_094,C06,include,ok
lfm26,1,1,case_094,C07,include,ok
lfm26,1,1,case_094,C08,exclude,ok
lfm26,1,1,case_094,C09,exclude,ok
lfm26,1,1,case_094,C10,include,ok
lfm26,1,1,case_095,C01,exclude,ok
lfm26,1,1,case_095,C02,exclude,ok
lfm26,1,1,case_095,C03,exclude,ok
lfm26,1,1,case_095,C04,exclude,ok
lfm26,1,1,case_095,C05,exclude,ok
lfm26,1,1,case_095,C06,exclude,ok
lfm26,1,1,case_095,C07,exclude,ok
lfm26,1,1,case_095,C08,exclude,ok
lfm26,1,1,case_095,C09,include,ok
lfm26,1,1,case_095,C10,exclude,ok
lfm26,1,1,case_096,C01,include,ok
lfm26,1,1,case_096,C02,exclude,ok
lfm26,1,1,case_096,C03,include,ok
lfm26,1,1,case_096,C04,include,ok
lfm26,1,1,case_096,C05,exclude,ok
lfm26,1,1,case_096,C06,include,ok
lfm26,1,1,case_096,C07,include,ok
lfm26,1,1,case_096,C08,include,ok
lfm26,1,1,case_096,C09,exclude,ok
lfm26,1,1,case_096,C10,exclude,ok
lfm26,1,1,case_097,C01,exclude,ok
lfm26,1,1,case_097,C02,exclude,ok
lfm26,1,1,case_097,C03,exclude,ok
lfm26,1,1,case_097,C04,exclude,ok
lfm26,1,1,case_097,C05,exclude,ok
lfm26,1,1,case_097,C06,exclude,ok
lfm26,1,1,case_097,C07,include,ok
lfm26,1,1,case_097,C08,exclude,ok
lfm26,1,1,case_097,C09,exclude,ok
lfm26,1,1,case_097,C10,exclude,ok
lfm26,1,1,case_098,C01,include,ok
lfm26,1,1,case_098,C02,exclude,ok
lfm26,1,1,case_098,C03,include,ok
lfm26,1,1,case_098,C04,include,ok
lfm26,1,1,case_098,C05,include,ok
lfm26,1,1,case_098,C06,exclude,ok
lfm26,1,1,case_098,C07,include,ok
lfm26,1,1,case_098,C08,include,ok
lfm26,1,1,case_098,C09,exclude,ok
lfm26,1,1,case_098,C10,exclude,ok
lfm26,1,1,case_099,C01,include,ok
lfm26,1,1,case_099,C02,include,ok
lfm26,1,1,case_099,C03,include,ok
lfm26,1,1,case_099,C04,exclude,ok
lfm26,1,1,case_099,C05,include,ok
lfm26,1,1,case_099,C06,include,ok
lfm26,1,1,case_099,C07,include,ok
lfm26,1,1,case_099,C08,include,ok
lfm26,1,1,case_099,C09,include,ok
lfm26,1,1,case_099,C10,include,ok
lfm26,1,1,case_100,C01,exclude,ok
lfm26,1,1,case_100,C02,exclude,ok
lfm26,1,1,case_100,C03,exclude,ok
lfm26,1,1,case_100,C04,include,ok
lfm26,1,1,case_100,C05,include,ok
lfm26,1,1,case_100,C06,exclude,ok
lfm26,1,1,case_100,C07,include,ok
lfm26,1,1,case_100,C08,exclude,ok
lfm26,1,1,case_100,C09,exclude,ok
lfm26,1,1,case_100,C10,exclude,ok
lfm26,2,2,case_001,C01,include,ok
lfm26,2,2,case_001,C02,include,ok
lfm26,2,2,case_001,C03,exclude,ok
lfm26,2,2,case_001,C04,exclude,ok
lfm26,2,2,case_001,C05,include,ok
lfm26,2,2,case_001,C06,include,ok
lfm26,2,2,case_001,C07,include,ok
lfm26,2,2,case_001,C08,include,ok
lfm26,2,2,case_001,C09,include,ok
lfm26,2,2,case_001,C10,exclude,ok
lfm26,2,2,case_002,C01,exclude,ok
lfm26,2,2,case_002,C02,exclude,ok
lfm26,2,2,case_002,C03,exclude,ok
lfm26,2,2,case_002,C04,exclude,ok
lfm26,2,2,case_002,C05,exclude,ok
lfm26,2,2,case_002,C06,exclude,ok
lfm26,2,2,case_002,C07,exclude,ok
lfm26,2,2,case_002,C08,exclude,ok
lfm26,2,2,case_002,C09,exclude,ok
lfm26,2,2,case_002,C10,exclude,ok
lfm26,2,2,case_003,C01,exclude,ok
lfm26,2,2,case_003,C02,exclude,ok
lfm26,2,2,case_003,C03,include,ok
lfm26,2,2,case_003,C04,exclude,ok
lfm26,2,2,case_003,C05,exclude,ok
lfm26,2,2,case_003,C06,exclude,ok
lfm26,2,2,case_003,C07,exclude,ok
lfm26,2,2,case_003,C08,exclude,ok
lfm26,2,2,case_003,C09,exclude,ok
lfm26,2,2,case_003,C10,include,ok
lfm26,2,2,case_004,C01,include,ok
lfm26,2,2,case_004,C02,exclude,ok
lfm26,2,2,case_004,C03,exclude,ok
lfm26,2,2,case_004,C04,exclude,ok
lfm26,2,2,case_004,C05,include,ok
lfm26,2,2,case_004,C06,exclude,ok
lfm26,2,2,case_004,C07,include,ok
lfm26,2,2,case_004,C08,exclude,ok
lfm26,2,2,case_004,C09,exclude,ok
lfm26,2,2,case_004,C10,exclude,ok
lfm26,2,2,case_005,C01,exclude,ok
lfm26,2,2,case_005,C02,exclude,ok
lfm26,2,2,case_005,C03,exclude,ok
lfm26,2,2,case_005,C04,exclude,ok
lfm26,2,2,case_005,C05,exclude,ok
lfm26,2,2,case_005,C06,exclude,ok
lfm26,2,2,case_005,C07,exclude,ok
lfm26,2,2,case_005,C08,exclude,ok
lfm26,2,2,case_005,C09,exclude,ok
lfm26,2,2,case_005,C10,exclude,ok
lfm26,2,2,case_006,C01,exclude,ok
lfm26,2,2,case_006,C02,exclude,ok
lfm26,2,2,case_006,C03,exclude,ok
lfm26,2,2,case_006,C04,exclude,ok
lfm26,2,2,case_006,C05,exclude,ok
lfm26,2,2,case_006,C06,exclude,ok
lfm26,2,2,case_006,C07,exclude,ok
lfm26,2,2,case_006,C08,include,ok
lfm26,2,2,case_006,C09,exclude,ok
lfm26,2,2,case_006,C10,exclude,ok
lfm26,2,2,case_007,C01,include,ok
lfm26,2,2,case_007,C02,exclude,ok
lfm26,2,2,case_007,C03,include,ok
lfm26,2,2,case_007,C04,exclude,ok
lfm26,2,2,case_007,C05,include,ok
lfm26,2,2,case_007,C06,include,ok
lfm26,2,2,case_007,C07,include,ok
lfm26,2,2,case_007,C08,include,ok
lfm26,2,2,case_007,C09,exclude,ok
lfm26,2,2,case_007,C10,exclude,ok
lfm26,2,2,case_008,C01,exclude,ok
lfm26,2,2,case_008,C02,exclude,ok
lfm26,2,2,case_008,C03,exclude,ok
lfm26,2,2,case_008,C04,include,ok
lfm26,2,2,case_008,C05,include,ok
lfm26,2,2,case_008,C06,include,ok
lfm26,2,2,case_008,C07,include,ok
lfm26,2,2,case_008,C08,include,ok
lfm26,2,2,case_008,C09,include,ok
lfm26,2,2,case_008,C10,include,ok
lfm26,2,2,case_009,C01,include,ok
lfm26,2,2,case_009,C02,exclude,ok
lfm26,2,2,case_009,C03,include,ok
lfm26,2,2,case_009,C04,exclude,ok
lfm26,2,2,case_009,C05,exclude,ok
lfm26,2,2,case_009,C06,exclude,ok
lfm26,2,2,case_009,C07,include,ok
lfm26,2,2,case_009,C08,exclude,ok
lfm26,2,2,case_009,C09,exclude,ok
lfm26,2,2,case_009,C10,exclude,ok
lfm26,2,2,case_010,C01,include,ok
lfm26,2,2,case_010,C02,include,ok
lfm26,2,2,case_010,C03,include,ok
lfm26,2,2,case_010,C04,include,ok
lfm26,2,2,case_010,C05,include,ok
lfm26,2,2,case_010,C06,include,ok
lfm26,2,2,case_010,C07,exclude,ok
lfm26,2,2,case_010,C08,exclude,ok
lfm26,2,2,case_010,C09,include,ok
lfm26,2,2,case_010,C10,include,ok
lfm26,2,2,case_011,C01,exclude,ok
lfm26,2,2,case_011,C02,exclude,ok
lfm26,2,2,case_011,C03,include,ok
lfm26,2,2,case_011,C04,include,ok
lfm26,2,2,case_011,C05,exclude,ok
lfm26,2,2,case_011,C06,exclude,ok
lfm26,2,2,case_011,C07,include,ok
lfm26,2,2,case_011,C08,exclude,ok
lfm26,2,2,case_011,C09,include,ok
lfm26,2,2,case_011,C10,exclude,ok
lfm26,2,2,case_012,C01,include,ok
lfm26,2,2,case_012,C02,include,ok
lfm26,2,2,case_012,C03,include,ok
lfm26,2,2,case_012,C04,exclude,ok
lfm26,2,2,case_012,C05,include,ok
lfm26,2,2,case_012,C06,include,ok
lfm26,2,2,case_012,C07,exclude,ok
lfm26,2,2,case_012,C08,include,ok
lfm26,2,2,case_012,C09,include,ok
lfm26,2,2,case_012,C10,exclude,ok
lfm26,2,2,case_013,C01,exclude,ok
lfm26,2,2,case_013,C02,exclude,ok
lfm26,2,2,case_013,C03,exclude,ok
lfm26,2,2,case_013,C04,exclude,ok
lfm26,2,2,case_013,C05,exclude,ok
lfm26,2,2,case_013,C06,exclude,ok
lfm26,2,2,case_013,C07,exclude,ok
lfm26,2,2,case_013,C08,exclude,ok
lfm26,2,2,case_013,C09,exclude,ok
lfm26,2,2,case_013,C10,exclude,ok
lfm26,2,2,case_014,C01,exclude,ok
lfm26,2,2,case_014,C02,include,ok
lfm26,2,2,case_014,C03,exclude,ok
lfm26,2,2,case_014,C04,include,ok
lfm26,2,2,case_014,C05,exclude,ok
lfm26,2,2,case_014,C06,exclude,ok
lfm26,2,2,case_014,C07,exclude,ok
lfm26,2,2,case_014,C08,include,ok
lfm26,2,2,case_014,C09,exclude,ok
lfm26,2,2,case_014,C10,exclude,ok
lfm26,2,2,case_015,C01,exclude,ok
lfm26,2,2,case_015,C02,exclude,ok
lfm26,2,2,case_015,C03,exclude,ok
lfm26,2,2,case_015,C04,exclude,ok
lfm26,2,2,case_015,C05,exclude,ok
lfm26,2,2,case_015,C06,exclude,ok
lfm26,2,2,case_015,C07,exclude,ok
lfm26,2,2,case_015,C08,exclude,ok
lfm26,2,2,case_015,C09,exclude,ok
lfm26,2,2,case_015,C10,exclude,ok
lfm26,2,2,case_016,C01,include,ok
lfm26,2,2,case_016,C02,include,ok
lfm26,2,2,case_016,C03,include,ok
lfm26,2,2,case_016,C04,include,ok
lfm26,2,2,case_016,C05,exclude,ok
lfm26,2,2,case_016,C06,include,ok
lfm26,2,2,case_016,C07,include,ok
lfm26,2,2,case_016,C08,exclude,ok
lfm26,2,2,case_016,C09,exclude,ok
lfm26,2,2,case_016,C10,include,ok
lfm26,2,2,case_017,C01,exclude,ok
lfm26,2,2,case_017,C02,exclude,ok
lfm26,2,2,case_017,C03,exclude,ok
lfm26,2,2,case_017,C04,exclude,ok
lfm26,2,2,case_017,C05,exclude,ok
lfm26,2,2,case_017,C06,exclude,ok
lfm26,2,2,case_017,C07,exclude,ok
lfm26,2,2,case_017,C08,exclude,ok
lfm26,2,2,case_017,C09,exclude,ok
lfm26,2,2,case_017,C10,exclude,ok
lfm26,2,2,case_018,C01,exclude,ok
lfm26,2,2,case_018,C02,exclude,ok
lfm26,2,2,case_018,C03,exclude,ok
lfm26,2,2,case_018,C04,exclude,ok
lfm26,2,2,case_018,C05,exclude,ok
lfm26,2,2,case_018,C06,exclude,ok
lfm26,2,2,case_018,C07,exclude,ok
lfm26,2,2,case_018,C08,exclude,ok
lfm26,2,2,case_018,C09,exclude,ok
lfm26,2,2,case_018,C10,exclude,ok
lfm26,2,2,case_019,C01,exclude,ok
lfm26,2,2,case_019,C02,include,ok
lfm26,2,2,case_019,C03,include,ok
lfm26,2,2,case_019,C04,exclude,ok
lfm26,2,2,case_019,C05,exclude,ok
lfm26,2,2,case_019,C06,include,ok
lfm26,2,2,case_019,C07,include,ok
lfm26,2,2,case_019,C08,exclude,ok
lfm26,2,2,case_019,C09,include,ok
lfm26,2,2,case_019,C10,exclude,ok
lfm26,2,2,case_020,C01,exclude,ok
lfm26,2,2,case_020,C02,exclude,ok
lfm26,2,2,case_020,C03,include,ok
lfm26,2,2,case_020,C04,exclude,ok
lfm26,2,2,case_020,C05,exclude,ok
lfm26,2,2,case_020,C06,exclude,ok
lfm26,2,2,case_020,C07,exclude,ok
lfm26,2,2,case_020,C08,exclude,ok
lfm26,2,2,case_020,C09,exclude,ok
lfm26,2,2,case_020,C10,exclude,ok
lfm26,2,2,case_021,C01,include,ok
lfm26,2,2,case_021,C02,exclude,ok
lfm26,2,2,case_021,C03,include,ok
lfm26,2,2,case_021,C04,include,ok
lfm26,2,2,case_021,C05,exclude,ok
lfm26,2,2,case_021,C06,include,ok
lfm26,2,2,case_021,C07,include,ok
lfm26,2,2,case_021,C08,include,ok
lfm26,2,2,case_021,C09,include,ok
lfm26,2,2,case_021,C10,include,ok
lfm26,2,2,case_022,C01,exclude,ok
lfm26,2,2,case_022,C02,include,ok
lfm26,2,2,case_022,C03,include,ok
lfm26,2,2,case_022,C04,exclude,ok
lfm26,2,2,case_022,C05,exclude,ok
lfm26,2,2,case_022,C06,exclude,ok
lfm26,2,2,case_022,C07,exclude,ok
lfm26,2,2,case_022,C08,include,ok
lfm26,2,2,case_022,C09,include,ok
lfm26,2,2,case_022,C10,exclude,ok
lfm26,2,2,case_023,C01,include,ok
lfm26,2,2,case_023,C02,include,ok
lfm26,2,2,case_023,C03,include,ok
lfm26,2,2,case_023,C04,include,ok
lfm26,2,2,case_023,C05,include,ok
lfm26,2,2,case_023,C06,include,ok
lfm26,2,2,case_023,C07,include,ok
lfm26,2,2,case_023,C08,include,ok
lfm26,2,2,case_023,C09,include,ok
lfm26,2,2,case_023,C10,include,ok
lfm26,2,2,case_024,C01,exclude,ok
lfm26,2,2,case_024,C02,exclude,ok
lfm26,2,2,case_024,C03,exclude,ok
lfm26,2,2,case_024,C04,exclude,ok
lfm26,2,2,case_024,C05,include,ok
lfm26,2,2,case_024,C06,include,ok
lfm26,2,2,case_024,C07,exclude,ok
lfm26,2,2,case_024,C08,exclude,ok
lfm26,2,2,case_024,C09,include,ok
lfm26,2,2,case_024,C10,include,ok
lfm26,2,2,case_025,C01,include,ok
lfm26,2,2,case_025,C02,include,ok
lfm26,2,2,case_025,C03,include,ok
lfm26,2,2,case_025,C04,include,ok
lfm26,2,2,case_025,C05,include,ok
lfm26,2,2,case_025,C06,include,ok
lfm26,2,2,case_025,C07,exclude,ok
lfm26,2,2,case_025,C08,exclude,ok
lfm26,2,2,case_025,C09,include,ok
lfm26,2,2,case_025,C10,exclude,ok
lfm26,2,2,case_026,C01,include,ok
lfm26,2,2,case_026,C02,include,ok
lfm26,2,2,case_026,C03,include,ok
lfm26,2,2,case_026,C04,include,ok
lfm26,2,2,case_026,C05,include,ok
lfm26,2,2,case_026,C06,exclude,ok
lfm26,2,2,case_026,C07,include,ok
lfm26,2,2,case_026,C08,exclude,ok
lfm26,2,2,case_026,C09,include,ok
lfm26,2,2,case_026,C10,exclude,ok
lfm26,2,2,case_027,C01,exclude,ok
lfm26,2,2,case_027,C02,exclude,ok
lfm26,2,2,case_027,C03,exclude,ok
lfm26,2,2,case_027,C04,exclude,ok
lfm26,2,2,case_027,C05,exclude,ok
lfm26,2,2,case_027,C06,exclude,ok
lfm26,2,2,case_027,C07,include,ok
lfm26,2,2,case_027,C08,exclude,ok
lfm26,2,2,case_027,C09,exclude,ok
lfm26,2,2,case_027,C10,exclude,ok
lfm26,2,2,case_028,C01,include,ok
lfm26,2,2,case_028,C02,include,ok
lfm26,2,2,case_028,C03,include,ok
lfm26,2,2,case_028,C04,include,ok
lfm26,2,2,case_028,C05,include,ok
lfm26,2,2,case_028,C06,include,ok
lfm26,2,2,case_028,C07,include,ok
lfm26,2,2,case_028,C08,include,ok
lfm26,2,2,case_028,C09,include,ok
lfm26,2,2,case_028,C10,include,ok
lfm26,2,2,case_029,C01,include,ok
lfm26,2,2,case_029,C02,exclude,ok
lfm26,2,2,case_029,C03,include,ok
lfm26,2,2,case_029,C04,include,ok
lfm26,2,2,case_029,C05,include,ok
lfm26,2,2,case_029,C06,exclude,ok
lfm26,2,2,case_029,C07,include,ok
lfm26,2,2,case_029,C08,include,ok
lfm26,2,2,case_029,C09,include,ok
lfm26,2,2,case_029,C10,include,ok
lfm26,2,2,case_030,C01,include,ok
lfm26,2,2,case_030,C02,exclude,ok
lfm26,2,2,case_030,C03,include,ok
lfm26,2,2,case_030,C04,exclude,ok
lfm26,2,2,case_030,C05,exclude,ok
lfm26,2,2,case_030,C06,exclude,ok
lfm26,2,2,case_030,C07,exclude,ok
lfm26,2,2,case_030,C08,exclude,ok
lfm26,2,2,case_030,C09,include,ok
lfm26,2,2,case_030,C10,exclude,ok
lfm26,2,2,case_031,C01,include,ok
lfm26,2,2,case_031,C02,include,ok
lfm26,2,2,case_031,C03,include,ok
lfm26,2,2,case_031,C04,include,ok
lfm26,2,2,case_031,C05,exclude,ok
lfm26,2,2,case_031,C06,include,ok
lfm26,2,2,case_031,C07,include,ok
lfm26,2,2,case_031,C08,exclude,ok
lfm26,2,2,case_031,C09,include,ok
lfm26,2,2,case_031,C10,include,ok
lfm26,2,2,case_032,C01,include,ok
lfm26,2,2,case_032,C02,include,ok
lfm26,2,2,case_032,C03,exclude,ok
lfm26,2,2,case_032,C04,exclude,ok
lfm26,2,2,case_032,C05,exclude,ok
lfm26,2,2,case_032,C06,exclude,ok
lfm26,2,2,case_032,C07,exclude,ok
lfm26,2,2,case_032,C08,exclude,ok
lfm26,2,2,case_032,C09,exclude,ok
lfm26,2,2,case_032,C10,exclude,ok
lfm26,2,2,case_033,C01,include,ok
lfm26,2,2,case_033,C02,include,ok
lfm26,2,2,case_033,C03,include,ok
lfm26,2,2,case_033,C04,exclude,ok
lfm26,2,2,case_033,C05,exclude,ok
lfm26,2,2,case_033,C06,exclude,ok
lfm26,2,2,case_033,C07,exclude,ok
lfm26,2,2,case_033,C08,exclude,ok
lfm26,2,2,case_033,C09,exclude,ok
lfm26,2,2,case_033,C10,exclude,ok
lfm26,2,2,case_034,C01,exclude,ok
lfm26,2,2,case_034,C02,exclude,ok
lfm26,2,2,case_034,C03,exclude,ok
lfm26,2,2,case_034,C04,exclude,ok
lfm26,2,2,case_034,C05,exclude,ok
lfm26,2,2,case_034,C06,include,ok
lfm26,2,2,case_034,C07,exclude,ok
lfm26,2,2,case_034,C08,exclude,ok
lfm26,2,2,case_034,C09,exclude,ok
lfm26,2,2,case_034,C10,include,ok
lfm26,2,2,case_035,C01,exclude,ok
lfm26,2,2,case_035,C02,include,ok
lfm26,2,2,case_035,C03,exclude,ok
lfm26,2,2,case_035,C04,exclude,ok
lfm26,2,2,case_035,C05,exclude,ok
lfm26,2,2,case_035,C06,exclude,ok
lfm26,2,2,case_035,C07,exclude,ok
lfm26,2,2,case_035,C08,exclude,ok
lfm26,2,2,case_035,C09,exclude,ok
lfm26,2,2,case_035,C10,exclude,ok
lfm26,2,2,case_036,C01,exclude,ok
lfm26,2,2,case_036,C02,include,ok
lfm26,2,2,case_036,C03,include,ok
lfm26,2,2,case_036,C04,exclude,ok
lfm26,2,2,case_036,C05,exclude,ok
lfm26,2,2,case_036,C06,exclude,ok
lfm26,2,2,case_036,C07,exclude,ok
lfm26,2,2,case_036,C08,include,ok
lfm26,2,2,case_036,C09,include,ok
lfm26,2,2,case_036,C10,exclude,ok
lfm26,2,2,case_037,C01,include,ok
lfm26,2,2,case_037,C02,include,ok
lfm26,2,2,case_037,C03,include,ok
lfm26,2,2,case_037,C04,include,ok
lfm26,2,2,case_037,C05,include,ok
lfm26,2,2,case_037,C06,exclude,ok
lfm26,2,2,case_037,C07,include,ok
lfm26,2,2,case_037,C08,exclude,ok
lfm26,2,2,case_037,C09,include,ok
lfm26,2,2,case_037,C10,include,ok
lfm26,2,2,case_038,C01,exclude,ok
lfm26,2,2,case_038,C02,include,ok
lfm26,2,2,case_038,C03,exclude,ok
lfm26,2,2,case_038,C04,include,ok
lfm26,2,2,case_038,C05,exclude,ok
lfm26,2,2,case_038,C06,exclude,ok
lfm26,2,2,case_038,C07,exclude,ok
lfm26,2,2,case_038,C08,include,ok
lfm26,2,2,case_038,C09,exclude,ok
lfm26,2,2,case_038,C10,exclude,ok
lfm26,2,2,case_039,C01,exclude,ok
lfm26,2,2,case_039,C02,include,ok
lfm26,2,2,case_039,C03,exclude,ok
lfm26,2,2,case_039,C04,exclude,ok
lfm26,2,2,case_039,C05,exclude,ok
lfm26,2,2,case_039,C06,exclude,ok
lfm26,2,2,case_039,C07,exclude,ok
lfm26,2,2,case_039,C08,exclude,ok
lfm26,2,2,case_039,C09,exclude,ok
lfm26,2,2,case_039,C10,exclude,ok
lfm26,2,2,case_040,C01,include,ok
lfm26,2,2,case_040,C02,include,ok
lfm26,2,2,case_040,C03,include,ok
lfm26,2,2,case_040,C04,include,ok
lfm26,2,2,case_040,C05,include,ok
lfm26,2,2,case_040,C06,include,ok
lfm26,2,2,case_040,C07,include,ok
lfm26,2,2,case_040,C08,include,ok
lfm26,2,2,case_040,C09,include,ok
lfm26,2,2,case_040,C10,include,ok
lfm26,2,2,case_041,C01,exclude,ok
lfm26,2,2,case_041,C02,include,ok
lfm26,2,2,case_041,C03,include,ok
lfm26,2,2,case_041,C04,exclude,ok
lfm26,2,2,case_041,C05,include,ok
lfm26,2,2,case_041,C06,exclude,ok
lfm26,2,2,case_041,C07,exclude,ok
lfm26,2,2,case_041,C08,include,ok
lfm26,2,2,case_041,C09,include,ok
lfm26,2,2,case_041,C10,exclude,ok
lfm26,2,2,case_042,C01,include,ok
lfm26,2,2,case_042,C02,exclude,ok
lfm26,2,2,case_042,C03,include,ok
lfm26,2,2,case_042,C04,exclude,ok
lfm26,2,2,case_042,C05,exclude,ok
lfm26,2,2,case_042,C06,exclude,ok
lfm26,2,2,case_042,C07,exclude,ok
lfm26,2,2,case_042,C08,exclude,ok
lfm26,2,2,case_042,C09,exclude,ok
lfm26,2,2,case_042,C10,include,ok
lfm26,2,2,case_043,C01,include,ok
lfm26,2,2,case_043,C02,include,ok
lfm26,2,2,case_043,C03,include,ok
lfm26,2,2,case_043,C04,include,ok
lfm26,2,2,case_043,C05,exclude,ok
lfm26,2,2,case_043,C06,include,ok
lfm26,2,2,case_043,C07,exclude,ok
lfm26,2,2,case_043,C08,include,ok
lfm26,2,2,case_043,C09,include,ok
lfm26,2,2,case_043,C10,exclude,ok
lfm26,2,2,case_044,C01,include,ok
lfm26,2,2,case_044,C02,include,ok
lfm26,2,2,case_044,C03,include,ok
lfm26,2,2,case_044,C04,include,ok
lfm26,2,2,case_044,C05,include,ok
lfm26,2,2,case_044,C06,include,ok
lfm26,2,2,case_044,C07,exclude,ok
lfm26,2,2,case_044,C08,include,ok
lfm26,2,2,case_044,C09,exclude,ok
lfm26,2,2,case_044,C10,exclude,ok
lfm26,2,2,case_045,C01,exclude,ok
lfm26,2,2,case_045,C02,exclude,ok
lfm26,2,2,case_045,C03,exclude,ok
lfm26,2,2,case_045,C04,exclude,ok
lfm26,2,2,case_045,C05,include,ok
lfm26,2,2,case_045,C06,exclude,ok
lfm26,2,2,case_045,C07,exclude,ok
lfm26,2,2,case_045,C08,include,ok
lfm26,2,2,case_045,C09,exclude,ok
lfm26,2,2,case_045,C10,exclude,ok
lfm26,2,2,case_046,C01,include,ok
lfm26,2,2,case_046,C02,include,ok
lfm26,2,2,case_046,C03,include,ok
lfm26,2,2,case_046,C04,exclude,ok
lfm26,2,2,case_046,C05,include,ok
lfm26,2,2,case_046,C06,include,ok
lfm26,2,2,case_046,C07,include,ok
lfm26,2,2,case_046,C08,include,ok
lfm26,2,2,case_046,C09,include,ok
lfm26,2,2,case_046,C10,include,ok
lfm26,2,2,case_047,C01,include,ok
lfm26,2,2,case_047,C02,exclude,ok
lfm26,2,2,case_047,C03,exclude,ok
lfm26,2,2,case_047,C04,exclude,ok
lfm26,2,2,case_047,C05,exclude,ok
lfm26,2,2,case_047,C06,include,ok
lfm26,2,2,case_047,C07,include,ok
lfm26,2,2,case_047,C08,include,ok
lfm26,2,2,case_047,C09,exclude,ok
lfm26,2,2,case_047,C10,exclude,ok
lfm26,2,2,case_048,C01,exclude,ok
lfm26,2,2,case_048,C02,include,ok
lfm26,2,2,case_048,C03,include,ok
lfm26,2,2,case_048,C04,include,ok
lfm26,2,2,case_048,C05,include,ok
lfm26,2,2,case_048,C06,include,ok
lfm26,2,2,case_048,C07,exclude,ok
lfm26,2,2,case_048,C08,include,ok
lfm26,2,2,case_048,C09,include,ok
lfm26,2,2,case_048,C10,include,ok
lfm26,2,2,case_049,C01,include,ok
lfm26,2,2,case_049,C02,exclude,ok
lfm26,2,2,case_049,C03,exclude,ok
lfm26,2,2,case_049,C04,include,ok
lfm26,2,2,case_049,C05,exclude,ok
lfm26,2,2,case_049,C06,exclude,ok
lfm26,2,2,case_049,C07,exclude,ok
lfm26,2,2,case_049,C08,include,ok
lfm26,2,2,case_049,C09,include,ok
lfm26,2,2,case_049,C10,exclude,ok
lfm26,2,2,case_050,C01,include,ok
lfm26,2,2,case_050,C02,exclude,ok
lfm26,2,2,case_050,C03,exclude,ok
lfm26,2,2,case_050,C04,exclude,ok
lfm26,2,2,case_050,C05,exclude,ok
lfm26,2,2,case_050,C06,exclude,ok
lfm26,2,2,case_050,C07,exclude,ok
lfm26,2,2,case_050,C08,include,ok
lfm26,2,2,case_050,C09,exclude,ok
lfm26,2,2,case_050,C10,exclude,ok
lfm26,2,2,case_051,C01,exclude,ok
lfm26,2,2,case_051,C02,exclude,ok
lfm26,2,2,case_051,C03,exclude,ok
lfm26,2,2,case_051,C04,exclude,ok
lfm26,2,2,case_051,C05,exclude,ok
lfm26,2,2,case_051,C06,exclude,ok
lfm26,2,2,case_051,C07,exclude,ok
lfm26,2,2,case_051,C08,exclude,ok
lfm26,2,2,case_051,C09,exclude,ok
lfm26,2,2,case_051,C10,exclude,ok
lfm26,2,2,case_052,C01,exclude,ok
lfm26,2,2,case_052,C02,exclude,ok
lfm26,2,2,case_052,C03,exclude,ok
lfm26,2,2,case_052,C04,exclude,ok
lfm26,2,2,case_052,C05,exclude,ok
lfm26,2,2,case_052,C06,exclude,ok
lfm26,2,2,case_052,C07,exclude,ok
lfm26,2,2,case_052,C08,exclude,ok
lfm26,2,2,case_052,C09,exclude,ok
lfm26,2,2,case_052,C10,exclude,ok
lfm26,2,2,case_053,C01,exclude,ok
lfm26,2,2,case_053,C02,include,ok
lfm26,2,2,case_053,C03,exclude,ok
lfm26,2,2,case_053,C04,exclude,ok
lfm26,2,2,case_053,C05,include,ok
lfm26,2,2,case_053,C06,include,ok
lfm26,2,2,case_053,C07,include,ok
lfm26,2,2,case_053,C08,include,ok
lfm26,2,2,case_053,C09,exclude,ok
lfm26,2,2,case_053,C10,exclude,ok
lfm26,2,2,case_054,C01,exclude,ok
lfm26,2,2,case_054,C02,exclude,ok
lfm26,2,2,case_054,C03,exclude,ok
lfm26,2,2,case_054,C04,exclude,ok
lfm26,2,2,case_054,C05,include,ok
lfm26,2,2,case_054,C06,exclude,ok
lfm26,2,2,case_054,C07,exclude,ok
lfm26,2,2,case_054,C08,exclude,ok
lfm26,2,2,case_054,C09,exclude,ok
lfm26,2,2,case_054,C10,exclude,ok
lfm26,2,2,case_055,C01,exclude,ok
lfm26,2,2,case_055,C02,exclude,ok
lfm26,2,2,case_055,C03,exclude,ok
lfm26,2,2,case_055,C04,exclude,ok
lfm26,2,2,case_055,C05,exclude,ok
lfm26,2,2,case_055,C06,exclude,ok
lfm26,2,2,case_055,C07,exclude,ok
lfm26,2,2,case_055,C08,exclude,ok
lfm26,2,2,case_055,C09,exclude,ok
lfm26,2,2,case_055,C10,exclude,ok
lfm26,2,2,case_056,C01,exclude,ok
lfm26,2,2,case_056,C02,exclude,ok
lfm26,2,2,case_056,C03,exclude,ok
lfm26,2,2,case_056,C04,exclude,ok
lfm26,2,2,case_056,C05,exclude,ok
lfm26,2,2,case_056,C06,exclude,ok
lfm26,2,2,case_056,C07,exclude,ok
lfm26,2,2,case_056,C08,exclude,ok
lfm26,2,2,case_056,C09,exclude,ok
lfm26,2,2,case_056,C10,exclude,ok
lfm26,2,2,case_057,C01,exclude,ok
lfm26,2,2,case_057,C02,exclude,ok
lfm26,2,2,case_057,C03,include,ok
lfm26,2,2,case_057,C04,include,ok
lfm26,2,2,case_057,C05,exclude,ok
lfm26,2,2,case_057,C06,include,ok
lfm26,2,2,case_057,C07,include,ok
lfm26,2,2,case_057,C08,exclude,ok
lfm26,2,2,case_057,C09,exclude,ok
lfm26,2,2,case_057,C10,exclude,ok
lfm26,2,2,case_058,C01,include,ok
lfm26,2,2,case_058,C02,exclude,ok
lfm26,2,2,case_058,C03,include,ok
lfm26,2,2,case_058,C04,include,ok
lfm26,2,2,case_058,C05,include,ok
lfm26,2,2,case_058,C06,exclude,ok
lfm26,2,2,case_058,C07,include,ok
lfm26,2,2,case_058,C08,exclude,ok
lfm26,2,2,case_058,C09,exclude,ok
lfm26,2,2,case_058,C10,include,ok
lfm26,2,2,case_059,C01,include,ok
lfm26,2,2,case_059,C02,include,ok
lfm26,2,2,case_059,C03,include,ok
lfm26,2,2,case_059,C04,include,ok
lfm26,2,2,case_059,C05,include,ok
lfm26,2,2,case_059,C06,include,ok
lfm26,2,2,case_059,C07,include,ok
lfm26,2,2,case_059,C08,include,ok
lfm26,2,2,case_059,C09,exclude,ok
lfm26,2,2,case_059,C10,exclude,ok
lfm26,2,2,case_060,C01,include,ok
lfm26,2,2,case_060,C02,include,ok
lfm26,2,2,case_060,C03,include,ok
lfm26,2,2,case_060,C04,exclude,ok
lfm26,2,2,case_060,C05,exclude,ok
lfm26,2,2,case_060,C06,exclude,ok
lfm26,2,2,case_060,C07,exclude,ok
lfm26,2,2,case_060,C08,exclude,ok
lfm26,2,2,case_060,C09,exclude,ok
lfm26,2,2,case_060,C10,exclude,ok
lfm26,2,2,case_061,C01,include,ok
lfm26,2,2,case_061,C02,include,ok
lfm26,2,2,case_061,C03,include,ok
lfm26,2,2,case_061,C04,include,ok
lfm26,2,2,case_061,C05,exclude,ok
lfm26,2,2,case_061,C06,include,ok
lfm26,2,2,case_061,C07,include,ok
lfm26,2,2,case_061,C08,exclude,ok
lfm26,2,2,case_061,C09,exclude,ok
lfm26,2,2,case_061,C10,exclude,ok
lfm26,2,2,case_062,C01,exclude,ok
lfm26,2,2,case_062,C02,exclude,ok
lfm26,2,2,case_062,C03,exclude,ok
lfm26,2,2,case_062,C04,exclude,ok
lfm26,2,2,case_062,C05,include,ok
lfm26,2,2,case_062,C06,include,ok
lfm26,2,2,case_062,C07,include,ok
lfm26,2,2,case_062,C08,exclude,ok
lfm26,2,2,case_062,C09,include,ok
lfm26,2,2,case_062,C10,include,ok
lfm26,2,2,case_063,C01,exclude,ok
lfm26,2,2,case_063,C02,exclude,ok
lfm26,2,2,case_063,C03,exclude,ok
lfm26,2,2,case_063,C04,exclude,ok
lfm26,2,2,case_063,C05,include,ok
lfm26,2,2,case_063,C06,include,ok
lfm26,2,2,case_063,C07,exclude,ok
lfm26,2,2,case_063,C08,exclude,ok
lfm26,2,2,case_063,C09,include,ok
lfm26,2,2,case_063,C10,exclude,ok
lfm26,2,2,case_064,C01,exclude,ok
lfm26,2,2,case_064,C02,exclude,ok
lfm26,2,2,case_064,C03,exclude,ok
lfm26,2,2,case_064,C04,include,ok
lfm26,2,2,case_064,C05,exclude,ok
lfm26,2,2,case_064,C06,exclude,ok
lfm26,2,2,case_064,C07,exclude,ok
lfm26,2,2,case_064,C08,include,ok
lfm26,2,2,case_064,C09,exclude,ok
lfm26,2,2,case_064,C10,exclude,ok
lfm26,2,2,case_065,C01,exclude,ok
lfm26,2,2,case_065,C02,exclude,ok
lfm26,2,2,case_065,C03,exclude,ok
lfm26,2,2,case_065,C04,include,ok
lfm26,2,2,case_065,C05,include,ok
lfm26,2,2,case_065,C06,include,ok
lfm26,2,2,case_065,C07,exclude,ok
lfm26,2,2,case_065,C08,exclude,ok
lfm26,2,2,case_065,C09,include,ok
lfm26,2,2,case_065,C10,exclude,ok
lfm26,2,2,case_066,C01,exclude,ok
lfm26,2,2,case_066,C02,exclude,ok
lfm26,2,2,case_066,C03,exclude,ok
lfm26,2,2,case_066,C04,exclude,ok
lfm26,2,2,case_066,C05,exclude,ok
lfm26,2,2,case_066,C06,exclude,ok
lfm26,2,2,case_066,C07,include,ok
lfm26,2,2,case_066,C08,exclude,ok
lfm26,2,2,case_066,C09,exclude,ok
lfm26,2,2,case_066,C10,exclude,ok
lfm26,2,2,case_067,C01,include,ok
lfm26,2,2,case_067,C02,include,ok
lfm26,2,2,case_067,C03,exclude,ok
lfm26,2,2,case_067,C04,exclude,ok
lfm26,2,2,case_067,C05,include,ok
lfm26,2,2,case_067,C06,exclude,ok
lfm26,2,2,case_067,C07,include,ok
lfm26,2,2,case_067,C08,include,ok
lfm26,2,2,case_067,C09,include,ok
lfm26,2,2,case_067,C10,exclude,ok
lfm26,2,2,case_068,C01,include,ok
lfm26,2,2,case_068,C02,exclude,ok
lfm26,2,2,case_068,C03,exclude,ok
lfm26,2,2,case_068,C04,exclude,ok
lfm26,2,2,case_068,C05,exclude,ok
lfm26,2,2,case_068,C06,exclude,ok
lfm26,2,2,case_068,C07,exclude,ok
lfm26,2,2,case_068,C08,exclude,ok
lfm26,2,2,case_068,C09,exclude,ok
lfm26,2,2,case_068,C10,exclude,ok
lfm26,2,2,case_069,C01,include,ok
lfm26,2,2,case_069,C02,include,ok
lfm26,2,2,case_069,C03,include,ok
lfm26,2,2,case_069,C04,include,ok
lfm26,2,2,case_069,C05,exclude,ok
lfm26,2,2,case_069,C06,include,ok
lfm26,2,2,case_069,C07,exclude,ok
lfm26,2,2,case_069,C08,include,ok
lfm26,2,2,case_069,C09,exclude,ok
lfm26,2,2,case_069,C10,exclude,ok
lfm26,2,2,case_070,C01,include,ok
lfm26,2,2,case_070,C02,include,ok
lfm26,2,2,case_070,C03,exclude,ok
lfm26,2,2,case_070,C04,exclude,ok
lfm26,2,2,case_070,C05,include,ok
lfm26,2,2,case_070,C06,include,ok
lfm26,2,2,case_070,C07,include,ok
lfm26,2,2,case_070,C08,exclude,ok
lfm26,2,2,case_070,C09,include,ok
lfm26,2,2,case_070,C10,exclude,ok
lfm26,2,2,case_071,C01,exclude,ok
lfm26,2,2,case_071,C02,exclude,ok
lfm26,2,2,case_071,C03,exclude,ok
lfm26,2,2,case_071,C04,exclude,ok
lfm26,2,2,case_071,C05,include,ok
lfm26,2,2,case_071,C06,exclude,ok
lfm26,2,2,case_071,C07,exclude,ok
lfm26,2,2,case_071,C08,exclude,ok
lfm26,2,2,case_071,C09,exclude,ok
lfm26,2,2,case_071,C10,exclude,ok
lfm26,2,2,case_072,C01,include,ok
lfm26,2,2,case_072,C02,include,ok
lfm26,2,2,case_072,C03,include,ok
lfm26,2,2,case_072,C04,include,ok
lfm26,2,2,case_072,C05,exclude,ok
lfm26,2,2,case_072,C06,include,ok
lfm26,2,2,case_072,C07,include,ok
lfm26,2,2,case_072,C08,exclude,ok
lfm26,2,2,case_072,C09,exclude,ok
lfm26,2,2,case_072,C10,exclude,ok
lfm26,2,2,case_073,C01,include,ok
lfm26,2,2,case_073,C02,include,ok
lfm26,2,2,case_073,C03,include,ok
lfm26,2,2,case_073,C04,include,ok
lfm26,2,2,case_073,C05,include,ok
lfm26,2,2,case_073,C06,exclude,ok
lfm26,2,2,case_073,C07,include,ok
lfm26,2,2,case_073,C08,exclude,ok
lfm26,2,2,case_073,C09,exclude,ok
lfm26,2,2,case_073,C10,exclude,ok
lfm26,2,2,case_074,C01,exclude,ok
lfm26,2,2,case_074,C02,exclude,ok
lfm26,2,2,case_074,C03,exclude,ok
lfm26,2,2,case_074,C04,include,ok
lfm26,2,2,case_074,C05,exclude,ok
lfm26,2,2,case_074,C06,exclude,ok
lfm26,2,2,case_074,C07,exclude,ok
lfm26,2,2,case_074,C08,exclude,ok
lfm26,2,2,case_074,C09,exclude,ok
lfm26,2,2,case_074,C10,exclude,ok
lfm26,2,2,case_075,C01,exclude,ok
lfm26,2,2,case_075,C02,exclude,ok
lfm26,2,2,case_075,C03,exclude,ok
lfm26,2,2,case_075,C04,exclude,ok
lfm26,2,2,case_075,C05,exclude,ok
lfm26,2,2,case_075,C06,exclude,ok
lfm26,2,2,case_075,C07,exclude,ok
lfm26,2,2,case_075,C08,include,ok
lfm26,2,2,case_075,C09,include,ok
lfm26,2,2,case_075,C10,exclude,ok
lfm26,2,2,case_076,C01,exclude,ok
lfm26,2,2,case_076,C02,exclude,ok
lfm26,2,2,case_076,C03,exclude,ok
lfm26,2,2,case_076,C04,exclude,ok
lfm26,2,2,case_076,C05,exclude,ok
lfm26,2,2,case_076,C06,exclude,ok
lfm26,2,2,case_076,C07,exclude,ok
lfm26,2,2,case_076,C08,exclude,ok
lfm26,2,2,case_076,C09,exclude,ok
lfm26,2,2,case_076,C10,exclude,ok
lfm26,2,2,case_077,C01,exclude,ok
lfm26,2,2,case_077,C02,exclude,ok
lfm26,2,2,case_077,C03,exclude,ok
lfm26,2,2,case_077,C04,exclude,ok
lfm26,2,2,case_077,C05,exclude,ok
lfm26,2,2,case_077,C06,exclude,ok
lfm26,2,2,case_077,C07,exclude,ok
lfm26,2,2,case_077,C08,include,ok
lfm26,2,2,case_077,C09,include,ok
lfm26,2,2,case_077,C10,include,ok
lfm26,2,2,case_078,C01,include,ok
lfm26,2,2,case_078,C02,include,ok
lfm26,2,2,case_078,C03,include,ok
lfm26,2,2,case_078,C04,include,ok
lfm26,2,2,case_078,C05,include,ok
lfm26,2,2,case_078,C06,include,ok
lfm26,2,2,case_078,C07,include,ok
lfm26,2,2,case_078,C08,exclude,ok
lfm26,2,2,case_078,C09,include,ok
lfm26,2,2,case_078,C10,include,ok
lfm26,2,2,case_079,C01,exclude,ok
lfm26,2,2,case_079,C02,include,ok
lfm26,2,2,case_079,C03,include,ok
lfm26,2,2,case_079,C04,exclude,ok
lfm26,2,2,case_079,C05,exclude,ok
lfm26,2,2,case_079,C06,include,ok
lfm26,2,2,case_079,C07,exclude,ok
lfm26,2,2,case_079,C08,exclude,ok
lfm26,2,2,case_079,C09,exclude,ok
lfm26,2,2,case_079,C10,exclude,ok
lfm26,2,2,case_080,C01,include,ok
lfm26,2,2,case_080,C02,exclude,ok
lfm26,2,2,case_080,C03,exclude,ok
lfm26,2,2,case_080,C04,exclude,ok
lfm26,2,2,case_080,C05,exclude,ok
lfm26,2,2,case_080,C06,exclude,ok
lfm26,2,2,case_080,C07,exclude,ok
lfm26,2,2,case_080,C08,exclude,ok
lfm26,2,2,case_080,C09,exclude,ok
lfm26,2,2,case_080,C10,exclude,ok
lfm26,2,2,case_081,C01,exclude,ok
lfm26,2,2,case_081,C02,include,ok
lfm26,2,2,case_081,C03,exclude,ok
lfm26,2,2,case_081,C04,exclude,ok
lfm26,2,2,case_081,C05,exclude,ok
lfm26,2,2,case_081,C06,include,ok
lfm26,2,2,case_081,C07,exclude,ok
lfm26,2,2,case_081,C08,exclude,ok
lfm26,2,2,case_081,C09,exclude,ok
lfm26,2,2,case_081,C10,exclude,ok
lfm26,2,2,case_082,C01,include,ok
lfm26,2,2,case_082,C02,include,ok
lfm26,2,2,case_082,C03,include,ok
lfm26,2,2,case_082,C04,include,ok
lfm26,2,2,case_082,C05,include,ok
lfm26,2,2,case_082,C06,include,ok
lfm26,2,2,case_082,C07,include,ok
lfm26,2,2,case_082,C08,include,ok
lfm26,2,2,case_082,C09,include,ok
lfm26,2,2,case_082,C10,include,ok
lfm26,2,2,case_083,C01,include,ok
lfm26,2,2,case_083,C02,exclude,ok
lfm26,2,2,case_083,C03,exclude,ok
lfm26,2,2,case_083,C04,include,ok
lfm26,2,2,case_083,C05,exclude,ok
lfm26,2,2,case_083,C06,exclude,ok
lfm26,2,2,case_083,C07,exclude,ok
lfm26,2,2,case_083,C08,exclude,ok
lfm26,2,2,case_083,C09,exclude,ok
lfm26,2,2,case_083,C10,include,ok
lfm26,2,2,case_084,C01,exclude,ok
lfm26,2,2,case_084,C02,include,ok
lfm26,2,2,case_084,C03,exclude,ok
lfm26,2,2,case_084,C04,exclude,ok
lfm26,2,2,case_084,C05,exclude,ok
lfm26,2,2,case_084,C06,exclude,ok
lfm26,2,2,case_084,C07,exclude,ok
lfm26,2,2,case_084,C08,include,ok
lfm26,2,2,case_084,C09,exclude,ok
lfm26,2,2,case_084,C10,exclude,ok
lfm26,2,2,case_085,C01,exclude,ok
lfm26,2,2,case_085,C02,exclude,ok
lfm26,2,2,case_085,C03,exclude,ok
lfm26,2,2,case_085,C04,exclude,ok
lfm26,2,2,case_085,C05,exclude,ok
lfm26,2,2,case_085,C06,exclude,ok
lfm26,2,2,case_085,C07,exclude,ok
lfm26,2,2,case_085,C08,exclude,ok
lfm26,2,2,case_085,C09,include,ok
lfm26,2,2,case_085,C10,exclude,ok
lfm26,2,2,case_086,C01,exclude,ok
lfm26,2,2,case_086,C02,exclude,ok
lfm26,2,2,case_086,C03,exclude,ok
lfm26,2,2,case_086,C04,exclude,ok
lfm26,2,2,case_086,C05,include,ok
lfm26,2,2,case_086,C06,exclude,ok
lfm26,2,2,case_086,C07,exclude,ok
lfm26,2,2,case_086,C08,exclude,ok
lfm26,2,2,case_086,C09,exclude,ok
lfm26,2,2,case_086,C10,exclude,ok
lfm26,2,2,case_087,C01,include,ok
lfm26,2,2,case_087,C02,include,ok
lfm26,2,2,case_087,C03,exclude,ok
lfm26,2,2,case_087,C04,exclude,ok
lfm26,2,2,case_087,C05,include,ok
lfm26,2,2,case_087,C06,include,ok
lfm26,2,2,case_087,C07,include,ok
lfm26,2,2,case_087,C08,exclude,ok
lfm26,2,2,case_087,C09,include,ok
lfm26,2,2,case_087,C10,include,ok
lfm26,2,2,case_088,C01,exclude,ok
lfm26,2,2,case_088,C02,exclude,ok
lfm26,2,2,case_088,C03,exclude,ok
lfm26,2,2,case_088,C04,exclude,ok
lfm26,2,2,case_088,C05,exclude,ok
lfm26,2,2,case_088,C06,exclude,ok
lfm26,2,2,case_088,C07,exclude,ok
lfm26,2,2,case_088,C08,exclude,ok
lfm26,2,2,case_088,C09,exclude,ok
lfm26,2,2,case_088,C10,exclude,ok
lfm26,2,2,case_089,C01,include,ok
lfm26,2,2,case_089,C02,exclude,ok
lfm26,2,2,case_089,C03,include,ok
lfm26,2,2,case_089,C04,exclude,ok
lfm26,2,2,case_089,C05,include,ok
lfm26,2,2,case_089,C06,exclude,ok
lfm26,2,2,case_089,C07,exclude,ok
lfm26,2,2,case_089,C08,include,ok
lfm26,2,2,case_089,C09,include,ok
lfm26,2,2,case_089,C10,exclude,ok
lfm26,2,2,case_090,C01,include,ok
lfm26,2,2,case_090,C02,include,ok
lfm26,2,2,case_090,C03,include,ok
lfm26,2,2,case_090,C04,exclude,ok
lfm26,2,2,case_090,C05,exclude,ok
lfm26,2,2,case_090,C06,exclude,ok
lfm26,2,2,case_090,C07,include,ok
lfm26,2,2,case_090,C08,exclude,ok
lfm26,2,2,case_090,C09,exclude,ok
lfm26,2,2,case_090,C10,exclude,ok
lfm26,2,2,case_091,C01,exclude,ok
lfm26,2,2,case_091,C02,exclude,ok
lfm26,2,2,case_091,C03,exclude,ok
lfm26,2,2,case_091,C04,exclude,ok
lfm26,2,2,case_091,C05,exclude,ok
lfm26,2,2,case_091,C06,exclude,ok
lfm26,2,2,case_091,C07,exclude,ok
lfm26,2,2,case_091,C08,exclude,ok
lfm26,2,2,case_091,C09,exclude,ok
lfm26,2,2,case_091,C10,exclude,ok
lfm26,2,2,case_092,C01,exclude,ok
lfm26,2,2,case_092,C02,exclude,ok
lfm26,2,2,case_092,C03,exclude,ok
lfm26,2,2,case_092,C04,include,ok
lfm26,2,2,case_092,C05,exclude,ok
lfm26,2,2,case_092,C06,exclude,ok
lfm26,2,2,case_092,C07,exclude,ok
lfm26,2,2,case_092,C08,exclude,ok
lfm26,2,2,case_092,C09,include,ok
lfm26,2,2,case_092,C10,include,ok
lfm26,2,2,case_093,C01,exclude,ok
lfm26,2,2,case_093,C02,include,ok
lfm26,2,2,case_093,C03,exclude,ok
lfm26,2,2,case_093,C04,exclude,ok
lfm26,2,2,case_093,C05,include,ok
lfm26,2,2,case_093,C06,exclude,ok
lfm26,2,2,case_093,C07,include,ok
lfm26,2,2,case_093,C08,exclude,ok
lfm26,2,2,case_093,C09,exclude,ok
lfm26,2,2,case_093,C10,exclude,ok
lfm26,2,2,case_094,C01,include,ok
lfm26,2,2,case_094,C02,include,ok
lfm26,2,2,case_094,C03,include,ok
lfm26,2,2,case_094,C04,exclude,ok
lfm26,2,2,case_094,C05,include,ok
lfm26,2,2,case_094,C06,include,ok
lfm26,2,2,case_094,C07,include,ok
lfm26,2,2,case_094,C08,exclude,ok
lfm26,2,2,case_094,C09,exclude,ok
lfm26,2,2,case_094,C10,include,ok
lfm26,2,2,case_095,C01,exclude,ok
lfm26,2,2,case_095,C02,exclude,ok
lfm26,2,2,case_095,C03,exclude,ok
lfm26,2,2,case_095,C04,exclude,ok
lfm26,2,2,case_095,C05,exclude,ok
lfm26,2,2,case_095,C06,exclude,ok
lfm26,2,2,case_095,C07,exclude,ok
lfm26,2,2,case_095,C08,exclude,ok
lfm26,2,2,case_095,C09,include,ok
lfm26,2,2,case_095,C10,exclude,ok
lfm26,2,2,case_096,C01,include,ok
lfm26,2,2,case_096,C02,exclude,ok
lfm26,2,2,case_096,C03,include,ok
lfm26,2,2,case_096,C04,include,ok
lfm26,2,2,case_096,C05,exclude,ok
lfm26,2,2,case_096,C06,include,ok
lfm26,2,2,case_096,C07,include,ok
lfm26,2,2,case_096,C08,include,ok
lfm26,2,2,case_096,C09,exclude,ok
lfm26,2,2,case_096,C10,exclude,ok
lfm26,2,2,case_097,C01,exclude,ok
lfm26,2,2,case_097,C02,exclude,ok
lfm26,2,2,case_097,C03,exclude,ok
lfm26,2,2,case_097,C04,exclude,ok
lfm26,2,2,case_097,C05,exclude,ok
lfm26,2,2,case_097,C06,exclude,ok
lfm26,2,2,case_097,C07,include,ok
lfm26,2,2,case_097,C08,exclude,ok
lfm26,2,2,case_097,C09,exclude,ok
lfm26,2,2,case_097,C10,exclude,ok
lfm26,2,2,case_098,C01,include,ok
lfm26,2,2,case_098,C02,exclude,ok
lfm26,2,2,case_098,C03,include,ok
lfm26,2,2,case_098,C04,include,ok
lfm26,2,2,case_098,C05,include,ok
lfm26,2,2,case_098,C06,exclude,ok
lfm26,2,2,case_098,C07,include,ok
lfm26,2,2,case_098,C08,include,ok
lfm26,2,2,case_098,C09,exclude,ok
lfm26,2,2,case_098,C10,exclude,ok
lfm26,2,2,case_099,C01,include,ok
lfm26,2,2,case_099,C02,include,ok
lfm26,2,2,case_099,C03,include,ok
lfm26,2,2,case_099,C04,exclude,ok
lfm26,2,2,case_099,C05,include,ok
lfm26,2,2,case_099,C06,include,ok
lfm26,2,2,case_099,C07,include,ok
lfm26,2,2,case_099,C08,include,ok
lfm26,2,2,case_099,C09,include,ok
lfm26,2,2,case_099,C10,include,ok
lfm26,2,2,case_100,C01,exclude,ok
lfm26,2,2,case_100,C02,exclude,ok
lfm26,2,2,case_100,C03,exclude,ok
lfm26,2,2,case_100,C04,include,ok
lfm26,2,2,case_100,C05,include,ok
lfm26,2,2,case_100,C06,exclude,ok
lfm26,2,2,case_100,C07,include,ok
lfm26,2,2,case_100,C08,exclude,ok
lfm26,2,2,case_100,C09,exclude,ok
lfm26,2,2,case_100,C10,exclude,ok
lfm26,3,3,case_001,C01,include,ok
lfm26,3,3,case_001,C02,include,ok
lfm26,3,3,case_001,C03,exclude,ok
lfm26,3,3,case_001,C04,exclude,ok
lfm26,3,3,case_001,C05,include,ok
lfm26,3,3,case_001,C06,include,ok
lfm26,3,3,case_001,C07,include,ok
lfm26,3,3,case_001,C08,include,ok
lfm26,3,3,case_001,C09,include,ok
lfm26,3,3,case_001,C10,exclude,ok
lfm26,3,3,case_002,C01,exclude,ok
lfm26,3,3,case_002,C02,exclude,ok
lfm26,3,3,case_002,C03,exclude,ok
lfm26,3,3,case_002,C04,exclude,ok
lfm26,3,3,case_002,C05,exclude,ok
lfm26,3,3,case_002,C06,exclude,ok
lfm26,3,3,case_002,C07,exclude,ok
lfm26,3,3,case_002,C08,exclude,ok
lfm26,3,3,case_002,C09,exclude,ok
lfm26,3,3,case_002,C10,exclude,ok
lfm26,3,3,case_003,C01,exclude,ok
lfm26,3,3,case_003,C02,exclude,ok
lfm26,3,3,case_003,C03,include,ok
lfm26,3,3,case_003,C04,exclude,ok
lfm26,3,3,case_003,C05,exclude,ok
lfm26,3,3,case_003,C06,exclude,ok
lfm26,3,3,case_003,C07,exclude,ok
lfm26,3,3,case_003,C08,exclude,ok
lfm26,3,3,case_003,C09,exclude,ok
lfm26,3,3,case_003,C10,include,ok
lfm26,3,3,case_004,C01,include,ok
lfm26,3,3,case_004,C02,exclude,ok
lfm26,3,3,case_004,C03,exclude,ok
lfm26,3,3,case_004,C04,exclude,ok
lfm26,3,3,case_004,C05,include,ok
lfm26,3,3,case_004,C06,exclude,ok
lfm26,3,3,case_004,C07,include,ok
lfm26,3,3,case_004,C08,exclude,ok
lfm26,3,3,case_004,C09,exclude,ok
lfm26,3,3,case_004,C10,exclude,ok
lfm26,3,3,case_005,C01,exclude,ok
lfm26,3,3,case_005,C02,exclude,ok
lfm26,3,3,case_005,C03,exclude,ok
lfm26,3,3,case_005,C04,exclude,ok
lfm26,3,3,case_005,C05,exclude,ok
lfm26,3,3,case_005,C06,exclude,ok
lfm26,3,3,case_005,C07,exclude,ok
lfm26,3,3,case_005,C08,exclude,ok
lfm26,3,3,case_005,C09,exclude,ok
lfm26,3,3,case_005,C10,exclude,ok
lfm26,3,3,case_006,C01,exclude,ok
lfm26,3,3,case_006,C02,exclude,ok
lfm26,3,3,case_006,C03,exclude,ok
lfm26,3,3,case_006,C04,exclude,ok
lfm26,3,3,case_006,C05,exclude,ok
lfm26,3,3,case_006,C06,exclude,ok
lfm26,3,3,case_006,C07,exclude,ok
lfm26,3,3,case_006,C08,include,ok
lfm26,3,3,case_006,C09,exclude,ok
lfm26,3,3,case_006,C10,exclude,ok
lfm26,3,3,case_007,C01,include,ok
lfm26,3,3,case_007,C02,exclude,ok
lfm26,3,3,case_007,C03,include,ok
lfm26,3,3,case_007,C04,exclude,ok
lfm26,3,3,case_007,C05,include,ok
lfm26,3,3,case_007,C06,include,ok
lfm26,3,3,case_007,C07,include,ok
lfm26,3,3,case_007,C08,include,ok
lfm26,3,3,case_007,C09,exclude,ok
lfm26,3,3,case_007,C10,exclude,ok
lfm26,3,3,case_008,C01,exclude,ok
lfm26,3,3,case_008,C02,exclude,ok
lfm26,3,3,case_008,C03,exclude,ok
lfm26,3,3,case_008,C04,include,ok
lfm26,3,3,case_008,C05,include,ok
lfm26,3,3,case_008,C06,include,ok
lfm26,3,3,case_008,C07,include,ok
lfm26,3,3,case_008,C08,include,ok
lfm26,3,3,case_008,C09,include,ok
lfm26,3,3,case_008,C10,include,ok
lfm26,3,3,case_009,C01,include,ok
lfm26,3,3,case_009,C02,exclude,ok
lfm26,3,3,case_009,C03,include,ok
lfm26,3,3,case_009,C04,exclude,ok
lfm26,3,3,case_009,C05,exclude,ok
lfm26,3,3,case_009,C06,exclude,ok
lfm26,3,3,case_009,C07,include,ok
lfm26,3,3,case_009,C08,exclude,ok
lfm26,3,3,case_009,C09,exclude,ok
lfm26,3,3,case_009,C10,exclude,ok
lfm26,3,3,case_010,C01,include,ok
lfm26,3,3,case_010,C02,include,ok
lfm26,3,3,case_010,C03,include,ok
lfm26,3,3,case_010,C04,include,ok
lfm26,3,3,case_010,C05,include,ok
lfm26,3,3,case_010,C06,include,ok
lfm26,3,3,case_010,C07,exclude,ok
lfm26,3,3,case_010,C08,exclude,ok
lfm26,3,3,case_010,C09,include,ok
lfm26,3,3,case_010,C10,include,ok
lfm26,3,3,case_011,C01,exclude,ok
lfm26,3,3,case_011,C02,exclude,ok
lfm26,3,3,case_011,C03,include,ok
lfm26,3,3,case_011,C04,include,ok
lfm26,3,3,case_011,C05,exclude,ok
lfm26,3,3,case_011,C06,exclude,ok
lfm26,3,3,case_011,C07,include,ok
lfm26,3,3,case_011,C08,exclude,ok
lfm26,3,3,case_011,C09,include,ok
lfm26,3,3,case_011,C10,exclude,ok
lfm26,3,3,case_012,C01,include,ok
lfm26,3,3,case_012,C02,include,ok
lfm26,3,3,case_012,C03,include,ok
lfm26,3,3,case_012,C04,exclude,ok
lfm26,3,3,case_012,C05,include,ok
lfm26,3,3,case_012,C06,include,ok
lfm26,3,3,case_012,C07,exclude,ok
lfm26,3,3,case_012,C08,include,ok
lfm26,3,3,case_012,C09,include,ok
lfm26,3,3,case_012,C10,exclude,ok
lfm26,3,3,case_013,C01,exclude,ok
lfm26,3,3,case_013,C02,exclude,ok
lfm26,3,3,case_013,C03,exclude,ok
lfm26,3,3,case_013,C04,exclude,ok
lfm26,3,3,case_013,C05,exclude,ok
lfm26,3,3,case_013,C06,exclude,ok
lfm26,3,3,case_013,C07,exclude,ok
lfm26,3,3,case_013,C08,exclude,ok
lfm26,3,3,case_013,C09,exclude,ok
lfm26,3,3,case_013,C10,exclude,ok
lfm26,3,3,case_014,C01,exclude,ok
lfm26,3,3,case_014,C02,include,ok
lfm26,3,3,case_014,C03,exclude,ok
lfm26,3,3,case_014,C04,include,ok
lfm26,3,3,case_014,C05,exclude,ok
lfm26,3,3,case_014,C06,exclude,ok
lfm26,3,3,case_014,C07,exclude,ok
lfm26,3,3,case_014,C08,include,ok
lfm26,3,3,case_014,C09,exclude,ok
lfm26,3,3,case_014,C10,exclude,ok
lfm26,3,3,case_015,C01,exclude,ok
lfm26,3,3,case_015,C02,exclude,ok
lfm26,3,3,case_015,C03,exclude,ok
lfm26,3,3,case_015,C04,exclude,ok
lfm26,3,3,case_015,C05,exclude,ok
lfm26,3,3,case_015,C06,exclude,ok
lfm26,3,3,case_015,C07,exclude,ok
lfm26,3,3,case_015,C08,exclude,ok
lfm26,3,3,case_015,C09,exclude,ok
lfm26,3,3,case_015,C10,exclude,ok
lfm26,3,3,case_016,C01,include,ok
lfm26,3,3,case_016,C02,include,ok
lfm26,3,3,case_016,C03,include,ok
lfm26,3,3,case_016,C04,include,ok
lfm26,3,3,case_016,C05,exclude,ok
lfm26,3,3,case_016,C06,include,ok
lfm26,3,3,case_016,C07,include,ok
lfm26,3,3,case_016,C08,exclude,ok
lfm26,3,3,case_016,C09,exclude,ok
lfm26,3,3,case_016,C10,include,ok
lfm26,3,3,case_017,C01,exclude,ok
lfm26,3,3,case_017,C02,exclude,ok
lfm26,3,3,case_017,C03,exclude,ok
lfm26,3,3,case_017,C04,exclude,ok
lfm26,3,3,case_017,C05,exclude,ok
lfm26,3,3,case_017,C06,exclude,ok
lfm26,3,3,case_017,C07,exclude,ok
lfm26,3,3,case_017,C08,exclude,ok
lfm26,3,3,case_017,C09,exclude,ok
lfm26,3,3,case_017,C10,exclude,ok
lfm26,3,3,case_018,C01,exclude,ok
lfm26,3,3,case_018,C02,exclude,ok
lfm26,3,3,case_018,C03,exclude,ok
lfm26,3,3,case_018,C04,exclude,ok
lfm26,3,3,case_018,C05,exclude,ok
lfm26,3,3,case_018,C06,exclude,ok
lfm26,3,3,case_018,C07,exclude,ok
lfm26,3,3,case_018,C08,exclude,ok
lfm26,3,3,case_018,C09,exclude,ok
lfm26,3,3,case_018,C10,exclude,ok
lfm26,3,3,case_019,C01,exclude,ok
lfm26,3,3,case_019,C02,include,ok
lfm26,3,3,case_019,C03,include,ok
lfm26,3,3,case_019,C04,exclude,ok
lfm26,3,3,case_019,C05,exclude,ok
lfm26,3,3,case_019,C06,include,ok
lfm26,3,3,case_019,C07,include,ok
lfm26,3,3,case_019,C08,exclude,ok
lfm26,3,3,case_019,C09,include,ok
lfm26,3,3,case_019,C10,exclude,ok
lfm26,3,3,case_020,C01,exclude,ok
lfm26,3,3,case_020,C02,exclude,ok
lfm26,3,3,case_020,C03,include,ok
lfm26,3,3,case_020,C04,exclude,ok
lfm26,3,3,case_020,C05,exclude,ok
lfm26,3,3,case_020,C06,exclude,ok
lfm26,3,3,case_020,C07,exclude,ok
lfm26,3,3,case_020,C08,exclude,ok
lfm26,3,3,case_020,C09,exclude,ok
lfm26,3,3,case_020,C10,exclude,ok
lfm26,3,3,case_021,C01,include,ok
lfm26,3,3,case_021,C02,exclude,ok
lfm26,3,3,case_021,C03,include,ok
lfm26,3,3,case_021,C04,include,ok
lfm26,3,3,case_021,C05,exclude,ok
lfm26,3,3,case_021,C06,include,ok
lfm26,3,3,case_021,C07,include,ok
lfm26,3,3,case_021,C08,include,ok
lfm26,3,3,case_021,C09,include,ok
lfm26,3,3,case_021,C10,include,ok
lfm26,3,3,case_022,C01,exclude,ok
lfm26,3,3,case_022,C02,include,ok
lfm26,3,3,case_022,C03,include,ok
lfm26,3,3,case_022,C04,exclude,ok
lfm26,3,3,case_022,C05,exclude,ok
lfm26,3,3,case_022,C06,exclude,ok
lfm26,3,3,case_022,C07,exclude,ok
lfm26,3,3,case_022,C08,include,ok
lfm26,3,3,case_022,C09,include,ok
lfm26,3,3,case_022,C10,exclude,ok
lfm26,3,3,case_023,C01,include,ok
lfm26,3,3,case_023,C02,include,ok
lfm26,3,3,case_023,C03,include,ok
lfm26,3,3,case_023,C04,include,ok
lfm26,3,3,case_023,C05,include,ok
lfm26,3,3,case_023,C06,include,ok
lfm26,3,3,case_023,C07,include,ok
lfm26,3,3,case_023,C08,include,ok
lfm26,3,3,case_023,C09,include,ok
lfm26,3,3,case_023,C10,include,ok
lfm26,3,3,case_024,C01,exclude,ok
lfm26,3,3,case_024,C02,exclude,ok
lfm26,3,3,case_024,C03,exclude,ok
lfm26,3,3,case_024,C04,exclude,ok
lfm26,3,3,case_024,C05,include,ok
lfm26,3,3,case_024,C06,include,ok
lfm26,3,3,case_024,C07,exclude,ok
lfm26,3,3,case_024,C08,exclude,ok
lfm26,3,3,case_024,C09,include,ok
lfm26,3,3,case_024,C10,include,ok
lfm26,3,3,case_025,C01,include,ok
lfm26,3,3,case_025,C02,include,ok
lfm26,3,3,case_025,C03,include,ok
lfm26,3,3,case_025,C04,include,ok
lfm26,3,3,case_025,C05,include,ok
lfm26,3,3,case_025,C06,include,ok
lfm26,3,3,case_025,C07,exclude,ok
lfm26,3,3,case_025,C08,exclude,ok
lfm26,3,3,case_025,C09,include,ok
lfm26,3,3,case_025,C10,exclude,ok
lfm26,3,3,case_026,C01,include,ok
lfm26,3,3,case_026,C02,include,ok
lfm26,3,3,case_026,C03,include,ok
lfm26,3,3,case_026,C04,include,ok
lfm26,3,3,case_026,C05,include,ok
lfm26,3,3,case_026,C06,exclude,ok
lfm26,3,3,case_026,C07,include,ok
lfm26,3,3,case_026,C08,exclude,ok
lfm26,3,3,case_026,C09,include,ok
lfm26,3,3,case_026,C10,exclude,ok
lfm26,3,3,case_027,C01,exclude,ok
lfm26,3,3,case_027,C02,exclude,ok
lfm26,3,3,case_027,C03,exclude,ok
lfm26,3,3,case_027,C04,exclude,ok
lfm26,3,3,case_027,C05,exclude,ok
lfm26,3,3,case_027,C06,exclude,ok
lfm26,3,3,case_027,C07,include,ok
lfm26,3,3,case_027,C08,exclude,ok
lfm26,3,3,case_027,C09,exclude,ok
lfm26,3,3,case_027,C10,exclude,ok
lfm26,3,3,case_028,C01,include,ok
lfm26,3,3,case_028,C02,include,ok
lfm26,3,3,case_028,C03,include,ok
lfm26,3,3,case_028,C04,include,ok
lfm26,3,3,case_028,C05,include,ok
lfm26,3,3,case_028,C06,include,ok
lfm26,3,3,case_028,C07,include,ok
lfm26,3,3,case_028,C08,include,ok
lfm26,3,3,case_028,C09,include,ok
lfm26,3,3,case_028,C10,include,ok
lfm26,3,3,case_029,C01,include,ok
lfm26,3,3,case_029,C02,exclude,ok
lfm26,3,3,case_029,C03,include,ok
lfm26,3,3,case_029,C04,include,ok
lfm26,3,3,case_029,C05,include,ok
lfm26,3,3,case_029,C06,exclude,ok
lfm26,3,3,case_029,C07,include,ok
lfm26,3,3,case_029,C08,include,ok
lfm26,3,3,case_029,C09,include,ok
lfm26,3,3,case_029,C10,include,ok
lfm26,3,3,case_030,C01,include,ok
lfm26,3,3,case_030,C02,exclude,ok
lfm26,3,3,case_030,C03,include,ok
lfm26,3,3,case_030,C04,exclude,ok
lfm26,3,3,case_030,C05,exclude,ok
lfm26,3,3,case_030,C06,exclude,ok
lfm26,3,3,case_030,C07,exclude,ok
lfm26,3,3,case_030,C08,exclude,ok
lfm26,3,3,case_030,C09,include,ok
lfm26,3,3,case_030,C10,exclude,ok
lfm26,3,3,case_031,C01,include,ok
lfm26,3,3,case_031,C02,include,ok
lfm26,3,3,case_031,C03,include,ok
lfm26,3,3,case_031,C04,include,ok
lfm26,3,3,case_031,C05,exclude,ok
lfm26,3,3,case_031,C06,include,ok
lfm26,3,3,case_031,C07,include,ok
lfm26,3,3,case_031,C08,exclude,ok
lfm26,3,3,case_031,C09,include,ok
lfm26,3,3,case_031,C10,include,ok
lfm26,3,3,case_032,C01,include,ok
lfm26,3,3,case_032,C02,include,ok
lfm26,3,3,case_032,C03,exclude,ok
lfm26,3,3,case_032,C04,exclude,ok
lfm26,3,3,case_032,C05,exclude,ok
lfm26,3,3,case_032,C06,exclude,ok
lfm26,3,3,case_032,C07,exclude,ok
lfm26,3,3,case_032,C08,exclude,ok
lfm26,3,3,case_032,C09,exclude,ok
lfm26,3,3,case_032,C10,exclude,ok
lfm26,3,3,case_033,C01,include,ok
lfm26,3,3,case_033,C02,include,ok
lfm26,3,3,case_033,C03,include,ok
lfm26,3,3,case_033,C04,exclude,ok
lfm26,3,3,case_033,C05,exclude,ok
lfm26,3,3,case_033,C06,exclude,ok
lfm26,3,3,case_033,C07,exclude,ok
lfm26,3,3,case_033,C08,exclude,ok
lfm26,3,3,case_033,C09,exclude,ok
lfm26,3,3,case_033,C10,exclude,ok
lfm26,3,3,case_034,C01,exclude,ok
lfm26,3,3,case_034,C02,exclude,ok
lfm26,3,3,case_034,C03,exclude,ok
lfm26,3,3,case_034,C04,exclude,ok
lfm26,3,3,case_034,C05,exclude,ok
lfm26,3,3,case_034,C06,include,ok
lfm26,3,3,case_034,C07,exclude,ok
lfm26,3,3,case_034,C08,exclude,ok
lfm26,3,3,case_034,C09,exclude,ok
lfm26,3,3,case_034,C10,include,ok
lfm26,3,3,case_035,C01,exclude,ok
lfm26,3,3,case_035,C02,include,ok
lfm26,3,3,case_035,C03,exclude,ok
lfm26,3,3,case_035,C04,exclude,ok
lfm26,3,3,case_035,C05,exclude,ok
lfm26,3,3,case_035,C06,exclude,ok
lfm26,3,3,case_035,C07,exclude,ok
lfm26,3,3,case_035,C08,exclude,ok
lfm26,3,3,case_035,C09,exclude,ok
lfm26,3,3,case_035,C10,exclude,ok
lfm26,3,3,case_036,C01,exclude,ok
lfm26,3,3,case_036,C02,include,ok
lfm26,3,3,case_036,C03,include,ok
lfm26,3,3,case_036,C04,exclude,ok
lfm26,3,3,case_036,C05,exclude,ok
lfm26,3,3,case_036,C06,exclude,ok
lfm26,3,3,case_036,C07,exclude,ok
lfm26,3,3,case_036,C08,include,ok
lfm26,3,3,case_036,C09,include,ok
lfm26,3,3,case_036,C10,exclude,ok
lfm26,3,3,case_037,C01,include,ok
lfm26,3,3,case_037,C02,include,ok
lfm26,3,3,case_037,C03,include,ok
lfm26,3,3,case_037,C04,include,ok
lfm26,3,3,case_037,C05,include,ok
lfm26,3,3,case_037,C06,exclude,ok
lfm26,3,3,case_037,C07,include,ok
lfm26,3,3,case_037,C08,exclude,ok
lfm26,3,3,case_037,C09,include,ok
lfm26,3,3,case_037,C10,include,ok
lfm26,3,3,case_038,C01,exclude,ok
lfm26,3,3,case_038,C02,include,ok
lfm26,3,3,case_038,C03,exclude,ok
lfm26,3,3,case_038,C04,include,ok
lfm26,3,3,case_038,C05,exclude,ok
lfm26,3,3,case_038,C06,exclude,ok
lfm26,3,3,case_038,C07,exclude,ok
lfm26,3,3,case_038,C08,include,ok
lfm26,3,3,case_038,C09,exclude,ok
lfm26,3,3,case_038,C10,exclude,ok
lfm26,3,3,case_039,C01,exclude,ok
lfm26,3,3,case_039,C02,include,ok
lfm26,3,3,case_039,C03,exclude,ok
lfm26,3,3,case_039,C04,exclude,ok
lfm26,3,3,case_039,C05,exclude,ok
lfm26,3,3,case_039,C06,exclude,ok
lfm26,3,3,case_039,C07,exclude,ok
lfm26,3,3,case_039,C08,exclude,ok
lfm26,3,3,case_039,C09,exclude,ok
lfm26,3,3,case_039,C10,exclude,ok
lfm26,3,3,case_040,C01,include,ok
lfm26,3,3,case_040,C02,include,ok
lfm26,3,3,case_040,C03,include,ok
lfm26,3,3,case_040,C04,include,ok
lfm26,3,3,case_040,C05,include,ok
lfm26,3,3,case_040,C06,include,ok
lfm26,3,3,case_040,C07,include,ok
lfm26,3,3,case_040,C08,include,ok
lfm26,3,3,case_040,C09,include,ok
lfm26,3,3,case_040,C10,include,ok
lfm26,3,3,case_041,C01,exclude,ok
lfm26,3,3,case_041,C02,include,ok
lfm26,3,3,case_041,C03,include,ok
lfm26,3,3,case_041,C04,exclude,ok
lfm26,3,3,case_041,C05,include,ok
lfm26,3,3,case_041,C06,exclude,ok
lfm26,3,3,case_041,C07,exclude,ok
lfm26,3,3,case_041,C08,include,ok
lfm26,3,3,case_041,C09,include,ok
lfm26,3,3,case_041,C10,exclude,ok
lfm26,3,3,case_042,C01,include,ok
lfm26,3,3,case_042,C02,exclude,ok
lfm26,3,3,case_042,C03,include,ok
lfm26,3,3,case_042,C04,exclude,ok
lfm26,3,3,case_042,C05,exclude,ok
lfm26,3,3,case_042,C06,exclude,ok
lfm26,3,3,case_042,C07,exclude,ok
lfm26,3,3,case_042,C08,exclude,ok
lfm26,3,3,case_042,C09,exclude,ok
lfm26,3,3,case_042,C10,include,ok
lfm26,3,3,case_043,C01,include,ok
lfm26,3,3,case_043,C02,include,ok
lfm26,3,3,case_043,C03,include,ok
lfm26,3,3,case_043,C04,include,ok
lfm26,3,3,case_043,C05,exclude,ok
lfm26,3,3,case_043,C06,include,ok
lfm26,3,3,case_043,C07,exclude,ok
lfm26,3,3,case_043,C08,include,ok
lfm26,3,3,case_043,C09,include,ok
lfm26,3,3,case_043,C10,exclude,ok
lfm26,3,3,case_044,C01,include,ok
lfm26,3,3,case_044,C02,include,ok
lfm26,3,3,case_044,C03,include,ok
lfm26,3,3,case_044,C04,include,ok
lfm26,3,3,case_044,C05,include,ok
lfm26,3,3,case_044,C06,include,ok
lfm26,3,3,case_044,C07,exclude,ok
lfm26,3,3,case_044,C08,include,ok
lfm26,3,3,case_044,C09,exclude,ok
lfm26,3,3,case_044,C10,exclude,ok
lfm26,3,3,case_045,C01,exclude,ok
lfm26,3,3,case_045,C02,exclude,ok
lfm26,3,3,case_045,C03,exclude,ok
lfm26,3,3,case_045,C04,exclude,ok
lfm26,3,3,case_045,C05,include,ok
lfm26,3,3,case_045,C06,exclude,ok
lfm26,3,3,case_045,C07,exclude,ok
lfm26,3,3,case_045,C08,include,ok
lfm26,3,3,case_045,C09,exclude,ok
lfm26,3,3,case_045,C10,exclude,ok
lfm26,3,3,case_046,C01,include,ok
lfm26,3,3,case_046,C02,include,ok
lfm26,3,3,case_046,C03,include,ok
lfm26,3,3,case_046,C04,exclude,ok
lfm26,3,3,case_046,C05,include,ok
lfm26,3,3,case_046,C06,include,ok
lfm26,3,3,case_046,C07,include,ok
lfm26,3,3,case_046,C08,include,ok
lfm26,3,3,case_046,C09,include,ok
lfm26,3,3,case_046,C10,include,ok
lfm26,3,3,case_047,C01,include,ok
lfm26,3,3,case_047,C02,exclude,ok
lfm26,3,3,case_047,C03,exclude,ok
lfm26,3,3,case_047,C04,exclude,ok
lfm26,3,3,case_047,C05,exclude,ok
lfm26,3,3,case_047,C06,include,ok
lfm26,3,3,case_047,C07,include,ok
lfm26,3,3,case_047,C08,include,ok
lfm26,3,3,case_047,C09,exclude,ok
lfm26,3,3,case_047,C10,exclude,ok
lfm26,3,3,case_048,C01,exclude,ok
lfm26,3,3,case_048,C02,include,ok
lfm26,3,3,case_048,C03,include,ok
lfm26,3,3,case_048,C04,include,ok
lfm26,3,3,case_048,C05,include,ok
lfm26,3,3,case_048,C06,include,ok
lfm26,3,3,case_048,C07,exclude,ok
lfm26,3,3,case_048,C08,include,ok
lfm26,3,3,case_048,C09,include,ok
lfm26,3,3,case_048,C10,include,ok
lfm26,3,3,case_049,C01,include,ok
lfm26,3,3,case_049,C02,exclude,ok
lfm26,3,3,case_049,C03,exclude,ok
lfm26,3,3,case_049,C04,include,ok
lfm26,3,3,case_049,C05,exclude,ok
lfm26,3,3,case_049,C06,exclude,ok
lfm26,3,3,case_049,C07,exclude,ok
lfm26,3,3,case_049,C08,include,ok
lfm26,3,3,case_049,C09,include,ok
lfm26,3,3,case_049,C10,exclude,ok
lfm26,3,3,case_050,C01,include,ok
lfm26,3,3,case_050,C02,exclude,ok
lfm26,3,3,case_050,C03,exclude,ok
lfm26,3,3,case_050,C04,exclude,ok
lfm26,3,3,case_050,C05,exclude,ok
lfm26,3,3,case_050,C06,exclude,ok
lfm26,3,3,case_050,C07,exclude,ok
lfm26,3,3,case_050,C08,include,ok
lfm26,3,3,case_050,C09,exclude,ok
lfm26,3,3,case_050,C10,exclude,ok
lfm26,3,3,case_051,C01,exclude,ok
lfm26,3,3,case_051,C02,exclude,ok
lfm26,3,3,case_051,C03,exclude,ok
lfm26,3,3,case_051,C04,exclude,ok
lfm26,3,3,case_051,C05,exclude,ok
lfm26,3,3,case_051,C06,exclude,ok
lfm26,3,3,case_051,C07,exclude,ok
lfm26,3,3,case_051,C08,exclude,ok
lfm26,3,3,case_051,C09,exclude,ok
lfm26,3,3,case_051,C10,exclude,ok
lfm26,3,3,case_052,C01,exclude,ok
lfm26,3,3,case_052,C02,exclude,ok
lfm26,3,3,case_052,C03,exclude,ok
lfm26,3,3,case_052,C04,exclude,ok
lfm26,3,3,case_052,C05,exclude,ok
lfm26,3,3,case_052,C06,exclude,ok
lfm26,3,3,case_052,C07,exclude,ok
lfm26,3,3,case_052,C08,exclude,ok
lfm26,3,3,case_052,C09,exclude,ok
lfm26,3,3,case_052,C10,exclude,ok
lfm26,3,3,case_053,C01,exclude,ok
lfm26,3,3,case_053,C02,include,ok
lfm26,3,3,case_053,C03,exclude,ok
lfm26,3,3,case_053,C04,exclude,ok
lfm26,3,3,case_053,C05,include,ok
lfm26,3,3,case_053,C06,include,ok
lfm26,3,3,case_053,C07,include,ok
lfm26,3,3,case_053,C08,include,ok
lfm26,3,3,case_053,C09,exclude,ok
lfm26,3,3,case_053,C10,exclude,ok
lfm26,3,3,case_054,C01,exclude,ok
lfm26,3,3,case_054,C02,exclude,ok
lfm26,3,3,case_054,C03,exclude,ok
lfm26,3,3,case_054,C04,exclude,ok
lfm26,3,3,case_054,C05,include,ok
lfm26,3,3,case_054,C06,exclude,ok
lfm26,3,3,case_054,C07,exclude,ok
lfm26,3,3,case_054,C08,exclude,ok
lfm26,3,3,case_054,C09,exclude,ok
lfm26,3,3,case_054,C10,exclude,ok
lfm26,3,3,case_055,C01,exclude,ok
lfm26,3,3,case_055,C02,exclude,ok
lfm26,3,3,case_055,C03,exclude,ok
lfm26,3,3,case_055,C04,exclude,ok
lfm26,3,3,case_055,C05,exclude,ok
lfm26,3,3,case_055,C06,exclude,ok
lfm26,3,3,case_055,C07,exclude,ok
lfm26,3,3,case_055,C08,exclude,ok
lfm26,3,3,case_055,C09,exclude,ok
lfm26,3,3,case_055,C10,exclude,ok
lfm26,3,3,case_056,C01,exclude,ok
lfm26,3,3,case_056,C02,exclude,ok
lfm26,3,3,case_056,C03,exclude,ok
lfm26,3,3,case_056,C04,exclude,ok
lfm26,3,3,case_056,C05,exclude,ok
lfm26,3,3,case_056,C06,exclude,ok
lfm26,3,3,case_056,C07,exclude,ok
lfm26,3,3,case_056,C08,exclude,ok
lfm26,3,3,case_056,C09,exclude,ok
lfm26,3,3,case_056,C10,exclude,ok
lfm26,3,3,case_057,C01,exclude,ok
lfm26,3,3,case_057,C02,exclude,ok
lfm26,3,3,case_057,C03,include,ok
lfm26,3,3,case_057,C04,include,ok
lfm26,3,3,case_057,C05,exclude,ok
lfm26,3,3,case_057,C06,include,ok
lfm26,3,3,case_057,C07,include,ok
lfm26,3,3,case_057,C08,exclude,ok
lfm26,3,3,case_057,C09,exclude,ok
lfm26,3,3,case_057,C10,exclude,ok
lfm26,3,3,case_058,C01,include,ok
lfm26,3,3,case_058,C02,exclude,ok
lfm26,3,3,case_058,C03,include,ok
lfm26,3,3,case_058,C04,include,ok
lfm26,3,3,case_058,C05,include,ok
lfm26,3,3,case_058,C06,exclude,ok
lfm26,3,3,case_058,C07,include,ok
lfm26,3,3,case_058,C08,exclude,ok
lfm26,3,3,case_058,C09,exclude,ok
lfm26,3,3,case_058,C10,include,ok
lfm26,3,3,case_059,C01,include,ok
lfm26,3,3,case_059,C02,include,ok
lfm26,3,3,case_059,C03,include,ok
lfm26,3,3,case_059,C04,include,ok
lfm26,3,3,case_059,C05,include,ok
lfm26,3,3,case_059,C06,include,ok
lfm26,3,3,case_059,C07,include,ok
lfm26,3,3,case_059,C08,include,ok
lfm26,3,3,case_059,C09,exclude,ok
lfm26,3,3,case_059,C10,exclude,ok
lfm26,3,3,case_060,C01,include,ok
lfm26,3,3,case_060,C02,include,ok
lfm26,3,3,case_060,C03,include,ok
lfm26,3,3,case_060,C04,exclude,ok
lfm26,3,3,case_060,C05,exclude,ok
lfm26,3,3,case_060,C06,exclude,ok
lfm26,3,3,case_060,C07,exclude,ok
lfm26,3,3,case_060,C08,exclude,ok
lfm26,3,3,case_060,C09,exclude,ok
lfm26,3,3,case_060,C10,exclude,ok
lfm26,3,3,case_061,C01,include,ok
lfm26,3,3,case_061,C02,include,ok
lfm26,3,3,case_061,C03,include,ok
lfm26,3,3,case_061,C04,include,ok
lfm26,3,3,case_061,C05,exclude,ok
lfm26,3,3,case_061,C06,include,ok
lfm26,3,3,case_061,C07,include,ok
lfm26,3,3,case_061,C08,exclude,ok
lfm26,3,3,case_061,C09,exclude,ok
lfm26,3,3,case_061,C10,exclude,ok
lfm26,3,3,case_062,C01,exclude,ok
lfm26,3,3,case_062,C02,exclude,ok
lfm26,3,3,case_062,C03,exclude,ok
lfm26,3,3,case_062,C04,exclude,ok
lfm26,3,3,case_062,C05,include,ok
lfm26,3,3,case_062,C06,include,ok
lfm26,3,3,case_062,C07,include,ok
lfm26,3,3,case_062,C08,exclude,ok
lfm26,3,3,case_062,C09,include,ok
lfm26,3,3,case_062,C10,include,ok
lfm26,3,3,case_063,C01,exclude,ok
lfm26,3,3,case_063,C02,exclude,ok
lfm26,3,3,case_063,C03,exclude,ok
lfm26,3,3,case_063,C04,exclude,ok
lfm26,3,3,case_063,C05,include,ok
lfm26,3,3,case_063,C06,include,ok
lfm26,3,3,case_063,C07,exclude,ok
lfm26,3,3,case_063,C08,exclude,ok
lfm26,3,3,case_063,C09,include,ok
lfm26,3,3,case_063,C10,exclude,ok
lfm26,3,3,case_064,C01,exclude,ok
lfm26,3,3,case_064,C02,exclude,ok
lfm26,3,3,case_064,C03,exclude,ok
lfm26,3,3,case_064,C04,include,ok
lfm26,3,3,case_064,C05,exclude,ok
lfm26,3,3,case_064,C06,exclude,ok
lfm26,3,3,case_064,C07,exclude,ok
lfm26,3,3,case_064,C08,include,ok
lfm26,3,3,case_064,C09,exclude,ok
lfm26,3,3,case_064,C10,exclude,ok
lfm26,3,3,case_065,C01,exclude,ok
lfm26,3,3,case_065,C02,exclude,ok
lfm26,3,3,case_065,C03,exclude,ok
lfm26,3,3,case_065,C04,include,ok
lfm26,3,3,case_065,C05,include,ok
lfm26,3,3,case_065,C06,include,ok
lfm26,3,3,case_065,C07,exclude,ok
lfm26,3,3,case_065,C08,exclude,ok
lfm26,3,3,case_065,C09,include,ok
lfm26,3,3,case_065,C10,exclude,ok
lfm26,3,3,case_066,C01,exclude,ok
lfm26,3,3,case_066,C02,exclude,ok
lfm26,3,3,case_066,C03,exclude,ok
lfm26,3,3,case_066,C04,exclude,ok
lfm26,3,3,case_066,C05,exclude,ok
lfm26,3,3,case_066,C06,exclude,ok
lfm26,3,3,case_066,C07,include,ok
lfm26,3,3,case_066,C08,exclude,ok
lfm26,3,3,case_066,C09,exclude,ok
lfm26,3,3,case_066,C10,exclude,ok
lfm26,3,3,case_067,C01,include,ok
lfm26,3,3,case_067,C02,include,ok
lfm26,3,3,case_067,C03,exclude,ok
lfm26,3,3,case_067,C04,exclude,ok
lfm26,3,3,case_067,C05,include,ok
lfm26,3,3,case_067,C06,exclude,ok
lfm26,3,3,case_067,C07,include,ok
lfm26,3,3,case_067,C08,include,ok
lfm26,3,3,case_067,C09,include,ok
lfm26,3,3,case_067,C10,exclude,ok
lfm26,3,3,case_068,C01,include,ok
lfm26,3,3,case_068,C02,exclude,ok
lfm26,3,3,case_068,C03,exclude,ok
lfm26,3,3,case_068,C04,exclude,ok
lfm26,3,3,case_068,C05,exclude,ok
lfm26,3,3,case_068,C06,exclude,ok
lfm26,3,3,case_068,C07,exclude,ok
lfm26,3,3,case_068,C08,exclude,ok
lfm26,3,3,case_068,C09,exclude,ok
lfm26,3,3,case_068,C10,exclude,ok
lfm26,3,3,case_069,C01,include,ok
lfm26,3,3,case_069,C02,include,ok
lfm26,3,3,case_069,C03,include,ok
lfm26,3,3,case_069,C04,include,ok
lfm26,3,3,case_069,C05,exclude,ok
lfm26,3,3,case_069,C06,include,ok
lfm26,3,3,case_069,C07,exclude,ok
lfm26,3,3,case_069,C08,include,ok
lfm26,3,3,case_069,C09,exclude,ok
lfm26,3,3,case_069,C10,exclude,ok
lfm26,3,3,case_070,C01,include,ok
lfm26,3,3,case_070,C02,include,ok
lfm26,3,3,case_070,C03,exclude,ok
lfm26,3,3,case_070,C04,exclude,ok
lfm26,3,3,case_070,C05,include,ok
lfm26,3,3,case_070,C06,include,ok
lfm26,3,3,case_070,C07,include,ok
lfm26,3,3,case_070,C08,exclude,ok
lfm26,3,3,case_070,C09,include,ok
lfm26,3,3,case_070,C10,exclude,ok
lfm26,3,3,case_071,C01,exclude,ok
lfm26,3,3,case_071,C02,exclude,ok
lfm26,3,3,case_071,C03,exclude,ok
lfm26,3,3,case_071,C04,exclude,ok
lfm26,3,3,case_071,C05,include,ok
lfm26,3,3,case_071,C06,exclude,ok
lfm26,3,3,case_071,C07,exclude,ok
lfm26,3,3,case_071,C08,exclude,ok
lfm26,3,3,case_071,C09,exclude,ok
lfm26,3,3,case_071,C10,exclude,ok
lfm26,3,3,case_072,C01,include,ok
lfm26,3,3,case_072,C02,include,ok
lfm26,3,3,case_072,C03,include,ok
lfm26,3,3,case_072,C04,include,ok
lfm26,3,3,case_072,C05,exclude,ok
lfm26,3,3,case_072,C06,include,ok
lfm26,3,3,case_072,C07,include,ok
lfm26,3,3,case_072,C08,exclude,ok
lfm26,3,3,case_072,C09,exclude,ok
lfm26,3,3,case_072,C10,exclude,ok
lfm26,3,3,case_073,C01,include,ok
lfm26,3,3,case_073,C02,include,ok
lfm26,3,3,case_073,C03,include,ok
lfm26,3,3,case_073,C04,include,ok
lfm26,3,3,case_073,C05,include,ok
lfm26,3,3,case_073,C06,exclude,ok
lfm26,3,3,case_073,C07,include,ok
lfm26,3,3,case_073,C08,exclude,ok
lfm26,3,3,case_073,C09,exclude,ok
lfm26,3,3,case_073,C10,exclude,ok
lfm26,3,3,case_074,C01,exclude,ok
lfm26,3,3,case_074,C02,exclude,ok
lfm26,3,3,case_074,C03,exclude,ok
lfm26,3,3,case_074,C04,include,ok
lfm26,3,3,case_074,C05,exclude,ok
lfm26,3,3,case_074,C06,exclude,ok
lfm26,3,3,case_074,C07,exclude,ok
lfm26,3,3,case_074,C08,exclude,ok
lfm26,3,3,case_074,C09,exclude,ok
lfm26,3,3,case_074,C10,exclude,ok
lfm26,3,3,case_075,C01,exclude,ok
lfm26,3,3,case_075,C02,exclude,ok
lfm26,3,3,case_075,C03,exclude,ok
lfm26,3,3,case_075,C04,exclude,ok
lfm26,3,3,case_075,C05,exclude,ok
lfm26,3,3,case_075,C06,exclude,ok
lfm26,3,3,case_075,C07,exclude,ok
lfm26,3,3,case_075,C08,include,ok
lfm26,3,3,case_075,C09,include,ok
lfm26,3,3,case_075,C10,exclude,ok
lfm26,3,3,case_076,C01,exclude,ok
lfm26,3,3,case_076,C02,exclude,ok
lfm26,3,3,case_076,C03,exclude,ok
lfm26,3,3,case_076,C04,exclude,ok
lfm26,3,3,case_076,C05,exclude,ok
lfm26,3,3,case_076,C06,exclude,ok
lfm26,3,3,case_076,C07,exclude,ok
lfm26,3,3,case_076,C08,exclude,ok
lfm26,3,3,case_076,C09,exclude,ok
lfm26,3,3,case_076,C10,exclude,ok
lfm26,3,3,case_077,C01,exclude,ok
lfm26,3,3,case_077,C02,exclude,ok
lfm26,3,3,case_077,C03,exclude,ok
lfm26,3,3,case_077,C04,exclude,ok
lfm26,3,3,case_077,C05,exclude,ok
lfm26,3,3,case_077,C06,exclude,ok
lfm26,3,3,case_077,C07,exclude,ok
lfm26,3,3,case_077,C08,include,ok
lfm26,3,3,case_077,C09,include,ok
lfm26,3,3,case_077,C10,include,ok
lfm26,3,3,case_078,C01,include,ok
lfm26,3,3,case_078,C02,include,ok
lfm26,3,3,case_078,C03,include,ok
lfm26,3,3,case_078,C04,include,ok
lfm26,3,3,case_078,C05,include,ok
lfm26,3,3,case_078,C06,include,ok
lfm26,3,3,case_078,C07,include,ok
lfm26,3,3,case_078,C08,exclude,ok
lfm26,3,3,case_078,C09,include,ok
lfm26,3,3,case_078,C10,include,ok
lfm26,3,3,case_079,C01,exclude,ok
lfm26,3,3,case_079,C02,include,ok
lfm26,3,3,case_079,C03,include,ok
lfm26,3,3,case_079,C04,exclude,ok
lfm26,3,3,case_079,C05,exclude,ok
lfm26,3,3,case_079,C06,include,ok
lfm26,3,3,case_079,C07,exclude,ok
lfm26,3,3,case_079,C08,exclude,ok
lfm26,3,3,case_079,C09,exclude,ok
lfm26,3,3,case_079,C10,exclude,ok
lfm26,3,3,case_080,C01,include,ok
lfm26,3,3,case_080,C02,exclude,ok
lfm26,3,3,case_080,C03,exclude,ok
lfm26,3,3,case_080,C04,exclude,ok
lfm26,3,3,case_080,C05,exclude,ok
lfm26,3,3,case_080,C06,exclude,ok
lfm26,3,3,case_080,C07,exclude,ok
lfm26,3,3,case_080,C08,exclude,ok
lfm26,3,3,case_080,C09,exclude,ok
lfm26,3,3,case_080,C10,exclude,ok
lfm26,3,3,case_081,C01,exclude,ok
lfm26,3,3,case_081,C02,include,ok
lfm26,3,3,case_081,C03,exclude,ok
lfm26,3,3,case_081,C04,exclude,ok
lfm26,3,3,case_081,C05,exclude,ok
lfm26,3,3,case_081,C06,include,ok
lfm26,3,3,case_081,C07,exclude,ok
lfm26,3,3,case_081,C08,exclude,ok
lfm26,3,3,case_081,C09,exclude,ok
lfm26,3,3,case_081,C10,exclude,ok
lfm26,3,3,case_082,C01,include,ok
lfm26,3,3,case_082,C02,include,ok
lfm26,3,3,case_082,C03,include,ok
lfm26,3,3,case_082,C04,include,ok
lfm26,3,3,case_082,C05,include,ok
lfm26,3,3,case_082,C06,include,ok
lfm26,3,3,case_082,C07,include,ok
lfm26,3,3,case_082,C08,include,ok
lfm26,3,3,case_082,C09,include,ok
lfm26,3,3,case_082,C10,include,ok
lfm26,3,3,case_083,C01,include,ok
lfm26,3,3,case_083,C02,exclude,ok
lfm26,3,3,case_083,C03,exclude,ok
lfm26,3,3,case_083,C04,include,ok
lfm26,3,3,case_083,C05,exclude,ok
lfm26,3,3,case_083,C06,exclude,ok
lfm26,3,3,case_083,C07,exclude,ok
lfm26,3,3,case_083,C08,exclude,ok
lfm26,3,3,case_083,C09,exclude,ok
lfm26,3,3,case_083,C10,include,ok
lfm26,3,3,case_084,C01,exclude,ok
lfm26,3,3,case_084,C02,include,ok
lfm26,3,3,case_084,C03,exclude,ok
lfm26,3,3,case_084,C04,exclude,ok
lfm26,3,3,case_084,C05,exclude,ok
lfm26,3,3,case_084,C06,exclude,ok
lfm26,3,3,case_084,C07,exclude,ok
lfm26,3,3,case_084,C08,include,ok
lfm26,3,3,case_084,C09,exclude,ok
lfm26,3,3,case_084,C10,exclude,ok
lfm26,3,3,case_085,C01,exclude,ok
lfm26,3,3,case_085,C02,exclude,ok
lfm26,3,3,case_085,C03,exclude,ok
lfm26,3,3,case_085,C04,exclude,ok
lfm26,3,3,case_085,C05,exclude,ok
lfm26,3,3,case_085,C06,exclude,ok
lfm26,3,3,case_085,C07,exclude,ok
lfm26,3,3,case_085,C08,exclude,ok
lfm26,3,3,case_085,C09,include,ok
lfm26,3,3,case_085,C10,exclude,ok
lfm26,3,3,case_086,C01,exclude,ok
lfm26,3,3,case_086,C02,exclude,ok
lfm26,3,3,case_086,C03,exclude,ok
lfm26,3,3,case_086,C04,exclude,ok
lfm26,3,3,case_086,C05,include,ok
lfm26,3,3,case_086,C06,exclude,ok
lfm26,3,3,case_086,C07,exclude,ok
lfm26,3,3,case_086,C08,exclude,ok
lfm26,3,3,case_086,C09,exclude,ok
lfm26,3,3,case_086,C10,exclude,ok
lfm26,3,3,case_087,C01,include,ok
lfm26,3,3,case_087,C02,include,ok
lfm26,3,3,case_087,C03,exclude,ok
lfm26,3,3,case_087,C04,exclude,ok
lfm26,3,3,case_087,C05,include,ok
lfm26,3,3,case_087,C06,include,ok
lfm26,3,3,case_087,C07,include,ok
lfm26,3,3,case_087,C08,exclude,ok
lfm26,3,3,case_087,C09,include,ok
lfm26,3,3,case_087,C10,include,ok
lfm26,3,3,case_088,C01,exclude,ok
lfm26,3,3,case_088,C02,exclude,ok
lfm26,3,3,case_088,C03,exclude,ok
lfm26,3,3,case_088,C04,exclude,ok
lfm26,3,3,case_088,C05,exclude,ok
lfm26,3,3,case_088,C06,exclude,ok
lfm26,3,3,case_088,C07,exclude,ok
lfm26,3,3,case_088,C08,exclude,ok
lfm26,3,3,case_088,C09,exclude,ok
lfm26,3,3,case_088,C10,exclude,ok
lfm26,3,3,case_089,C01,include,ok
lfm26,3,3,case_089,C02,exclude,ok
lfm26,3,3,case_089,C03,include,ok
lfm26,3,3,case_089,C04,exclude,ok
lfm26,3,3,case_089,C05,include,ok
lfm26,3,3,case_089,C06,exclude,ok
lfm26,3,3,case_089,C07,exclude,ok
lfm26,3,3,case_089,C08,include,ok
lfm26,3,3,case_089,C09,include,ok
lfm26,3,3,case_089,C10,exclude,ok
lfm26,3,3,case_090,C01,include,ok
lfm26,3,3,case_090,C02,include,ok
lfm26,3,3,case_090,C03,include,ok
lfm26,3,3,case_090,C04,exclude,ok
lfm26,3,3,case_090,C05,exclude,ok
lfm26,3,3,case_090,C06,exclude,ok
lfm26,3,3,case_090,C07,include,ok
lfm26,3,3,case_090,C08,exclude,ok
lfm26,3,3,case_090,C09,exclude,ok
lfm26,3,3,case_090,C10,exclude,ok
lfm26,3,3,case_091,C01,exclude,ok
lfm26,3,3,case_091,C02,exclude,ok
lfm26,3,3,case_091,C03,exclude,ok
lfm26,3,3,case_091,C04,exclude,ok
lfm26,3,3,case_091,C05,exclude,ok
lfm26,3,3,case_091,C06,exclude,ok
lfm26,3,3,case_091,C07,exclude,ok
lfm26,3,3,case_091,C08,exclude,ok
lfm26,3,3,case_091,C09,exclude,ok
lfm26,3,3,case_091,C10,exclude,ok
lfm26,3,3,case_092,C01,exclude,ok
lfm26,3,3,case_092,C02,exclude,ok
lfm26,3,3,case_092,C03,exclude,ok
lfm26,3,3,case_092,C04,include,ok
lfm26,3,3,case_092,C05,exclude,ok
lfm26,3,3,case_092,C06,exclude,ok
lfm26,3,3,case_092,C07,exclude,ok
lfm26,3,3,case_092,C08,exclude,ok
lfm26,3,3,case_092,C09,include,ok
lfm26,3,3,case_092,C10,include,ok
lfm26,3,3,case_093,C01,exclude,ok
lfm26,3,3,case_093,C02,include,ok
lfm26,3,3,case_093,C03,exclude,ok
lfm26,3,3,case_093,C04,exclude,ok
lfm26,3,3,case_093,C05,include,ok
lfm26,3,3,case_093,C06,exclude,ok
lfm26,3,3,case_093,C07,include,ok
lfm26,3,3,case_093,C08,exclude,ok
lfm26,3,3,case_093,C09,exclude,ok
lfm26,3,3,case_093,C10,exclude,ok
lfm26,3,3,case_094,C01,include,ok
lfm26,3,3,case_094,C02,include,ok
lfm26,3,3,case_094,C03,include,ok
lfm26,3,3,case_094,C04,exclude,ok
lfm26,3,3,case_094,C05,include,ok
lfm26,3,3,case_094,C06,include,ok
lfm26,3,3,case_094,C07,include,ok
lfm26,3,3,case_094,C08,exclude,ok
lfm26,3,3,case_094,C09,exclude,ok
lfm26,3,3,case_094,C10,include,ok
lfm26,3,3,case_095,C01,exclude,ok
lfm26,3,3,case_095,C02,exclude,ok
lfm26,3,3,case_095,C03,exclude,ok
lfm26,3,3,case_095,C04,exclude,ok
lfm26,3,3,case_095,C05,exclude,ok
lfm26,3,3,case_095,C06,exclude,ok
lfm26,3,3,case_095,C07,exclude,ok
lfm26,3,3,case_095,C08,exclude,ok
lfm26,3,3,case_095,C09,include,ok
lfm26,3,3,case_095,C10,exclude,ok
lfm26,3,3,case_096,C01,include,ok
lfm26,3,3,case_096,C02,exclude,ok
lfm26,3,3,case_096,C03,include,ok
lfm26,3,3,case_096,C04,include,ok
lfm26,3,3,case_096,C05,exclude,ok
lfm26,3,3,case_096,C06,include,ok
lfm26,3,3,case_096,C07,include,ok
lfm26,3,3,case_096,C08,include,ok
lfm26,3,3,case_096,C09,exclude,ok
lfm26,3,3,case_096,C10,exclude,ok
lfm26,3,3,case_097,C01,exclude,ok
lfm26,3,3,case_097,C02,exclude,ok
lfm26,3,3,case_097,C03,exclude,ok
lfm26,3,3,case_097,C04,exclude,ok
lfm26,3,3,case_097,C05,exclude,ok
lfm26,3,3,case_097,C06,exclude,ok
lfm26,3,3,case_097,C07,include,ok
lfm26,3,3,case_097,C08,exclude,ok
lfm26,3,3,case_097,C09,exclude,ok
lfm26,3,3,case_097,C10,exclude,ok
lfm26,3,3,case_098,C01,include,ok
lfm26,3,3,case_098,C02,exclude,ok
lfm26,3,3,case_098,C03,include,ok
lfm26,3,3,case_098,C04,include,ok
lfm26,3,3,case_098,C05,include,ok
lfm26,3,3,case_098,C06,exclude,ok
lfm26,3,3,case_098,C07,include,ok
lfm26,3,3,case_098,C08,include,ok
lfm26,3,3,case_098,C09,exclude,ok
lfm26,3,3,case_098,C10,exclude,ok
lfm26,3,3,case_099,C01,include,ok
lfm26,3,3,case_099,C02,include,ok
lfm26,3,3,case_099,C03,include,ok
lfm26,3,3,case_099,C04,exclude,ok
lfm26,3,3,case_099,C05,include,ok
lfm26,3,3,case_099,C06,include,ok
lfm26,3,3,case_099,C07,include,ok
lfm26,3,3,case_099,C08,include,ok
lfm26,3,3,case_099,C09,include,ok
lfm26,3,3,case_099,C10,include,ok
lfm26,3,3,case_100,C01,exclude,ok
lfm26,3,3,case_100,C02,exclude,ok
lfm26,3,3,case_100,C03,exclude,ok
lfm26,3,3,case_100,C04,include,ok
lfm26,3,3,case_100,C05,include,ok
lfm26,3,3,case_100,C06,exclude,ok
lfm26,3,3,case_100,C07,include,ok
lfm26,3,3,case_100,C08,exclude,ok
lfm26,3,3,case_100,C09,exclude,ok
lfm26,3,3,case_100,C10,exclude,ok
qwen,1,1,case_001,C01,exclude,ok
qwen,1,1,case_001,C02,include,ok
qwen,1,1,case_001,C03,include,ok
qwen,1,1,case_001,C04,exclude,ok
qwen,1,1,case_001,C05,include,ok
qwen,1,1,case_001,C06,include,ok
qwen,1,1,case_001,C07,include,ok
qwen,1,1,case_001,C08,exclude,ok
qwen,1,1,case_001,C09,exclude,ok
qwen,1,1,case_001,C10,include,ok
qwen,1,1,case_002,C01,exclude,ok
qwen,1,1,case_002,C02,exclude,ok
qwen,1,1,case_002,C03,exclude,ok
qwen,1,1,case_002,C04,exclude,ok
qwen,1,1,case_002,C05,exclude,ok
qwen,1,1,case_002,C06,exclude,ok
qwen,1,1,case_002,C07,exclude,ok
qwen,1,1,case_002,C08,exclude,ok
qwen,1,1,case_002,C09,exclude,ok
qwen,1,1,case_002,C10,exclude,ok
qwen,1,1,case_003,C01,include,ok
qwen,1,1,case_003,C02,include,ok
qwen,1,1,case_003,C03,exclude,ok
qwen,1,1,case_003,C04,include,ok
qwen,1,1,case_003,C05,include,ok
qwen,1,1,case_003,C06,exclude,ok
qwen,1,1,case_003,C07,exclude,ok
qwen,1,1,case_003,C08,exclude,ok
qwen,1,1,case_003,C09,exclude,ok
qwen,1,1,case_003,C10,include,ok
qwen,1,1,case_004,C01,include,ok
qwen,1,1,case_004,C02,exclude,ok
qwen,1,1,case_004,C03,exclude,ok
qwen,1,1,case_004,C04,exclude,ok
qwen,1,1,case_004,C05,include,ok
qwen,1,1,case_004,C06,exclude,ok
qwen,1,1,case_004,C07,include,ok
qwen,1,1,case_004,C08,exclude,ok
qwen,1,1,case_004,C09,exclude,ok
qwen,1,1,case_004,C10,include,ok
qwen,1,1,case_005,C01,exclude,ok
qwen,1,1,case_005,C02,exclude,ok
qwen,1,1,case_005,C03,exclude,ok
qwen,1,1,case_005,C04,exclude,ok
qwen,1,1,case_005,C05,exclude,ok
qwen,1,1,case_005,C06,exclude,ok
qwen,1,1,case_005,C07,exclude,ok
qwen,1,1,case_005,C08,exclude,ok
qwen,1,1,case_005,C09,exclude,ok
qwen,1,1,case_005,C10,exclude,ok
qwen,1,1,case_006,C01,exclude,ok
qwen,1,1,case_006,C02,exclude,ok
qwen,1,1,case_006,C03,exclude,ok
qwen,1,1,case_006,C04,exclude,ok
qwen,1,1,case_006,C05,exclude,ok
qwen,1,1,case_006,C06,exclude,ok
qwen,1,1,case_006,C07,exclude,ok
qwen,1,1,case_006,C08,exclude,ok
qwen,1,1,case_006,C09,exclude,ok
qwen,1,1,case_006,C10,exclude,ok
qwen,1,1,case_007,C01,include,ok
qwen,1,1,case_007,C02,exclude,ok
qwen,1,1,case_007,C03,include,ok
qwen,1,1,case_007,C04,exclude,ok
qwen,1,1,case_007,C05,include,ok
qwen,1,1,case_007,C06,include,ok
qwen,1,1,case_007,C07,include,ok
qwen,1,1,case_007,C08,exclude,ok
qwen,1,1,case_007,C09,exclude,ok
qwen,1,1,case_007,C10,exclude,ok
qwen,1,1,case_008,C01,exclude,ok
qwen,1,1,case_008,C02,exclude,ok
qwen,1,1,case_008,C03,exclude,ok
qwen,1,1,case_008,C04,exclude,ok
qwen,1,1,case_008,C05,include,ok
qwen,1,1,case_008,C06,include,ok
qwen,1,1,case_008,C07,include,ok
qwen,1,1,case_008,C08,include,ok
qwen,1,1,case_008,C09,include,ok
qwen,1,1,case_008,C10,include,ok
qwen,1,1,case_009,C01,include,ok
qwen,1,1,case_009,C02,exclude,ok
qwen,1,1,case_009,C03,include,ok
qwen,1,1,case_009,C04,exclude,ok
qwen,1,1,case_009,C05,exclude,ok
qwen,1,1,case_009,C06,exclude,ok
qwen,1,1,case_009,C07,exclude,ok
qwen,1,1,case_009,C08,exclude,ok
qwen,1,1,case_009,C09,exclude,ok
qwen,1,1,case_009,C10,exclude,ok
qwen,1,1,case_010,C01,include,ok
qwen,1,1,case_010,C02,exclude,ok
qwen,1,1,case_010,C03,include,ok
qwen,1,1,case_010,C04,exclude,ok
qwen,1,1,case_010,C05,include,ok
qwen,1,1,case_010,C06,include,ok
qwen,1,1,case_010,C07,exclude,ok
qwen,1,1,case_010,C08,exclude,ok
qwen,1,1,case_010,C09,include,ok
qwen,1,1,case_010,C10,include,ok
qwen,1,1,case_011,C01,exclude,ok
qwen,1,1,case_011,C02,exclude,ok
qwen,1,1,case_011,C03,exclude,ok
qwen,1,1,case_011,C04,exclude,ok
qwen,1,1,case_011,C05,include,ok
qwen,1,1,case_011,C06,exclude,ok
qwen,1,1,case_011,C07,include,ok
qwen,1,1,case_011,C08,exclude,ok
qwen,1,1,case_011,C09,exclude,ok
qwen,1,1,case_011,C10,exclude,ok
qwen,1,1,case_012,C01,include,ok
qwen,1,1,case_012,C02,exclude,ok
qwen,1,1,case_012,C03,exclude,ok
qwen,1,1,case_012,C04,exclude,ok
qwen,1,1,case_012,C05,exclude,ok
qwen,1,1,case_012,C06,exclude,ok
qwen,1,1,case_012,C07,exclude,ok
qwen,1,1,case_012,C08,exclude,ok
qwen,1,1,case_012,C09,exclude,ok
qwen,1,1,case_012,C10,exclude,ok
qwen,1,1,case_013,C01,include,ok
qwen,1,1,case_013,C02,exclude,ok
qwen,1,1,case_013,C03,exclude,ok
qwen,1,1,case_013,C04,exclude,ok
qwen,1,1,case_013,C05,exclude,ok
qwen,1,1,case_013,C06,exclude,ok
qwen,1,1,case_013,C07,exclude,ok
qwen,1,1,case_013,C08,exclude,ok
qwen,1,1,case_013,C09,exclude,ok
qwen,1,1,case_013,C10,exclude,ok
qwen,1,1,case_014,C01,exclude,ok
qwen,1,1,case_014,C02,exclude,ok
qwen,1,1,case_014,C03,exclude,ok
qwen,1,1,case_014,C04,exclude,ok
qwen,1,1,case_014,C05,exclude,ok
qwen,1,1,case_014,C06,exclude,ok
qwen,1,1,case_014,C07,exclude,ok
qwen,1,1,case_014,C08,include,ok
qwen,1,1,case_014,C09,exclude,ok
qwen,1,1,case_014,C10,exclude,ok
qwen,1,1,case_015,C01,exclude,ok
qwen,1,1,case_015,C02,exclude,ok
qwen,1,1,case_015,C03,exclude,ok
qwen,1,1,case_015,C04,exclude,ok
qwen,1,1,case_015,C05,exclude,ok
qwen,1,1,case_015,C06,exclude,ok
qwen,1,1,case_015,C07,exclude,ok
qwen,1,1,case_015,C08,exclude,ok
qwen,1,1,case_015,C09,exclude,ok
qwen,1,1,case_015,C10,exclude,ok
qwen,1,1,case_016,C01,exclude,ok
qwen,1,1,case_016,C02,include,ok
qwen,1,1,case_016,C03,include,ok
qwen,1,1,case_016,C04,include,ok
qwen,1,1,case_016,C05,include,ok
qwen,1,1,case_016,C06,exclude,ok
qwen,1,1,case_016,C07,include,ok
qwen,1,1,case_016,C08,exclude,ok
qwen,1,1,case_016,C09,exclude,ok
qwen,1,1,case_016,C10,include,ok
qwen,1,1,case_017,C01,exclude,ok
qwen,1,1,case_017,C02,exclude,ok
qwen,1,1,case_017,C03,exclude,ok
qwen,1,1,case_017,C04,exclude,ok
qwen,1,1,case_017,C05,exclude,ok
qwen,1,1,case_017,C06,exclude,ok
qwen,1,1,case_017,C07,exclude,ok
qwen,1,1,case_017,C08,exclude,ok
qwen,1,1,case_017,C09,exclude,ok
qwen,1,1,case_017,C10,exclude,ok
qwen,1,1,case_018,C01,exclude,ok
qwen,1,1,case_018,C02,exclude,ok
qwen,1,1,case_018,C03,exclude,ok
qwen,1,1,case_018,C04,exclude,ok
qwen,1,1,case_018,C05,exclude,ok
qwen,1,1,case_018,C06,exclude,ok
qwen,1,1,case_018,C07,exclude,ok
qwen,1,1,case_018,C08,exclude,ok
qwen,1,1,case_018,C09,exclude,ok
qwen,1,1,case_018,C10,include,ok
qwen,1,1,case_019,C01,exclude,ok
qwen,1,1,case_019,C02,include,ok
qwen,1,1,case_019,C03,include,ok
qwen,1,1,case_019,C04,exclude,ok
qwen,1,1,case_019,C05,exclude,ok
qwen,1,1,case_019,C06,include,ok
qwen,1,1,case_019,C07,include,ok
qwen,1,1,case_019,C08,exclude,ok
qwen,1,1,case_019,C09,exclude,ok
qwen,1,1,case_019,C10,include,ok
qwen,1,1,case_020,C01,exclude,ok
qwen,1,1,case_020,C02,exclude,ok
qwen,1,1,case_020,C03,include,ok
qwen,1,1,case_020,C04,exclude,ok
qwen,1,1,case_020,C05,exclude,ok
qwen,1,1,case_020,C06,exclude,ok
qwen,1,1,case_020,C07,exclude,ok
qwen,1,1,case_020,C08,exclude,ok
qwen,1,1,case_020,C09,exclude,ok
qwen,1,1,case_020,C10,exclude,ok
qwen,1,1,case_021,C01,include,ok
qwen,1,1,case_021,C02,exclude,ok
qwen,1,1,case_021,C03,include,ok
qwen,1,1,case_021,C04,include,ok
qwen,1,1,case_021,C05,exclude,ok
qwen,1,1,case_021,C06,exclude,ok
qwen,1,1,case_021,C07,exclude,ok
qwen,1,1,case_021,C08,include,ok
qwen,1,1,case_021,C09,include,ok
qwen,1,1,case_021,C10,exclude,ok
qwen,1,1,case_022,C01,exclude,ok
qwen,1,1,case_022,C02,exclude,ok
qwen,1,1,case_022,C03,exclude,ok
qwen,1,1,case_022,C04,exclude,ok
qwen,1,1,case_022,C05,exclude,ok
qwen,1,1,case_022,C06,exclude,ok
qwen,1,1,case_022,C07,exclude,ok
qwen,1,1,case_022,C08,exclude,ok
qwen,1,1,case_022,C09,exclude,ok
qwen,1,1,case_022,C10,exclude,ok
qwen,1,1,case_023,C01,include,ok
qwen,1,1,case_023,C02,exclude,ok
qwen,1,1,case_023,C03,include,ok
qwen,1,1,case_023,C04,exclude,ok
qwen,1,1,case_023,C05,exclude,ok
qwen,1,1,case_023,C06,include,ok
qwen,1,1,case_023,C07,include,ok
qwen,1,1,case_023,C08,exclude,ok
qwen,1,1,case_023,C09,include,ok
qwen,1,1,case_023,C10,exclude,ok
qwen,1,1,case_024,C01,exclude,ok
qwen,1,1,case_024,C02,exclude,ok
qwen,1,1,case_024,C03,exclude,ok
qwen,1,1,case_024,C04,exclude,ok
qwen,1,1,case_024,C05,include,ok
qwen,1,1,case_024,C06,exclude,ok
qwen,1,1,case_024,C07,exclude,ok
qwen,1,1,case_024,C08,exclude,ok
qwen,1,1,case_024,C09,exclude,ok
qwen,1,1,case_024,C10,exclude,ok
qwen,1,1,case_025,C01,include,ok
qwen,1,1,case_025,C02,include,ok
qwen,1,1,case_025,C03,include,ok
qwen,1,1,case_025,C04,include,ok
qwen,1,1,case_025,C05,include,ok
qwen,1,1,case_025,C06,include,ok
qwen,1,1,case_025,C07,include,ok
qwen,1,1,case_025,C08,exclude,ok
qwen,1,1,case_025,C09,include,ok
qwen,1,1,case_025,C10,exclude,ok
qwen,1,1,case_026,C01,include,ok
qwen,1,1,case_026,C02,exclude,ok
qwen,1,1,case_026,C03,include,ok
qwen,1,1,case_026,C04,include,ok
qwen,1,1,case_026,C05,include,ok
qwen,1,1,case_026,C06,include,ok
qwen,1,1,case_026,C07,include,ok
qwen,1,1,case_026,C08,include,ok
qwen,1,1,case_026,C09,include,ok
qwen,1,1,case_026,C10,include,ok
qwen,1,1,case_027,C01,exclude,ok
qwen,1,1,case_027,C02,exclude,ok
qwen,1,1,case_027,C03,exclude,ok
qwen,1,1,case_027,C04,exclude,ok
qwen,1,1,case_027,C05,exclude,ok
qwen,1,1,case_027,C06,exclude,ok
qwen,1,1,case_027,C07,exclude,ok
qwen,1,1,case_027,C08,exclude,ok
qwen,1,1,case_027,C09,exclude,ok
qwen,1,1,case_027,C10,exclude,ok
qwen,1,1,case_028,C01,include,ok
qwen,1,1,case_028,C02,include,ok
qwen,1,1,case_028,C03,include,ok
qwen,1,1,case_028,C04,exclude,ok
qwen,1,1,case_028,C05,include,ok
qwen,1,1,case_028,C06,include,ok
qwen,1,1,case_028,C07,include,ok
qwen,1,1,case_028,C08,include,ok
qwen,1,1,case_028,C09,include,ok
qwen,1,1,case_028,C10,include,ok
qwen,1,1,case_029,C01,exclude,ok
qwen,1,1,case_029,C02,exclude,ok
qwen,1,1,case_029,C03,exclude,ok
qwen,1,1,case_029,C04,exclude,ok
qwen,1,1,case_029,C05,exclude,ok
qwen,1,1,case_029,C06,exclude,ok
qwen,1,1,case_029,C07,exclude,ok
qwen,1,1,case_029,C08,exclude,ok
qwen,1,1,case_029,C09,exclude,ok
qwen,1,1,case_029,C10,exclude,ok
qwen,1,1,case_030,C01,exclude,ok
qwen,1,1,case_030,C02,exclude,ok
qwen,1,1,case_030,C03,exclude,ok
qwen,1,1,case_030,C04,exclude,ok
qwen,1,1,case_030,C05,exclude,ok
qwen,1,1,case_030,C06,exclude,ok
qwen,1,1,case_030,C07,exclude,ok
qwen,1,1,case_030,C08,exclude,ok
qwen,1,1,case_030,C09,exclude,ok
qwen,1,1,case_030,C10,exclude,ok
qwen,1,1,case_031,C01,include,ok
qwen,1,1,case_031,C02,include,ok
qwen,1,1,case_031,C03,include,ok
qwen,1,1,case_031,C04,include,ok
qwen,1,1,case_031,C05,include,ok
qwen,1,1,case_031,C06,include,ok
qwen,1,1,case_031,C07,include,ok
qwen,1,1,case_031,C08,include,ok
qwen,1,1,case_031,C09,include,ok
qwen,1,1,case_031,C10,include,ok
qwen,1,1,case_032,C01,include,ok
qwen,1,1,case_032,C02,exclude,ok
qwen,1,1,case_032,C03,exclude,ok
qwen,1,1,case_032,C04,exclude,ok
qwen,1,1,case_032,C05,exclude,ok
qwen,1,1,case_032,C06,exclude,ok
qwen,1,1,case_032,C07,exclude,ok
qwen,1,1,case_032,C08,exclude,ok
qwen,1,1,case_032,C09,exclude,ok
qwen,1,1,case_032,C10,exclude,ok
qwen,1,1,case_033,C01,include,ok
qwen,1,1,case_033,C02,include,ok
qwen,1,1,case_033,C03,exclude,ok
qwen,1,1,case_033,C04,exclude,ok
qwen,1,1,case_033,C05,exclude,ok
qwen,1,1,case_033,C06,exclude,ok
qwen,1,1,case_033,C07,exclude,ok
qwen,1,1,case_033,C08,exclude,ok
qwen,1,1,case_033,C09,exclude,ok
qwen,1,1,case_033,C10,exclude,ok
qwen,1,1,case_034,C01,exclude,ok
qwen,1,1,case_034,C02,exclude,ok
qwen,1,1,case_034,C03,exclude,ok
qwen,1,1,case_034,C04,exclude,ok
qwen,1,1,case_034,C05,exclude,ok
qwen,1,1,case_034,C06,include,ok
qwen,1,1,case_034,C07,exclude,ok
qwen,1,1,case_034,C08,exclude,ok
qwen,1,1,case_034,C09,exclude,ok
qwen,1,1,case_034,C10,exclude,ok
qwen,1,1,case_035,C01,exclude,ok
qwen,1,1,case_035,C02,exclude,ok
qwen,1,1,case_035,C03,exclude,ok
qwen,1,1,case_035,C04,include,ok
qwen,1,1,case_035,C05,exclude,ok
qwen,1,1,case_035,C06,exclude,ok
qwen,1,1,case_035,C07,exclude,ok
qwen,1,1,case_035,C08,exclude,ok
qwen,1,1,case_035,C09,exclude,ok
qwen,1,1,case_035,C10,exclude,ok
qwen,1,1,case_036,C01,exclude,ok
qwen,1,1,case_036,C02,include,ok
qwen,1,1,case_036,C03,include,ok
qwen,1,1,case_036,C04,exclude,ok
qwen,1,1,case_036,C05,exclude,ok
qwen,1,1,case_036,C06,exclude,ok
qwen,1,1,case_036,C07,exclude,ok
qwen,1,1,case_036,C08,exclude,ok
qwen,1,1,case_036,C09,include,ok
qwen,1,1,case_036,C10,exclude,ok
qwen,1,1,case_037,C01,exclude,ok
qwen,1,1,case_037,C02,exclude,ok
qwen,1,1,case_037,C03,exclude,ok
qwen,1,1,case_037,C04,exclude,ok
qwen,1,1,case_037,C05,exclude,ok
qwen,1,1,case_037,C06,exclude,ok
qwen,1,1,case_037,C07,exclude,ok
qwen,1,1,case_037,C08,exclude,ok
qwen,1,1,case_037,C09,exclude,ok
qwen,1,1,case_037,C10,exclude,ok
qwen,1,1,case_038,C01,exclude,ok
qwen,1,1,case_038,C02,exclude,ok
qwen,1,1,case_038,C03,exclude,ok
qwen,1,1,case_038,C04,include,ok
qwen,1,1,case_038,C05,exclude,ok
qwen,1,1,case_038,C06,exclude,ok
qwen,1,1,case_038,C07,exclude,ok
qwen,1,1,case_038,C08,include,ok
qwen,1,1,case_038,C09,exclude,ok
qwen,1,1,case_038,C10,exclude,ok
qwen,1,1,case_039,C01,exclude,ok
qwen,1,1,case_039,C02,exclude,ok
qwen,1,1,case_039,C03,exclude,ok
qwen,1,1,case_039,C04,exclude,ok
qwen,1,1,case_039,C05,exclude,ok
qwen,1,1,case_039,C06,exclude,ok
qwen,1,1,case_039,C07,exclude,ok
qwen,1,1,case_039,C08,exclude,ok
qwen,1,1,case_039,C09,exclude,ok
qwen,1,1,case_039,C10,exclude,ok
qwen,1,1,case_040,C01,exclude,ok
qwen,1,1,case_040,C02,exclude,ok
qwen,1,1,case_040,C03,include,ok
qwen,1,1,case_040,C04,include,ok
qwen,1,1,case_040,C05,exclude,ok
qwen,1,1,case_040,C06,include,ok
qwen,1,1,case_040,C07,include,ok
qwen,1,1,case_040,C08,include,ok
qwen,1,1,case_040,C09,exclude,ok
qwen,1,1,case_040,C10,include,ok
qwen,1,1,case_041,C01,exclude,ok
qwen,1,1,case_041,C02,exclude,ok
qwen,1,1,case_041,C03,exclude,ok
qwen,1,1,case_041,C04,exclude,ok
qwen,1,1,case_041,C05,include,ok
qwen,1,1,case_041,C06,exclude,ok
qwen,1,1,case_041,C07,exclude,ok
qwen,1,1,case_041,C08,exclude,ok
qwen,1,1,case_041,C09,include,ok
qwen,1,1,case_041,C10,exclude,ok
qwen,1,1,case_042,C01,exclude,ok
qwen,1,1,case_042,C02,exclude,ok
qwen,1,1,case_042,C03,exclude,ok
qwen,1,1,case_042,C04,exclude,ok
qwen,1,1,case_042,C05,exclude,ok
qwen,1,1,case_042,C06,exclude,ok
qwen,1,1,case_042,C07,exclude,ok
qwen,1,1,case_042,C08,exclude,ok
qwen,1,1,case_042,C09,exclude,ok
qwen,1,1,case_042,C10,exclude,ok
qwen,1,1,case_043,C01,include,ok
qwen,1,1,case_043,C02,include,ok
qwen,1,1,case_043,C03,exclude,ok
qwen,1,1,case_043,C04,include,ok
qwen,1,1,case_043,C05,exclude,ok
qwen,1,1,case_043,C06,include,ok
qwen,1,1,case_043,C07,exclude,ok
qwen,1,1,case_043,C08,include,ok
qwen,1,1,case_043,C09,exclude,ok
qwen,1,1,case_043,C10,include,ok
qwen,1,1,case_044,C01,include,ok
qwen,1,1,case_044,C02,include,ok
qwen,1,1,case_044,C03,include,ok
qwen,1,1,case_044,C04,exclude,ok
qwen,1,1,case_044,C05,include,ok
qwen,1,1,case_044,C06,include,ok
qwen,1,1,case_044,C07,exclude,ok
qwen,1,1,case_044,C08,exclude,ok
qwen,1,1,case_044,C09,exclude,ok
qwen,1,1,case_044,C10,exclude,ok
qwen,1,1,case_045,C01,exclude,ok
qwen,1,1,case_045,C02,exclude,ok
qwen,1,1,case_045,C03,exclude,ok
qwen,1,1,case_045,C04,exclude,ok
qwen,1,1,case_045,C05,exclude,ok
qwen,1,1,case_045,C06,exclude,ok
qwen,1,1,case_045,C07,exclude,ok
qwen,1,1,case_045,C08,exclude,ok
qwen,1,1,case_045,C09,exclude,ok
qwen,1,1,case_045,C10,exclude,ok
qwen,1,1,case_046,C01,include,ok
qwen,1,1,case_046,C02,exclude,ok
qwen,1,1,case_046,C03,exclude,ok
qwen,1,1,case_046,C04,exclude,ok
qwen,1,1,case_046,C05,include,ok
qwen,1,1,case_046,C06,include,ok
qwen,1,1,case_046,C07,exclude,ok
qwen,1,1,case_046,C08,exclude,ok
qwen,1,1,case_046,C09,include,ok
qwen,1,1,case_046,C10,include,ok
qwen,1,1,case_047,C01,include,ok
qwen,1,1,case_047,C02,exclude,ok
qwen,1,1,case_047,C03,exclude,ok
qwen,1,1,case_047,C04,exclude,ok
qwen,1,1,case_047,C05,exclude,ok
qwen,1,1,case_047,C06,include,ok
qwen,1,1,case_047,C07,include,ok
qwen,1,1,case_047,C08,include,ok
qwen,1,1,case_047,C09,exclude,ok
qwen,1,1,case_047,C10,exclude,ok
qwen,1,1,case_048,C01,exclude,ok
qwen,1,1,case_048,C02,include,ok
qwen,1,1,case_048,C03,exclude,ok
qwen,1,1,case_048,C04,include,ok
qwen,1,1,case_048,C05,include,ok
qwen,1,1,case_048,C06,include,ok
qwen,1,1,case_048,C07,exclude,ok
qwen,1,1,case_048,C08,include,ok
qwen,1,1,case_048,C09,include,ok
qwen,1,1,case_048,C10,include,ok
qwen,1,1,case_049,C01,exclude,ok
qwen,1,1,case_049,C02,exclude,ok
qwen,1,1,case_049,C03,exclude,ok
qwen,1,1,case_049,C04,include,ok
qwen,1,1,case_049,C05,exclude,ok
qwen,1,1,case_049,C06,exclude,ok
qwen,1,1,case_049,C07,include,ok
qwen,1,1,case_049,C08,exclude,ok
qwen,1,1,case_049,C09,include,ok
qwen,1,1,case_049,C10,exclude,ok
qwen,1,1,case_050,C01,include,ok
qwen,1,1,case_050,C02,exclude,ok
qwen,1,1,case_050,C03,exclude,ok
qwen,1,1,case_050,C04,exclude,ok
qwen,1,1,case_050,C05,exclude,ok
qwen,1,1,case_050,C06,exclude,ok
qwen,1,1,case_050,C07,exclude,ok
qwen,1,1,case_050,C08,exclude,ok
qwen,1,1,case_050,C09,exclude,ok
qwen,1,1,case_050,C10,exclude,ok
qwen,1,1,case_051,C01,exclude,ok
qwen,1,1,case_051,C02,include,ok
qwen,1,1,case_051,C03,exclude,ok
qwen,1,1,case_051,C04,exclude,ok
qwen,1,1,case_051,C05,include,ok
qwen,1,1,case_051,C06,exclude,ok
qwen,1,1,case_051,C07,exclude,ok
qwen,1,1,case_051,C08,exclude,ok
qwen,1,1,case_051,C09,exclude,ok
qwen,1,1,case_051,C10,exclude,ok
qwen,1,1,case_052,C01,exclude,ok
qwen,1,1,case_052,C02,exclude,ok
qwen,1,1,case_052,C03,exclude,ok
qwen,1,1,case_052,C04,exclude,ok
qwen,1,1,case_052,C05,exclude,ok
qwen,1,1,case_052,C06,exclude,ok
qwen,1,1,case_052,C07,exclude,ok
qwen,1,1,case_052,C08,exclude,ok
qwen,1,1,case_052,C09,exclude,ok
qwen,1,1,case_052,C10,exclude,ok
qwen,1,1,case_053,C01,exclude,ok
qwen,1,1,case_053,C02,include,ok
qwen,1,1,case_053,C03,exclude,ok
qwen,1,1,case_053,C04,exclude,ok
qwen,1,1,case_053,C05,exclude,ok
qwen,1,1,case_053,C06,include,ok
qwen,1,1,case_053,C07,exclude,ok
qwen,1,1,case_053,C08,include,ok
qwen,1,1,case_053,C09,exclude,ok
qwen,1,1,case_053,C10,exclude,ok
qwen,1,1,case_054,C01,exclude,ok
qwen,1,1,case_054,C02,exclude,ok
qwen,1,1,case_054,C03,exclude,ok
qwen,1,1,case_054,C04,exclude,ok
qwen,1,1,case_054,C05,include,ok
qwen,1,1,case_054,C06,exclude,ok
qwen,1,1,case_054,C07,exclude,ok
qwen,1,1,case_054,C08,exclude,ok
qwen,1,1,case_054,C09,exclude,ok
qwen,1,1,case_054,C10,exclude,ok
qwen,1,1,case_055,C01,exclude,ok
qwen,1,1,case_055,C02,exclude,ok
qwen,1,1,case_055,C03,exclude,ok
qwen,1,1,case_055,C04,exclude,ok
qwen,1,1,case_055,C05,exclude,ok
qwen,1,1,case_055,C06,exclude,ok
qwen,1,1,case_055,C07,exclude,ok
qwen,1,1,case_055,C08,exclude,ok
qwen,1,1,case_055,C09,exclude,ok
qwen,1,1,case_055,C10,exclude,ok
qwen,1,1,case_056,C01,exclude,ok
qwen,1,1,case_056,C02,exclude,ok
qwen,1,1,case_056,C03,exclude,ok
qwen,1,1,case_056,C04,exclude,ok
qwen,1,1,case_056,C05,exclude,ok
qwen,1,1,case_056,C06,exclude,ok
qwen,1,1,case_056,C07,exclude,ok
qwen,1,1,case_056,C08,exclude,ok
qwen,1,1,case_056,C09,exclude,ok
qwen,1,1,case_056,C10,exclude,ok
qwen,1,1,case_057,C01,exclude,ok
qwen,1,1,case_057,C02,exclude,ok
qwen,1,1,case_057,C03,include,ok
qwen,1,1,case_057,C04,include,ok
qwen,1,1,case_057,C05,exclude,ok
qwen,1,1,case_057,C06,include,ok
qwen,1,1,case_057,C07,include,ok
qwen,1,1,case_057,C08,exclude,ok
qwen,1,1,case_057,C09,exclude,ok
qwen,1,1,case_057,C10,exclude,ok
qwen,1,1,case_058,C01,include,ok
qwen,1,1,case_058,C02,exclude,ok
qwen,1,1,case_058,C03,exclude,ok
qwen,1,1,case_058,C04,include,ok
qwen,1,1,case_058,C05,exclude,ok
qwen,1,1,case_058,C06,exclude,ok
qwen,1,1,case_058,C07,include,ok
qwen,1,1,case_058,C08,exclude,ok
qwen,1,1,case_058,C09,exclude,ok
qwen,1,1,case_058,C10,include,ok
qwen,1,1,case_059,C01,exclude,ok
qwen,1,1,case_059,C02,include,ok
qwen,1,1,case_059,C03,exclude,ok
qwen,1,1,case_059,C04,include,ok
qwen,1,1,case_059,C05,exclude,ok
qwen,1,1,case_059,C06,include,ok
qwen,1,1,case_059,C07,exclude,ok
qwen,1,1,case_059,C08,include,ok
qwen,1,1,case_059,C09,exclude,ok
qwen,1,1,case_059,C10,exclude,ok
qwen,1,1,case_060,C01,include,ok
qwen,1,1,case_060,C02,include,ok
qwen,1,1,case_060,C03,exclude,ok
qwen,1,1,case_060,C04,exclude,ok
qwen,1,1,case_060,C05,exclude,ok
qwen,1,1,case_060,C06,exclude,ok
qwen,1,1,case_060,C07,exclude,ok
qwen,1,1,case_060,C08,exclude,ok
qwen,1,1,case_060,C09,exclude,ok
qwen,1,1,case_060,C10,exclude,ok
qwen,1,1,case_061,C01,exclude,ok
qwen,1,1,case_061,C02,exclude,ok
qwen,1,1,case_061,C03,exclude,ok
qwen,1,1,case_061,C04,exclude,ok
qwen,1,1,case_061,C05,exclude,ok
qwen,1,1,case_061,C06,exclude,ok
qwen,1,1,case_061,C07,exclude,ok
qwen,1,1,case_061,C08,exclude,ok
qwen,1,1,case_061,C09,exclude,ok
qwen,1,1,case_061,C10,exclude,ok
qwen,1,1,case_062,C01,exclude,ok
qwen,1,1,case_062,C02,exclude,ok
qwen,1,1,case_062,C03,exclude,ok
qwen,1,1,case_062,C04,exclude,ok
qwen,1,1,case_062,C05,exclude,ok
qwen,1,1,case_062,C06,exclude,ok
qwen,1,1,case_062,C07,exclude,ok
qwen,1,1,case_062,C08,exclude,ok
qwen,1,1,case_062,C09,exclude,ok
qwen,1,1,case_062,C10,exclude,ok
qwen,1,1,case_063,C01,exclude,ok
qwen,1,1,case_063,C02,exclude,ok
qwen,1,1,case_063,C03,exclude,ok
qwen,1,1,case_063,C04,exclude,ok
qwen,1,1,case_063,C05,include,ok
qwen,1,1,case_063,C06,exclude,ok
qwen,1,1,case_063,C07,exclude,ok
qwen,1,1,case_063,C08,exclude,ok
qwen,1,1,case_063,C09,exclude,ok
qwen,1,1,case_063,C10,exclude,ok
qwen,1,1,case_064,C01,exclude,ok
qwen,1,1,case_064,C02,exclude,ok
qwen,1,1,case_064,C03,exclude,ok
qwen,1,1,case_064,C04,exclude,ok
qwen,1,1,case_064,C05,exclude,ok
qwen,1,1,case_064,C06,exclude,ok
qwen,1,1,case_064,C07,exclude,ok
qwen,1,1,case_064,C08,exclude,ok
qwen,1,1,case_064,C09,exclude,ok
qwen,1,1,case_064,C10,exclude,ok
qwen,1,1,case_065,C01,exclude,ok
qwen,1,1,case_065,C02,exclude,ok
qwen,1,1,case_065,C03,exclude,ok
qwen,1,1,case_065,C04,include,ok
qwen,1,1,case_065,C05,exclude,ok
qwen,1,1,case_065,C06,exclude,ok
qwen,1,1,case_065,C07,exclude,ok
qwen,1,1,case_065,C08,exclude,ok
qwen,1,1,case_065,C09,include,ok
qwen,1,1,case_065,C10,exclude,ok
qwen,1,1,case_066,C01,exclude,ok
qwen,1,1,case_066,C02,exclude,ok
qwen,1,1,case_066,C03,exclude,ok
qwen,1,1,case_066,C04,exclude,ok
qwen,1,1,case_066,C05,exclude,ok
qwen,1,1,case_066,C06,exclude,ok
qwen,1,1,case_066,C07,exclude,ok
qwen,1,1,case_066,C08,exclude,ok
qwen,1,1,case_066,C09,exclude,ok
qwen,1,1,case_066,C10,exclude,ok
qwen,1,1,case_067,C01,exclude,ok
qwen,1,1,case_067,C02,include,ok
qwen,1,1,case_067,C03,include,ok
qwen,1,1,case_067,C04,exclude,ok
qwen,1,1,case_067,C05,exclude,ok
qwen,1,1,case_067,C06,exclude,ok
qwen,1,1,case_067,C07,include,ok
qwen,1,1,case_067,C08,include,ok
qwen,1,1,case_067,C09,include,ok
qwen,1,1,case_067,C10,exclude,ok
qwen,1,1,case_068,C01,include,ok
qwen,1,1,case_068,C02,exclude,ok
qwen,1,1,case_068,C03,exclude,ok
qwen,1,1,case_068,C04,exclude,ok
qwen,1,1,case_068,C05,exclude,ok
qwen,1,1,case_068,C06,exclude,ok
qwen,1,1,case_068,C07,exclude,ok
qwen,1,1,case_068,C08,exclude,ok
qwen,1,1,case_068,C09,exclude,ok
qwen,1,1,case_068,C10,exclude,ok
qwen,1,1,case_069,C01,include,ok
qwen,1,1,case_069,C02,include,ok
qwen,1,1,case_069,C03,exclude,ok
qwen,1,1,case_069,C04,include,ok
qwen,1,1,case_069,C05,exclude,ok
qwen,1,1,case_069,C06,include,ok
qwen,1,1,case_069,C07,exclude,ok
qwen,1,1,case_069,C08,exclude,ok
qwen,1,1,case_069,C09,exclude,ok
qwen,1,1,case_069,C10,exclude,ok
qwen,1,1,case_070,C01,include,ok
qwen,1,1,case_070,C02,exclude,ok
qwen,1,1,case_070,C03,exclude,ok
qwen,1,1,case_070,C04,exclude,ok
qwen,1,1,case_070,C05,include,ok
qwen,1,1,case_070,C06,include,ok
qwen,1,1,case_070,C07,exclude,ok
qwen,1,1,case_070,C08,exclude,ok
qwen,1,1,case_070,C09,exclude,ok
qwen,1,1,case_070,C10,exclude,ok
qwen,1,1,case_071,C01,exclude,ok
qwen,1,1,case_071,C02,exclude,ok
qwen,1,1,case_071,C03,exclude,ok
qwen,1,1,case_071,C04,exclude,ok
qwen,1,1,case_071,C05,exclude,ok
qwen,1,1,case_071,C06,exclude,ok
qwen,1,1,case_071,C07,exclude,ok
qwen,1,1,case_071,C08,exclude,ok
qwen,1,1,case_071,C09,exclude,ok
qwen,1,1,case_071,C10,exclude,ok
qwen,1,1,case_072,C01,exclude,ok
qwen,1,1,case_072,C02,exclude,ok
qwen,1,1,case_072,C03,include,ok
qwen,1,1,case_072,C04,include,ok
qwen,1,1,case_072,C05,exclude,ok
qwen,1,1,case_072,C06,include,ok
qwen,1,1,case_072,C07,exclude,ok
qwen,1,1,case_072,C08,include,ok
qwen,1,1,case_072,C09,exclude,ok
qwen,1,1,case_072,C10,exclude,ok
qwen,1,1,case_073,C01,exclude,ok
qwen,1,1,case_073,C02,include,ok
qwen,1,1,case_073,C03,include,ok
qwen,1,1,case_073,C04,include,ok
qwen,1,1,case_073,C05,include,ok
qwen,1,1,case_073,C06,exclude,ok
qwen,1,1,case_073,C07,include,ok
qwen,1,1,case_073,C08,exclude,ok
qwen,1,1,case_073,C09,exclude,ok
qwen,1,1,case_073,C10,include,ok
qwen,1,1,case_074,C01,include,ok
qwen,1,1,case_074,C02,include,ok
qwen,1,1,case_074,C03,include,ok
qwen,1,1,case_074,C04,include,ok
qwen,1,1,case_074,C05,exclude,ok
qwen,1,1,case_074,C06,exclude,ok
qwen,1,1,case_074,C07,exclude,ok
qwen,1,1,case_074,C08,exclude,ok
qwen,1,1,case_074,C09,exclude,ok
qwen,1,1,case_074,C10,exclude,ok
qwen,1,1,case_075,C01,exclude,ok
qwen,1,1,case_075,C02,exclude,ok
qwen,1,1,case_075,C03,exclude,ok
qwen,1,1,case_075,C04,exclude,ok
qwen,1,1,case_075,C05,exclude,ok
qwen,1,1,case_075,C06,exclude,ok
qwen,1,1,case_075,C07,exclude,ok
qwen,1,1,case_075,C08,exclude,ok
qwen,1,1,case_075,C09,exclude,ok
qwen,1,1,case_075,C10,exclude,ok
qwen,1,1,case_076,C01,exclude,ok
qwen,1,1,case_076,C02,exclude,ok
qwen,1,1,case_076,C03,exclude,ok
qwen,1,1,case_076,C04,exclude,ok
qwen,1,1,case_076,C05,exclude,ok
qwen,1,1,case_076,C06,exclude,ok
qwen,1,1,case_076,C07,exclude,ok
qwen,1,1,case_076,C08,exclude,ok
qwen,1,1,case_076,C09,exclude,ok
qwen,1,1,case_076,C10,exclude,ok
qwen,1,1,case_077,C01,exclude,ok
qwen,1,1,case_077,C02,include,ok
qwen,1,1,case_077,C03,exclude,ok
qwen,1,1,case_077,C04,exclude,ok
qwen,1,1,case_077,C05,exclude,ok
qwen,1,1,case_077,C06,include,ok
qwen,1,1,case_077,C07,exclude,ok
qwen,1,1,case_077,C08,exclude,ok
qwen,1,1,case_077,C09,include,ok
qwen,1,1,case_077,C10,include,ok
qwen,1,1,case_078,C01,exclude,ok
qwen,1,1,case_078,C02,exclude,ok
qwen,1,1,case_078,C03,exclude,ok
qwen,1,1,case_078,C04,exclude,ok
qwen,1,1,case_078,C05,exclude,ok
qwen,1,1,case_078,C06,exclude,ok
qwen,1,1,case_078,C07,exclude,ok
qwen,1,1,case_078,C08,exclude,ok
qwen,1,1,case_078,C09,exclude,ok
qwen,1,1,case_078,C10,exclude,ok
qwen,1,1,case_079,C01,exclude,ok
qwen,1,1,case_079,C02,exclude,ok
qwen,1,1,case_079,C03,exclude,ok
qwen,1,1,case_079,C04,exclude,ok
qwen,1,1,case_079,C05,exclude,ok
qwen,1,1,case_079,C06,include,ok
qwen,1,1,case_079,C07,exclude,ok
qwen,1,1,case_079,C08,exclude,ok
qwen,1,1,case_079,C09,include,ok
qwen,1,1,case_079,C10,exclude,ok
qwen,1,1,case_080,C01,include,ok
qwen,1,1,case_080,C02,exclude,ok
qwen,1,1,case_080,C03,exclude,ok
qwen,1,1,case_080,C04,exclude,ok
qwen,1,1,case_080,C05,exclude,ok
qwen,1,1,case_080,C06,exclude,ok
qwen,1,1,case_080,C07,exclude,ok
qwen,1,1,case_080,C08,exclude,ok
qwen,1,1,case_080,C09,exclude,ok
qwen,1,1,case_080,C10,exclude,ok
qwen,1,1,case_081,C01,exclude,ok
qwen,1,1,case_081,C02,include,ok
qwen,1,1,case_081,C03,exclude,ok
qwen,1,1,case_081,C04,exclude,ok
qwen,1,1,case_081,C05,exclude,ok
qwen,1,1,case_081,C06,include,ok
qwen,1,1,case_081,C07,exclude,ok
qwen,1,1,case_081,C08,exclude,ok
qwen,1,1,case_081,C09,exclude,ok
qwen,1,1,case_081,C10,exclude,ok
qwen,1,1,case_082,C01,include,ok
qwen,1,1,case_082,C02,include,ok
qwen,1,1,case_082,C03,include,ok
qwen,1,1,case_082,C04,include,ok
qwen,1,1,case_082,C05,exclude,ok
qwen,1,1,case_082,C06,include,ok
qwen,1,1,case_082,C07,exclude,ok
qwen,1,1,case_082,C08,exclude,ok
qwen,1,1,case_082,C09,include,ok
qwen,1,1,case_082,C10,include,ok
qwen,1,1,case_083,C01,exclude,ok
qwen,1,1,case_083,C02,exclude,ok
qwen,1,1,case_083,C03,exclude,ok
qwen,1,1,case_083,C04,exclude,ok
qwen,1,1,case_083,C05,exclude,ok
qwen,1,1,case_083,C06,exclude,ok
qwen,1,1,case_083,C07,exclude,ok
qwen,1,1,case_083,C08,exclude,ok
qwen,1,1,case_083,C09,exclude,ok
qwen,1,1,case_083,C10,exclude,ok
qwen,1,1,case_084,C01,exclude,ok
qwen,1,1,case_084,C02,exclude,ok
qwen,1,1,case_084,C03,include,ok
qwen,1,1,case_084,C04,exclude,ok
qwen,1,1,case_084,C05,exclude,ok
qwen,1,1,case_084,C06,exclude,ok
qwen,1,1,case_084,C07,exclude,ok
qwen,1,1,case_084,C08,exclude,ok
qwen,1,1,case_084,C09,exclude,ok
qwen,1,1,case_084,C10,exclude,ok
qwen,1,1,case_085,C01,exclude,ok
qwen,1,1,case_085,C02,exclude,ok
qwen,1,1,case_085,C03,exclude,ok
qwen,1,1,case_085,C04,exclude,ok
qwen,1,1,case_085,C05,exclude,ok
qwen,1,1,case_085,C06,exclude,ok
qwen,1,1,case_085,C07,exclude,ok
qwen,1,1,case_085,C08,exclude,ok
qwen,1,1,case_085,C09,exclude,ok
qwen,1,1,case_085,C10,exclude,ok
qwen,1,1,case_086,C01,exclude,ok
qwen,1,1,case_086,C02,exclude,ok
qwen,1,1,case_086,C03,exclude,ok
qwen,1,1,case_086,C04,exclude,ok
qwen,1,1,case_086,C05,include,ok
qwen,1,1,case_086,C06,exclude,ok
qwen,1,1,case_086,C07,exclude,ok
qwen,1,1,case_086,C08,exclude,ok
qwen,1,1,case_086,C09,exclude,ok
qwen,1,1,case_086,C10,exclude,ok
qwen,1,1,case_087,C01,include,ok
qwen,1,1,case_087,C02,include,ok
qwen,1,1,case_087,C03,exclude,ok
qwen,1,1,case_087,C04,exclude,ok
qwen,1,1,case_087,C05,include,ok
qwen,1,1,case_087,C06,include,ok
qwen,1,1,case_087,C07,include,ok
qwen,1,1,case_087,C08,exclude,ok
qwen,1,1,case_087,C09,include,ok
qwen,1,1,case_087,C10,exclude,ok
qwen,1,1,case_088,C01,exclude,ok
qwen,1,1,case_088,C02,exclude,ok
qwen,1,1,case_088,C03,include,ok
qwen,1,1,case_088,C04,exclude,ok
qwen,1,1,case_088,C05,exclude,ok
qwen,1,1,case_088,C06,exclude,ok
qwen,1,1,case_088,C07,exclude,ok
qwen,1,1,case_088,C08,exclude,ok
qwen,1,1,case_088,C09,exclude,ok
qwen,1,1,case_088,C10,exclude,ok
qwen,1,1,case_089,C01,include,ok
qwen,1,1,case_089,C02,exclude,ok
qwen,1,1,case_089,C03,include,ok
qwen,1,1,case_089,C04,exclude,ok
qwen,1,1,case_089,C05,include,ok
qwen,1,1,case_089,C06,exclude,ok
qwen,1,1,case_089,C07,include,ok
qwen,1,1,case_089,C08,include,ok
qwen,1,1,case_089,C09,include,ok
qwen,1,1,case_089,C10,exclude,ok
qwen,1,1,case_090,C01,include,ok
qwen,1,1,case_090,C02,include,ok
qwen,1,1,case_090,C03,exclude,ok
qwen,1,1,case_090,C04,exclude,ok
qwen,1,1,case_090,C05,exclude,ok
qwen,1,1,case_090,C06,include,ok
qwen,1,1,case_090,C07,include,ok
qwen,1,1,case_090,C08,exclude,ok
qwen,1,1,case_090,C09,exclude,ok
qwen,1,1,case_090,C10,exclude,ok
qwen,1,1,case_091,C01,exclude,ok
qwen,1,1,case_091,C02,exclude,ok
qwen,1,1,case_091,C03,exclude,ok
qwen,1,1,case_091,C04,exclude,ok
qwen,1,1,case_091,C05,exclude,ok
qwen,1,1,case_091,C06,exclude,ok
qwen,1,1,case_091,C07,exclude,ok
qwen,1,1,case_091,C08,exclude,ok
qwen,1,1,case_091,C09,exclude,ok
qwen,1,1,case_091,C10,exclude,ok
qwen,1,1,case_092,C01,exclude,ok
qwen,1,1,case_092,C02,exclude,ok
qwen,1,1,case_092,C03,exclude,ok
qwen,1,1,case_092,C04,exclude,ok
qwen,1,1,case_092,C05,exclude,ok
qwen,1,1,case_092,C06,exclude,ok
qwen,1,1,case_092,C07,exclude,ok
qwen,1,1,case_092,C08,exclude,ok
qwen,1,1,case_092,C09,exclude,ok
qwen,1,1,case_092,C10,exclude,ok
qwen,1,1,case_093,C01,exclude,ok
qwen,1,1,case_093,C02,exclude,ok
qwen,1,1,case_093,C03,include,ok
qwen,1,1,case_093,C04,include,ok
qwen,1,1,case_093,C05,include,ok
qwen,1,1,case_093,C06,exclude,ok
qwen,1,1,case_093,C07,exclude,ok
qwen,1,1,case_093,C08,exclude,ok
qwen,1,1,case_093,C09,exclude,ok
qwen,1,1,case_093,C10,exclude,ok
qwen,1,1,case_094,C01,include,ok
qwen,1,1,case_094,C02,exclude,ok
qwen,1,1,case_094,C03,include,ok
qwen,1,1,case_094,C04,exclude,ok
qwen,1,1,case_094,C05,exclude,ok
qwen,1,1,case_094,C06,include,ok
qwen,1,1,case_094,C07,exclude,ok
qwen,1,1,case_094,C08,exclude,ok
qwen,1,1,case_094,C09,exclude,ok
qwen,1,1,case_094,C10,exclude,ok
qwen,1,1,case_095,C01,exclude,ok
qwen,1,1,case_095,C02,exclude,ok
qwen,1,1,case_095,C03,exclude,ok
qwen,1,1,case_095,C04,exclude,ok
qwen,1,1,case_095,C05,exclude,ok
qwen,1,1,case_095,C06,exclude,ok
qwen,1,1,case_095,C07,exclude,ok
qwen,1,1,case_095,C08,exclude,ok
qwen,1,1,case_095,C09,exclude,ok
qwen,1,1,case_095,C10,exclude,ok
qwen,1,1,case_096,C01,include,ok
qwen,1,1,case_096,C02,exclude,ok
qwen,1,1,case_096,C03,exclude,ok
qwen,1,1,case_096,C04,exclude,ok
qwen,1,1,case_096,C05,exclude,ok
qwen,1,1,case_096,C06,include,ok
qwen,1,1,case_096,C07,include,ok
qwen,1,1,case_096,C08,include,ok
qwen,1,1,case_096,C09,include,ok
qwen,1,1,case_096,C10,exclude,ok
qwen,1,1,case_097,C01,exclude,ok
qwen,1,1,case_097,C02,exclude,ok
qwen,1,1,case_097,C03,exclude,ok
qwen,1,1,case_097,C04,exclude,ok
qwen,1,1,case_097,C05,exclude,ok
qwen,1,1,case_097,C06,exclude,ok
qwen,1,1,case_097,C07,exclude,ok
qwen,1,1,case_097,C08,exclude,ok
qwen,1,1,case_097,C09,exclude,ok
qwen,1,1,case_097,C10,exclude,ok
qwen,1,1,case_098,C01,include,ok
qwen,1,1,case_098,C02,include,ok
qwen,1,1,case_098,C03,exclude,ok
qwen,1,1,case_098,C04,include,ok
qwen,1,1,case_098,C05,include,ok
qwen,1,1,case_098,C06,exclude,ok
qwen,1,1,case_098,C07,exclude,ok
qwen,1,1,case_098,C08,exclude,ok
qwen,1,1,case_098,C09,exclude,ok
qwen,1,1,case_098,C10,include,ok
qwen,1,1,case_099,C01,include,ok
qwen,1,1,case_099,C02,include,ok
qwen,1,1,case_099,C03,include,ok
qwen,1,1,case_099,C04,exclude,ok
qwen,1,1,case_099,C05,exclude,ok
qwen,1,1,case_099,C06,include,ok
qwen,1,1,case_099,C07,include,ok
qwen,1,1,case_099,C08,include,ok
qwen,1,1,case_099,C09,exclude,ok
qwen,1,1,case_099,C10,include,ok
qwen,1,1,case_100,C01,exclude,ok
qwen,1,1,case_100,C02,exclude,ok
qwen,1,1,case_100,C03,exclude,ok
qwen,1,1,case_100,C04,exclude,ok
qwen,1,1,case_100,C05,exclude,ok
qwen,1,1,case_100,C06,exclude,ok
qwen,1,1,case_100,C07,include,ok
qwen,1,1,case_100,C08,exclude,ok
qwen,1,1,case_100,C09,exclude,ok
qwen,1,1,case_100,C10,exclude,ok
qwen,2,2,case_001,C01,exclude,ok
qwen,2,2,case_001,C02,include,ok
qwen,2,2,case_001,C03,include,ok
qwen,2,2,case_001,C04,exclude,ok
qwen,2,2,case_001,C05,include,ok
qwen,2,2,case_001,C06,include,ok
qwen,2,2,case_001,C07,include,ok
qwen,2,2,case_001,C08,exclude,ok
qwen,2,2,case_001,C09,exclude,ok
qwen,2,2,case_001,C10,include,ok
qwen,2,2,case_002,C01,exclude,ok
qwen,2,2,case_002,C02,exclude,ok
qwen,2,2,case_002,C03,exclude,ok
qwen,2,2,case_002,C04,exclude,ok
qwen,2,2,case_002,C05,exclude,ok
qwen,2,2,case_002,C06,exclude,ok
qwen,2,2,case_002,C07,exclude,ok
qwen,2,2,case_002,C08,exclude,ok
qwen,2,2,case_002,C09,exclude,ok
qwen,2,2,case_002,C10,exclude,ok
qwen,2,2,case_003,C01,include,ok
qwen,2,2,case_003,C02,include,ok
qwen,2,2,case_003,C03,exclude,ok
qwen,2,2,case_003,C04,include,ok
qwen,2,2,case_003,C05,include,ok
qwen,2,2,case_003,C06,exclude,ok
qwen,2,2,case_003,C07,exclude,ok
qwen,2,2,case_003,C08,exclude,ok
qwen,2,2,case_003,C09,exclude,ok
qwen,2,2,case_003,C10,include,ok
qwen,2,2,case_004,C01,include,ok
qwen,2,2,case_004,C02,exclude,ok
qwen,2,2,case_004,C03,exclude,ok
qwen,2,2,case_004,C04,exclude,ok
qwen,2,2,case_004,C05,include,ok
qwen,2,2,case_004,C06,exclude,ok
qwen,2,2,case_004,C07,include,ok
qwen,2,2,case_004,C08,exclude,ok
qwen,2,2,case_004,C09,exclude,ok
qwen,2,2,case_004,C10,include,ok
qwen,2,2,case_005,C01,exclude,ok
qwen,2,2,case_005,C02,exclude,ok
qwen,2,2,case_005,C03,exclude,ok
qwen,2,2,case_005,C04,exclude,ok
qwen,2,2,case_005,C05,exclude,ok
qwen,2,2,case_005,C06,exclude,ok
qwen,2,2,case_005,C07,exclude,ok
qwen,2,2,case_005,C08,exclude,ok
qwen,2,2,case_005,C09,exclude,ok
qwen,2,2,case_005,C10,exclude,ok
qwen,2,2,case_006,C01,exclude,ok
qwen,2,2,case_006,C02,exclude,ok
qwen,2,2,case_006,C03,exclude,ok
qwen,2,2,case_006,C04,exclude,ok
qwen,2,2,case_006,C05,exclude,ok
qwen,2,2,case_006,C06,exclude,ok
qwen,2,2,case_006,C07,exclude,ok
qwen,2,2,case_006,C08,exclude,ok
qwen,2,2,case_006,C09,exclude,ok
qwen,2,2,case_006,C10,exclude,ok
qwen,2,2,case_007,C01,include,ok
qwen,2,2,case_007,C02,exclude,ok
qwen,2,2,case_007,C03,include,ok
qwen,2,2,case_007,C04,exclude,ok
qwen,2,2,case_007,C05,include,ok
qwen,2,2,case_007,C06,include,ok
qwen,2,2,case_007,C07,include,ok
qwen,2,2,case_007,C08,exclude,ok
qwen,2,2,case_007,C09,exclude,ok
qwen,2,2,case_007,C10,exclude,ok
qwen,2,2,case_008,C01,exclude,ok
qwen,2,2,case_008,C02,exclude,ok
qwen,2,2,case_008,C03,exclude,ok
qwen,2,2,case_008,C04,exclude,ok
qwen,2,2,case_008,C05,include,ok
qwen,2,2,case_008,C06,include,ok
qwen,2,2,case_008,C07,include,ok
qwen,2,2,case_008,C08,include,ok
qwen,2,2,case_008,C09,include,ok
qwen,2,2,case_008,C10,include,ok
qwen,2,2,case_009,C01,include,ok
qwen,2,2,case_009,C02,exclude,ok
qwen,2,2,case_009,C03,include,ok
qwen,2,2,case_009,C04,exclude,ok
qwen,2,2,case_009,C05,exclude,ok
qwen,2,2,case_009,C06,exclude,ok
qwen,2,2,case_009,C07,exclude,ok
qwen,2,2,case_009,C08,exclude,ok
qwen,2,2,case_009,C09,exclude,ok
qwen,2,2,case_009,C10,exclude,ok
qwen,2,2,case_010,C01,include,ok
qwen,2,2,case_010,C02,exclude,ok
qwen,2,2,case_010,C03,include,ok
qwen,2,2,case_010,C04,exclude,ok
qwen,2,2,case_010,C05,include,ok
qwen,2,2,case_010,C06,include,ok
qwen,2,2,case_010,C07,exclude,ok
qwen,2,2,case_010,C08,exclude,ok
qwen,2,2,case_010,C09,include,ok
qwen,2,2,case_010,C10,include,ok
qwen,2,2,case_011,C01,exclude,ok
qwen,2,2,case_011,C02,exclude,ok
qwen,2,2,case_011,C03,exclude,ok
qwen,2,2,case_011,C04,exclude,ok
qwen,2,2,case_011,C05,include,ok
qwen,2,2,case_011,C06,exclude,ok
qwen,2,2,case_011,C07,include,ok
qwen,2,2,case_011,C08,exclude,ok
qwen,2,2,case_011,C09,exclude,ok
qwen,2,2,case_011,C10,exclude,ok
qwen,2,2,case_012,C01,include,ok
qwen,2,2,case_012,C02,exclude,ok
qwen,2,2,case_012,C03,exclude,ok
qwen,2,2,case_012,C04,exclude,ok
qwen,2,2,case_012,C05,exclude,ok
qwen,2,2,case_012,C06,exclude,ok
qwen,2,2,case_012,C07,exclude,ok
qwen,2,2,case_012,C08,exclude,ok
qwen,2,2,case_012,C09,exclude,ok
qwen,2,2,case_012,C10,exclude,ok
qwen,2,2,case_013,C01,include,ok
qwen,2,2,case_013,C02,exclude,ok
qwen,2,2,case_013,C03,exclude,ok
qwen,2,2,case_013,C04,exclude,ok
qwen,2,2,case_013,C05,exclude,ok
qwen,2,2,case_013,C06,exclude,ok
qwen,2,2,case_013,C07,exclude,ok
qwen,2,2,case_013,C08,exclude,ok
qwen,2,2,case_013,C09,exclude,ok
qwen,2,2,case_013,C10,exclude,ok
qwen,2,2,case_014,C01,exclude,ok
qwen,2,2,case_014,C02,exclude,ok
qwen,2,2,case_014,C03,exclude,ok
qwen,2,2,case_014,C04,exclude,ok
qwen,2,2,case_014,C05,exclude,ok
qwen,2,2,case_014,C06,exclude,ok
qwen,2,2,case_014,C07,exclude,ok
qwen,2,2,case_014,C08,include,ok
qwen,2,2,case_014,C09,exclude,ok
qwen,2,2,case_014,C10,exclude,ok
qwen,2,2,case_015,C01,exclude,ok
qwen,2,2,case_015,C02,exclude,ok
qwen,2,2,case_015,C03,exclude,ok
qwen,2,2,case_015,C04,exclude,ok
qwen,2,2,case_015,C05,exclude,ok
qwen,2,2,case_015,C06,exclude,ok
qwen,2,2,case_015,C07,exclude,ok
qwen,2,2,case_015,C08,exclude,ok
qwen,2,2,case_015,C09,exclude,ok
qwen,2,2,case_015,C10,exclude,ok
qwen,2,2,case_016,C01,exclude,ok
qwen,2,2,case_016,C02,include,ok
qwen,2,2,case_016,C03,include,ok
qwen,2,2,case_016,C04,include,ok
qwen,2,2,case_016,C05,include,ok
qwen,2,2,case_016,C06,exclude,ok
qwen,2,2,case_016,C07,include,ok
qwen,2,2,case_016,C08,exclude,ok
qwen,2,2,case_016,C09,exclude,ok
qwen,2,2,case_016,C10,include,ok
qwen,2,2,case_017,C01,exclude,ok
qwen,2,2,case_017,C02,exclude,ok
qwen,2,2,case_017,C03,exclude,ok
qwen,2,2,case_017,C04,exclude,ok
qwen,2,2,case_017,C05,exclude,ok
qwen,2,2,case_017,C06,exclude,ok
qwen,2,2,case_017,C07,exclude,ok
qwen,2,2,case_017,C08,exclude,ok
qwen,2,2,case_017,C09,exclude,ok
qwen,2,2,case_017,C10,exclude,ok
qwen,2,2,case_018,C01,exclude,ok
qwen,2,2,case_018,C02,exclude,ok
qwen,2,2,case_018,C03,exclude,ok
qwen,2,2,case_018,C04,exclude,ok
qwen,2,2,case_018,C05,exclude,ok
qwen,2,2,case_018,C06,exclude,ok
qwen,2,2,case_018,C07,exclude,ok
qwen,2,2,case_018,C08,exclude,ok
qwen,2,2,case_018,C09,exclude,ok
qwen,2,2,case_018,C10,include,ok
qwen,2,2,case_019,C01,exclude,ok
qwen,2,2,case_019,C02,include,ok
qwen,2,2,case_019,C03,include,ok
qwen,2,2,case_019,C04,exclude,ok
qwen,2,2,case_019,C05,exclude,ok
qwen,2,2,case_019,C06,include,ok
qwen,2,2,case_019,C07,include,ok
qwen,2,2,case_019,C08,exclude,ok
qwen,2,2,case_019,C09,exclude,ok
qwen,2,2,case_019,C10,include,ok
qwen,2,2,case_020,C01,exclude,ok
qwen,2,2,case_020,C02,exclude,ok
qwen,2,2,case_020,C03,include,ok
qwen,2,2,case_020,C04,exclude,ok
qwen,2,2,case_020,C05,exclude,ok
qwen,2,2,case_020,C06,exclude,ok
qwen,2,2,case_020,C07,exclude,ok
qwen,2,2,case_020,C08,exclude,ok
qwen,2,2,case_020,C09,exclude,ok
qwen,2,2,case_020,C10,exclude,ok
qwen,2,2,case_021,C01,include,ok
qwen,2,2,case_021,C02,exclude,ok
qwen,2,2,case_021,C03,include,ok
qwen,2,2,case_021,C04,include,ok
qwen,2,2,case_021,C05,exclude,ok
qwen,2,2,case_021,C06,exclude,ok
qwen,2,2,case_021,C07,exclude,ok
qwen,2,2,case_021,C08,include,ok
qwen,2,2,case_021,C09,include,ok
qwen,2,2,case_021,C10,exclude,ok
qwen,2,2,case_022,C01,exclude,ok
qwen,2,2,case_022,C02,exclude,ok
qwen,2,2,case_022,C03,exclude,ok
qwen,2,2,case_022,C04,exclude,ok
qwen,2,2,case_022,C05,exclude,ok
qwen,2,2,case_022,C06,exclude,ok
qwen,2,2,case_022,C07,exclude,ok
qwen,2,2,case_022,C08,exclude,ok
qwen,2,2,case_022,C09,exclude,ok
qwen,2,2,case_022,C10,exclude,ok
qwen,2,2,case_023,C01,include,ok
qwen,2,2,case_023,C02,exclude,ok
qwen,2,2,case_023,C03,include,ok
qwen,2,2,case_023,C04,exclude,ok
qwen,2,2,case_023,C05,exclude,ok
qwen,2,2,case_023,C06,include,ok
qwen,2,2,case_023,C07,include,ok
qwen,2,2,case_023,C08,exclude,ok
qwen,2,2,case_023,C09,include,ok
qwen,2,2,case_023,C10,exclude,ok
qwen,2,2,case_024,C01,exclude,ok
qwen,2,2,case_024,C02,exclude,ok
qwen,2,2,case_024,C03,exclude,ok
qwen,2,2,case_024,C04,exclude,ok
qwen,2,2,case_024,C05,include,ok
qwen,2,2,case_024,C06,exclude,ok
qwen,2,2,case_024,C07,exclude,ok
qwen,2,2,case_024,C08,exclude,ok
qwen,2,2,case_024,C09,exclude,ok
qwen,2,2,case_024,C10,exclude,ok
qwen,2,2,case_025,C01,include,ok
qwen,2,2,case_025,C02,include,ok
qwen,2,2,case_025,C03,include,ok
qwen,2,2,case_025,C04,include,ok
qwen,2,2,case_025,C05,include,ok
qwen,2,2,case_025,C06,include,ok
qwen,2,2,case_025,C07,include,ok
qwen,2,2,case_025,C08,exclude,ok
qwen,2,2,case_025,C09,include,ok
qwen,2,2,case_025,C10,exclude,ok
qwen,2,2,case_026,C01,include,ok
qwen,2,2,case_026,C02,exclude,ok
qwen,2,2,case_026,C03,include,ok
qwen,2,2,case_026,C04,include,ok
qwen,2,2,case_026,C05,include,ok
qwen,2,2,case_026,C06,include,ok
qwen,2,2,case_026,C07,include,ok
qwen,2,2,case_026,C08,include,ok
qwen,2,2,case_026,C09,include,ok
qwen,2,2,case_026,C10,include,ok
qwen,2,2,case_027,C01,exclude,ok
qwen,2,2,case_027,C02,exclude,ok
qwen,2,2,case_027,C03,exclude,ok
qwen,2,2,case_027,C04,exclude,ok
qwen,2,2,case_027,C05,exclude,ok
qwen,2,2,case_027,C06,exclude,ok
qwen,2,2,case_027,C07,exclude,ok
qwen,2,2,case_027,C08,exclude,ok
qwen,2,2,case_027,C09,exclude,ok
qwen,2,2,case_027,C10,exclude,ok
qwen,2,2,case_028,C01,include,ok
qwen,2,2,case_028,C02,include,ok
qwen,2,2,case_028,C03,include,ok
qwen,2,2,case_028,C04,exclude,ok
qwen,2,2,case_028,C05,include,ok
qwen,2,2,case_028,C06,include,ok
qwen,2,2,case_028,C07,include,ok
qwen,2,2,case_028,C08,include,ok
qwen,2,2,case_028,C09,include,ok
qwen,2,2,case_028,C10,include,ok
qwen,2,2,case_029,C01,exclude,ok
qwen,2,2,case_029,C02,exclude,ok
qwen,2,2,case_029,C03,exclude,ok
qwen,2,2,case_029,C04,exclude,ok
qwen,2,2,case_029,C05,exclude,ok
qwen,2,2,case_029,C06,exclude,ok
qwen,2,2,case_029,C07,exclude,ok
qwen,2,2,case_029,C08,exclude,ok
qwen,2,2,case_029,C09,exclude,ok
qwen,2,2,case_029,C10,exclude,ok
qwen,2,2,case_030,C01,exclude,ok
qwen,2,2,case_030,C02,exclude,ok
qwen,2,2,case_030,C03,exclude,ok
qwen,2,2,case_030,C04,exclude,ok
qwen,2,2,case_030,C05,exclude,ok
qwen,2,2,case_030,C06,exclude,ok
qwen,2,2,case_030,C07,exclude,ok
qwen,2,2,case_030,C08,exclude,ok
qwen,2,2,case_030,C09,exclude,ok
qwen,2,2,case_030,C10,exclude,ok
qwen,2,2,case_031,C01,include,ok
qwen,2,2,case_031,C02,include,ok
qwen,2,2,case_031,C03,include,ok
qwen,2,2,case_031,C04,include,ok
qwen,2,2,case_031,C05,include,ok
qwen,2,2,case_031,C06,include,ok
qwen,2,2,case_031,C07,include,ok
qwen,2,2,case_031,C08,include,ok
qwen,2,2,case_031,C09,include,ok
qwen,2,2,case_031,C10,include,ok
qwen,2,2,case_032,C01,include,ok
qwen,2,2,case_032,C02,exclude,ok
qwen,2,2,case_032,C03,exclude,ok
qwen,2,2,case_032,C04,exclude,ok
qwen,2,2,case_032,C05,exclude,ok
qwen,2,2,case_032,C06,exclude,ok
qwen,2,2,case_032,C07,exclude,ok
qwen,2,2,case_032,C08,exclude,ok
qwen,2,2,case_032,C09,exclude,ok
qwen,2,2,case_032,C10,exclude,ok
qwen,2,2,case_033,C01,include,ok
qwen,2,2,case_033,C02,include,ok
qwen,2,2,case_033,C03,exclude,ok
qwen,2,2,case_033,C04,exclude,ok
qwen,2,2,case_033,C05,exclude,ok
qwen,2,2,case_033,C06,exclude,ok
qwen,2,2,case_033,C07,exclude,ok
qwen,2,2,case_033,C08,exclude,ok
qwen,2,2,case_033,C09,exclude,ok
qwen,2,2,case_033,C10,exclude,ok
qwen,2,2,case_034,C01,exclude,ok
qwen,2,2,case_034,C02,exclude,ok
qwen,2,2,case_034,C03,exclude,ok
qwen,2,2,case_034,C04,exclude,ok
qwen,2,2,case_034,C05,exclude,ok
qwen,2,2,case_034,C06,include,ok
qwen,2,2,case_034,C07,exclude,ok
qwen,2,2,case_034,C08,exclude,ok
qwen,2,2,case_034,C09,exclude,ok
qwen,2,2,case_034,C10,exclude,ok
qwen,2,2,case_035,C01,exclude,ok
qwen,2,2,case_035,C02,exclude,ok
qwen,2,2,case_035,C03,exclude,ok
qwen,2,2,case_035,C04,include,ok
qwen,2,2,case_035,C05,exclude,ok
qwen,2,2,case_035,C06,exclude,ok
qwen,2,2,case_035,C07,exclude,ok
qwen,2,2,case_035,C08,exclude,ok
qwen,2,2,case_035,C09,exclude,ok
qwen,2,2,case_035,C10,exclude,ok
qwen,2,2,case_036,C01,exclude,ok
qwen,2,2,case_036,C02,include,ok
qwen,2,2,case_036,C03,include,ok
qwen,2,2,case_036,C04,exclude,ok
qwen,2,2,case_036,C05,exclude,ok
qwen,2,2,case_036,C06,exclude,ok
qwen,2,2,case_036,C07,exclude,ok
qwen,2,2,case_036,C08,exclude,ok
qwen,2,2,case_036,C09,include,ok
qwen,2,2,case_036,C10,exclude,ok
qwen,2,2,case_037,C01,exclude,ok
qwen,2,2,case_037,C02,exclude,ok
qwen,2,2,case_037,C03,exclude,ok
qwen,2,2,case_037,C04,exclude,ok
qwen,2,2,case_037,C05,exclude,ok
qwen,2,2,case_037,C06,exclude,ok
qwen,2,2,case_037,C07,exclude,ok
qwen,2,2,case_037,C08,exclude,ok
qwen,2,2,case_037,C09,exclude,ok
qwen,2,2,case_037,C10,exclude,ok
qwen,2,2,case_038,C01,exclude,ok
qwen,2,2,case_038,C02,exclude,ok
qwen,2,2,case_038,C03,exclude,ok
qwen,2,2,case_038,C04,include,ok
qwen,2,2,case_038,C05,exclude,ok
qwen,2,2,case_038,C06,exclude,ok
qwen,2,2,case_038,C07,exclude,ok
qwen,2,2,case_038,C08,include,ok
qwen,2,2,case_038,C09,exclude,ok
qwen,2,2,case_038,C10,exclude,ok
qwen,2,2,case_039,C01,exclude,ok
qwen,2,2,case_039,C02,exclude,ok
qwen,2,2,case_039,C03,exclude,ok
qwen,2,2,case_039,C04,exclude,ok
qwen,2,2,case_039,C05,exclude,ok
qwen,2,2,case_039,C06,exclude,ok
qwen,2,2,case_039,C07,exclude,ok
qwen,2,2,case_039,C08,exclude,ok
qwen,2,2,case_039,C09,exclude,ok
qwen,2,2,case_039,C10,exclude,ok
qwen,2,2,case_040,C01,exclude,ok
qwen,2,2,case_040,C02,exclude,ok
qwen,2,2,case_040,C03,include,ok
qwen,2,2,case_040,C04,include,ok
qwen,2,2,case_040,C05,exclude,ok
qwen,2,2,case_040,C06,include,ok
qwen,2,2,case_040,C07,include,ok
qwen,2,2,case_040,C08,include,ok
qwen,2,2,case_040,C09,exclude,ok
qwen,2,2,case_040,C10,include,ok
qwen,2,2,case_041,C01,exclude,ok
qwen,2,2,case_041,C02,exclude,ok
qwen,2,2,case_041,C03,exclude,ok
qwen,2,2,case_041,C04,exclude,ok
qwen,2,2,case_041,C05,include,ok
qwen,2,2,case_041,C06,exclude,ok
qwen,2,2,case_041,C07,exclude,ok
qwen,2,2,case_041,C08,exclude,ok
qwen,2,2,case_041,C09,include,ok
qwen,2,2,case_041,C10,exclude,ok
qwen,2,2,case_042,C01,exclude,ok
qwen,2,2,case_042,C02,exclude,ok
qwen,2,2,case_042,C03,exclude,ok
qwen,2,2,case_042,C04,exclude,ok
qwen,2,2,case_042,C05,exclude,ok
qwen,2,2,case_042,C06,exclude,ok
qwen,2,2,case_042,C07,exclude,ok
qwen,2,2,case_042,C08,exclude,ok
qwen,2,2,case_042,C09,exclude,ok
qwen,2,2,case_042,C10,exclude,ok
qwen,2,2,case_043,C01,include,ok
qwen,2,2,case_043,C02,include,ok
qwen,2,2,case_043,C03,exclude,ok
qwen,2,2,case_043,C04,include,ok
qwen,2,2,case_043,C05,exclude,ok
qwen,2,2,case_043,C06,include,ok
qwen,2,2,case_043,C07,exclude,ok
qwen,2,2,case_043,C08,include,ok
qwen,2,2,case_043,C09,exclude,ok
qwen,2,2,case_043,C10,include,ok
qwen,2,2,case_044,C01,include,ok
qwen,2,2,case_044,C02,include,ok
qwen,2,2,case_044,C03,include,ok
qwen,2,2,case_044,C04,exclude,ok
qwen,2,2,case_044,C05,include,ok
qwen,2,2,case_044,C06,include,ok
qwen,2,2,case_044,C07,exclude,ok
qwen,2,2,case_044,C08,exclude,ok
qwen,2,2,case_044,C09,exclude,ok
qwen,2,2,case_044,C10,exclude,ok
qwen,2,2,case_045,C01,exclude,ok
qwen,2,2,case_045,C02,exclude,ok
qwen,2,2,case_045,C03,exclude,ok
qwen,2,2,case_045,C04,exclude,ok
qwen,2,2,case_045,C05,exclude,ok
qwen,2,2,case_045,C06,exclude,ok
qwen,2,2,case_045,C07,exclude,ok
qwen,2,2,case_045,C08,exclude,ok
qwen,2,2,case_045,C09,exclude,ok
qwen,2,2,case_045,C10,exclude,ok
qwen,2,2,case_046,C01,include,ok
qwen,2,2,case_046,C02,exclude,ok
qwen,2,2,case_046,C03,exclude,ok
qwen,2,2,case_046,C04,exclude,ok
qwen,2,2,case_046,C05,include,ok
qwen,2,2,case_046,C06,include,ok
qwen,2,2,case_046,C07,exclude,ok
qwen,2,2,case_046,C08,exclude,ok
qwen,2,2,case_046,C09,include,ok
qwen,2,2,case_046,C10,include,ok
qwen,2,2,case_047,C01,include,ok
qwen,2,2,case_047,C02,exclude,ok
qwen,2,2,case_047,C03,exclude,ok
qwen,2,2,case_047,C04,exclude,ok
qwen,2,2,case_047,C05,exclude,ok
qwen,2,2,case_047,C06,include,ok
qwen,2,2,case_047,C07,include,ok
qwen,2,2,case_047,C08,include,ok
qwen,2,2,case_047,C09,exclude,ok
qwen,2,2,case_047,C10,exclude,ok
qwen,2,2,case_048,C01,exclude,ok
qwen,2,2,case_048,C02,include,ok
qwen,2,2,case_048,C03,exclude,ok
qwen,2,2,case_048,C04,include,ok
qwen,2,2,case_048,C05,include,ok
qwen,2,2,case_048,C06,include,ok
qwen,2,2,case_048,C07,exclude,ok
qwen,2,2,case_048,C08,include,ok
qwen,2,2,case_048,C09,include,ok
qwen,2,2,case_048,C10,include,ok
qwen,2,2,case_049,C01,exclude,ok
qwen,2,2,case_049,C02,exclude,ok
qwen,2,2,case_049,C03,exclude,ok
qwen,2,2,case_049,C04,include,ok
qwen,2,2,case_049,C05,exclude,ok
qwen,2,2,case_049,C06,exclude,ok
qwen,2,2,case_049,C07,include,ok
qwen,2,2,case_049,C08,exclude,ok
qwen,2,2,case_049,C09,include,ok
qwen,2,2,case_049,C10,exclude,ok
qwen,2,2,case_050,C01,include,ok
qwen,2,2,case_050,C02,exclude,ok
qwen,2,2,case_050,C03,exclude,ok
qwen,2,2,case_050,C04,exclude,ok
qwen,2,2,case_050,C05,exclude,ok
qwen,2,2,case_050,C06,exclude,ok
qwen,2,2,case_050,C07,exclude,ok
qwen,2,2,case_050,C08,exclude,ok
qwen,2,2,case_050,C09,exclude,ok
qwen,2,2,case_050,C10,exclude,ok
qwen,2,2,case_051,C01,exclude,ok
qwen,2,2,case_051,C02,include,ok
qwen,2,2,case_051,C03,exclude,ok
qwen,2,2,case_051,C04,exclude,ok
qwen,2,2,case_051,C05,include,ok
qwen,2,2,case_051,C06,exclude,ok
qwen,2,2,case_051,C07,exclude,ok
qwen,2,2,case_051,C08,exclude,ok
qwen,2,2,case_051,C09,exclude,ok
qwen,2,2,case_051,C10,exclude,ok
qwen,2,2,case_052,C01,exclude,ok
qwen,2,2,case_052,C02,exclude,ok
qwen,2,2,case_052,C03,exclude,ok
qwen,2,2,case_052,C04,exclude,ok
qwen,2,2,case_052,C05,exclude,ok
qwen,2,2,case_052,C06,exclude,ok
qwen,2,2,case_052,C07,exclude,ok
qwen,2,2,case_052,C08,exclude,ok
qwen,2,2,case_052,C09,exclude,ok
qwen,2,2,case_052,C10,exclude,ok
qwen,2,2,case_053,C01,exclude,ok
qwen,2,2,case_053,C02,include,ok
qwen,2,2,case_053,C03,exclude,ok
qwen,2,2,case_053,C04,exclude,ok
qwen,2,2,case_053,C05,exclude,ok
qwen,2,2,case_053,C06,include,ok
qwen,2,2,case_053,C07,exclude,ok
qwen,2,2,case_053,C08,include,ok
qwen,2,2,case_053,C09,exclude,ok
qwen,2,2,case_053,C10,exclude,ok
qwen,2,2,case_054,C01,exclude,ok
qwen,2,2,case_054,C02,exclude,ok
qwen,2,2,case_054,C03,exclude,ok
qwen,2,2,case_054,C04,exclude,ok
qwen,2,2,case_054,C05,include,ok
qwen,2,2,case_054,C06,exclude,ok
qwen,2,2,case_054,C07,exclude,ok
qwen,2,2,case_054,C08,exclude,ok
qwen,2,2,case_054,C09,exclude,ok
qwen,2,2,case_054,C10,exclude,ok
qwen,2,2,case_055,C01,exclude,ok
qwen,2,2,case_055,C02,exclude,ok
qwen,2,2,case_055,C03,exclude,ok
qwen,2,2,case_055,C04,exclude,ok
qwen,2,2,case_055,C05,exclude,ok
qwen,2,2,case_055,C06,exclude,ok
qwen,2,2,case_055,C07,exclude,ok
qwen,2,2,case_055,C08,exclude,ok
qwen,2,2,case_055,C09,exclude,ok
qwen,2,2,case_055,C10,exclude,ok
qwen,2,2,case_056,C01,exclude,ok
qwen,2,2,case_056,C02,exclude,ok
qwen,2,2,case_056,C03,exclude,ok
qwen,2,2,case_056,C04,exclude,ok
qwen,2,2,case_056,C05,exclude,ok
qwen,2,2,case_056,C06,exclude,ok
qwen,2,2,case_056,C07,exclude,ok
qwen,2,2,case_056,C08,exclude,ok
qwen,2,2,case_056,C09,exclude,ok
qwen,2,2,case_056,C10,exclude,ok
qwen,2,2,case_057,C01,exclude,ok
qwen,2,2,case_057,C02,exclude,ok
qwen,2,2,case_057,C03,include,ok
qwen,2,2,case_057,C04,include,ok
qwen,2,2,case_057,C05,exclude,ok
qwen,2,2,case_057,C06,include,ok
qwen,2,2,case_057,C07,include,ok
qwen,2,2,case_057,C08,exclude,ok
qwen,2,2,case_057,C09,exclude,ok
qwen,2,2,case_057,C10,exclude,ok
qwen,2,2,case_058,C01,include,ok
qwen,2,2,case_058,C02,exclude,ok
qwen,2,2,case_058,C03,exclude,ok
qwen,2,2,case_058,C04,include,ok
qwen,2,2,case_058,C05,exclude,ok
qwen,2,2,case_058,C06,exclude,ok
qwen,2,2,case_058,C07,include,ok
qwen,2,2,case_058,C08,exclude,ok
qwen,2,2,case_058,C09,exclude,ok
qwen,2,2,case_058,C10,include,ok
qwen,2,2,case_059,C01,exclude,ok
qwen,2,2,case_059,C02,include,ok
qwen,2,2,case_059,C03,exclude,ok
qwen,2,2,case_059,C04,include,ok
qwen,2,2,case_059,C05,exclude,ok
qwen,2,2,case_059,C06,include,ok
qwen,2,2,case_059,C07,exclude,ok
qwen,2,2,case_059,C08,include,ok
qwen,2,2,case_059,C09,exclude,ok
qwen,2,2,case_059,C10,exclude,ok
qwen,2,2,case_060,C01,include,ok
qwen,2,2,case_060,C02,include,ok
qwen,2,2,case_060,C03,exclude,ok
qwen,2,2,case_060,C04,exclude,ok
qwen,2,2,case_060,C05,exclude,ok
qwen,2,2,case_060,C06,exclude,ok
qwen,2,2,case_060,C07,exclude,ok
qwen,2,2,case_060,C08,exclude,ok
qwen,2,2,case_060,C09,exclude,ok
qwen,2,2,case_060,C10,exclude,ok
qwen,2,2,case_061,C01,exclude,ok
qwen,2,2,case_061,C02,exclude,ok
qwen,2,2,case_061,C03,exclude,ok
qwen,2,2,case_061,C04,exclude,ok
qwen,2,2,case_061,C05,exclude,ok
qwen,2,2,case_061,C06,exclude,ok
qwen,2,2,case_061,C07,exclude,ok
qwen,2,2,case_061,C08,exclude,ok
qwen,2,2,case_061,C09,exclude,ok
qwen,2,2,case_061,C10,exclude,ok
qwen,2,2,case_062,C01,exclude,ok
qwen,2,2,case_062,C02,exclude,ok
qwen,2,2,case_062,C03,exclude,ok
qwen,2,2,case_062,C04,exclude,ok
qwen,2,2,case_062,C05,exclude,ok
qwen,2,2,case_062,C06,exclude,ok
qwen,2,2,case_062,C07,exclude,ok
qwen,2,2,case_062,C08,exclude,ok
qwen,2,2,case_062,C09,exclude,ok
qwen,2,2,case_062,C10,exclude,ok
qwen,2,2,case_063,C01,exclude,ok
qwen,2,2,case_063,C02,exclude,ok
qwen,2,2,case_063,C03,exclude,ok
qwen,2,2,case_063,C04,exclude,ok
qwen,2,2,case_063,C05,include,ok
qwen,2,2,case_063,C06,exclude,ok
qwen,2,2,case_063,C07,exclude,ok
qwen,2,2,case_063,C08,exclude,ok
qwen,2,2,case_063,C09,exclude,ok
qwen,2,2,case_063,C10,exclude,ok
qwen,2,2,case_064,C01,exclude,ok
qwen,2,2,case_064,C02,exclude,ok
qwen,2,2,case_064,C03,exclude,ok
qwen,2,2,case_064,C04,exclude,ok
qwen,2,2,case_064,C05,exclude,ok
qwen,2,2,case_064,C06,exclude,ok
qwen,2,2,case_064,C07,exclude,ok
qwen,2,2,case_064,C08,exclude,ok
qwen,2,2,case_064,C09,exclude,ok
qwen,2,2,case_064,C10,exclude,ok
qwen,2,2,case_065,C01,exclude,ok
qwen,2,2,case_065,C02,exclude,ok
qwen,2,2,case_065,C03,exclude,ok
qwen,2,2,case_065,C04,include,ok
qwen,2,2,case_065,C05,exclude,ok
qwen,2,2,case_065,C06,exclude,ok
qwen,2,2,case_065,C07,exclude,ok
qwen,2,2,case_065,C08,exclude,ok
qwen,2,2,case_065,C09,include,ok
qwen,2,2,case_065,C10,exclude,ok
qwen,2,2,case_066,C01,exclude,ok
qwen,2,2,case_066,C02,exclude,ok
qwen,2,2,case_066,C03,exclude,ok
qwen,2,2,case_066,C04,exclude,ok
qwen,2,2,case_066,C05,exclude,ok
qwen,2,2,case_066,C06,exclude,ok
qwen,2,2,case_066,C07,exclude,ok
qwen,2,2,case_066,C08,exclude,ok
qwen,2,2,case_066,C09,exclude,ok
qwen,2,2,case_066,C10,exclude,ok
qwen,2,2,case_067,C01,exclude,ok
qwen,2,2,case_067,C02,include,ok
qwen,2,2,case_067,C03,include,ok
qwen,2,2,case_067,C04,exclude,ok
qwen,2,2,case_067,C05,exclude,ok
qwen,2,2,case_067,C06,exclude,ok
qwen,2,2,case_067,C07,include,ok
qwen,2,2,case_067,C08,include,ok
qwen,2,2,case_067,C09,include,ok
qwen,2,2,case_067,C10,exclude,ok
qwen,2,2,case_068,C01,include,ok
qwen,2,2,case_068,C02,exclude,ok
qwen,2,2,case_068,C03,exclude,ok
qwen,2,2,case_068,C04,exclude,ok
qwen,2,2,case_068,C05,exclude,ok
qwen,2,2,case_068,C06,exclude,ok
qwen,2,2,case_068,C07,exclude,ok
qwen,2,2,case_068,C08,exclude,ok
qwen,2,2,case_068,C09,exclude,ok
qwen,2,2,case_068,C10,exclude,ok
qwen,2,2,case_069,C01,include,ok
qwen,2,2,case_069,C02,include,ok
qwen,2,2,case_069,C03,exclude,ok
qwen,2,2,case_069,C04,include,ok
qwen,2,2,case_069,C05,exclude,ok
qwen,2,2,case_069,C06,include,ok
qwen,2,2,case_069,C07,exclude,ok
qwen,2,2,case_069,C08,exclude,ok
qwen,2,2,case_069,C09,exclude,ok
qwen,2,2,case_069,C10,exclude,ok
qwen,2,2,case_070,C01,include,ok
qwen,2,2,case_070,C02,exclude,ok
qwen,2,2,case_070,C03,exclude,ok
qwen,2,2,case_070,C04,exclude,ok
qwen,2,2,case_070,C05,include,ok
qwen,2,2,case_070,C06,include,ok
qwen,2,2,case_070,C07,exclude,ok
qwen,2,2,case_070,C08,exclude,ok
qwen,2,2,case_070,C09,exclude,ok
qwen,2,2,case_070,C10,exclude,ok
qwen,2,2,case_071,C01,exclude,ok
qwen,2,2,case_071,C02,exclude,ok
qwen,2,2,case_071,C03,exclude,ok
qwen,2,2,case_071,C04,exclude,ok
qwen,2,2,case_071,C05,exclude,ok
qwen,2,2,case_071,C06,exclude,ok
qwen,2,2,case_071,C07,exclude,ok
qwen,2,2,case_071,C08,exclude,ok
qwen,2,2,case_071,C09,exclude,ok
qwen,2,2,case_071,C10,exclude,ok
qwen,2,2,case_072,C01,exclude,ok
qwen,2,2,case_072,C02,exclude,ok
qwen,2,2,case_072,C03,include,ok
qwen,2,2,case_072,C04,include,ok
qwen,2,2,case_072,C05,exclude,ok
qwen,2,2,case_072,C06,include,ok
qwen,2,2,case_072,C07,exclude,ok
qwen,2,2,case_072,C08,include,ok
qwen,2,2,case_072,C09,exclude,ok
qwen,2,2,case_072,C10,exclude,ok
qwen,2,2,case_073,C01,exclude,ok
qwen,2,2,case_073,C02,include,ok
qwen,2,2,case_073,C03,include,ok
qwen,2,2,case_073,C04,include,ok
qwen,2,2,case_073,C05,include,ok
qwen,2,2,case_073,C06,exclude,ok
qwen,2,2,case_073,C07,include,ok
qwen,2,2,case_073,C08,exclude,ok
qwen,2,2,case_073,C09,exclude,ok
qwen,2,2,case_073,C10,include,ok
qwen,2,2,case_074,C01,include,ok
qwen,2,2,case_074,C02,include,ok
qwen,2,2,case_074,C03,include,ok
qwen,2,2,case_074,C04,include,ok
qwen,2,2,case_074,C05,exclude,ok
qwen,2,2,case_074,C06,exclude,ok
qwen,2,2,case_074,C07,exclude,ok
qwen,2,2,case_074,C08,exclude,ok
qwen,2,2,case_074,C09,exclude,ok
qwen,2,2,case_074,C10,exclude,ok
qwen,2,2,case_075,C01,exclude,ok
qwen,2,2,case_075,C02,exclude,ok
qwen,2,2,case_075,C03,exclude,ok
qwen,2,2,case_075,C04,exclude,ok
qwen,2,2,case_075,C05,exclude,ok
qwen,2,2,case_075,C06,exclude,ok
qwen,2,2,case_075,C07,exclude,ok
qwen,2,2,case_075,C08,exclude,ok
qwen,2,2,case_075,C09,exclude,ok
qwen,2,2,case_075,C10,exclude,ok
qwen,2,2,case_076,C01,exclude,ok
qwen,2,2,case_076,C02,exclude,ok
qwen,2,2,case_076,C03,exclude,ok
qwen,2,2,case_076,C04,exclude,ok
qwen,2,2,case_076,C05,exclude,ok
qwen,2,2,case_076,C06,exclude,ok
qwen,2,2,case_076,C07,exclude,ok
qwen,2,2,case_076,C08,exclude,ok
qwen,2,2,case_076,C09,exclude,ok
qwen,2,2,case_076,C10,exclude,ok
qwen,2,2,case_077,C01,exclude,ok
qwen,2,2,case_077,C02,include,ok
qwen,2,2,case_077,C03,exclude,ok
qwen,2,2,case_077,C04,exclude,ok
qwen,2,2,case_077,C05,exclude,ok
qwen,2,2,case_077,C06,include,ok
qwen,2,2,case_077,C07,exclude,ok
qwen,2,2,case_077,C08,exclude,ok
qwen,2,2,case_077,C09,include,ok
qwen,2,2,case_077,C10,include,ok
qwen,2,2,case_078,C01,exclude,ok
qwen,2,2,case_078,C02,exclude,ok
qwen,2,2,case_078,C03,exclude,ok
qwen,2,2,case_078,C04,exclude,ok
qwen,2,2,case_078,C05,exclude,ok
qwen,2,2,case_078,C06,exclude,ok
qwen,2,2,case_078,C07,exclude,ok
qwen,2,2,case_078,C08,exclude,ok
qwen,2,2,case_078,C09,exclude,ok
qwen,2,2,case_078,C10,exclude,ok
qwen,2,2,case_079,C01,exclude,ok
qwen,2,2,case_079,C02,exclude,ok
qwen,2,2,case_079,C03,exclude,ok
qwen,2,2,case_079,C04,exclude,ok
qwen,2,2,case_079,C05,exclude,ok
qwen,2,2,case_079,C06,include,ok
qwen,2,2,case_079,C07,exclude,ok
qwen,2,2,case_079,C08,exclude,ok
qwen,2,2,case_079,C09,include,ok
qwen,2,2,case_079,C10,exclude,ok
qwen,2,2,case_080,C01,include,ok
qwen,2,2,case_080,C02,exclude,ok
qwen,2,2,case_080,C03,exclude,ok
qwen,2,2,case_080,C04,exclude,ok
qwen,2,2,case_080,C05,exclude,ok
qwen,2,2,case_080,C06,exclude,ok
qwen,2,2,case_080,C07,exclude,ok
qwen,2,2,case_080,C08,exclude,ok
qwen,2,2,case_080,C09,exclude,ok
qwen,2,2,case_080,C10,exclude,ok
qwen,2,2,case_081,C01,exclude,ok
qwen,2,2,case_081,C02,include,ok
qwen,2,2,case_081,C03,exclude,ok
qwen,2,2,case_081,C04,exclude,ok
qwen,2,2,case_081,C05,exclude,ok
qwen,2,2,case_081,C06,include,ok
qwen,2,2,case_081,C07,exclude,ok
qwen,2,2,case_081,C08,exclude,ok
qwen,2,2,case_081,C09,exclude,ok
qwen,2,2,case_081,C10,exclude,ok
qwen,2,2,case_082,C01,include,ok
qwen,2,2,case_082,C02,include,ok
qwen,2,2,case_082,C03,include,ok
qwen,2,2,case_082,C04,include,ok
qwen,2,2,case_082,C05,exclude,ok
qwen,2,2,case_082,C06,include,ok
qwen,2,2,case_082,C07,exclude,ok
qwen,2,2,case_082,C08,exclude,ok
qwen,2,2,case_082,C09,include,ok
qwen,2,2,case_082,C10,include,ok
qwen,2,2,case_083,C01,exclude,ok
qwen,2,2,case_083,C02,exclude,ok
qwen,2,2,case_083,C03,exclude,ok
qwen,2,2,case_083,C04,exclude,ok
qwen,2,2,case_083,C05,exclude,ok
qwen,2,2,case_083,C06,exclude,ok
qwen,2,2,case_083,C07,exclude,ok
qwen,2,2,case_083,C08,exclude,ok
qwen,2,2,case_083,C09,exclude,ok
qwen,2,2,case_083,C10,exclude,ok
qwen,2,2,case_084,C01,exclude,ok
qwen,2,2,case_084,C02,exclude,ok
qwen,2,2,case_084,C03,include,ok
qwen,2,2,case_084,C04,exclude,ok
qwen,2,2,case_084,C05,exclude,ok
qwen,2,2,case_084,C06,exclude,ok
qwen,2,2,case_084,C07,exclude,ok
qwen,2,2,case_084,C08,exclude,ok
qwen,2,2,case_084,C09,exclude,ok
qwen,2,2,case_084,C10,exclude,ok
qwen,2,2,case_085,C01,exclude,ok
qwen,2,2,case_085,C02,exclude,ok
qwen,2,2,case_085,C03,exclude,ok
qwen,2,2,case_085,C04,exclude,ok
qwen,2,2,case_085,C05,exclude,ok
qwen,2,2,case_085,C06,exclude,ok
qwen,2,2,case_085,C07,exclude,ok
qwen,2,2,case_085,C08,exclude,ok
qwen,2,2,case_085,C09,exclude,ok
qwen,2,2,case_085,C10,exclude,ok
qwen,2,2,case_086,C01,exclude,ok
qwen,2,2,case_086,C02,exclude,ok
qwen,2,2,case_086,C03,exclude,ok
qwen,2,2,case_086,C04,exclude,ok
qwen,2,2,case_086,C05,include,ok
qwen,2,2,case_086,C06,exclude,ok
qwen,2,2,case_086,C07,exclude,ok
qwen,2,2,case_086,C08,exclude,ok
qwen,2,2,case_086,C09,exclude,ok
qwen,2,2,case_086,C10,exclude,ok
qwen,2,2,case_087,C01,include,ok
qwen,2,2,case_087,C02,include,ok
qwen,2,2,case_087,C03,exclude,ok
qwen,2,2,case_087,C04,exclude,ok
qwen,2,2,case_087,C05,include,ok
qwen,2,2,case_087,C06,include,ok
qwen,2,2,case_087,C07,include,ok
qwen,2,2,case_087,C08,exclude,ok
qwen,2,2,case_087,C09,include,ok
qwen,2,2,case_087,C10,exclude,ok
qwen,2,2,case_088,C01,exclude,ok
qwen,2,2,case_088,C02,exclude,ok
qwen,2,2,case_088,C03,include,ok
qwen,2,2,case_088,C04,exclude,ok
qwen,2,2,case_088,C05,exclude,ok
qwen,2,2,case_088,C06,exclude,ok
qwen,2,2,case_088,C07,exclude,ok
qwen,2,2,case_088,C08,exclude,ok
qwen,2,2,case_088,C09,exclude,ok
qwen,2,2,case_088,C10,exclude,ok
qwen,2,2,case_089,C01,include,ok
qwen,2,2,case_089,C02,exclude,ok
qwen,2,2,case_089,C03,include,ok
qwen,2,2,case_089,C04,exclude,ok
qwen,2,2,case_089,C05,include,ok
qwen,2,2,case_089,C06,exclude,ok
qwen,2,2,case_089,C07,include,ok
qwen,2,2,case_089,C08,include,ok
qwen,2,2,case_089,C09,include,ok
qwen,2,2,case_089,C10,exclude,ok
qwen,2,2,case_090,C01,include,ok
qwen,2,2,case_090,C02,include,ok
qwen,2,2,case_090,C03,exclude,ok
qwen,2,2,case_090,C04,exclude,ok
qwen,2,2,case_090,C05,exclude,ok
qwen,2,2,case_090,C06,include,ok
qwen,2,2,case_090,C07,include,ok
qwen,2,2,case_090,C08,exclude,ok
qwen,2,2,case_090,C09,exclude,ok
qwen,2,2,case_090,C10,exclude,ok
qwen,2,2,case_091,C01,exclude,ok
qwen,2,2,case_091,C02,exclude,ok
qwen,2,2,case_091,C03,exclude,ok
qwen,2,2,case_091,C04,exclude,ok
qwen,2,2,case_091,C05,exclude,ok
qwen,2,2,case_091,C06,exclude,ok
qwen,2,2,case_091,C07,exclude,ok
qwen,2,2,case_091,C08,exclude,ok
qwen,2,2,case_091,C09,exclude,ok
qwen,2,2,case_091,C10,exclude,ok
qwen,2,2,case_092,C01,exclude,ok
qwen,2,2,case_092,C02,exclude,ok
qwen,2,2,case_092,C03,exclude,ok
qwen,2,2,case_092,C04,exclude,ok
qwen,2,2,case_092,C05,exclude,ok
qwen,2,2,case_092,C06,exclude,ok
qwen,2,2,case_092,C07,exclude,ok
qwen,2,2,case_092,C08,exclude,ok
qwen,2,2,case_092,C09,exclude,ok
qwen,2,2,case_092,C10,exclude,ok
qwen,2,2,case_093,C01,exclude,ok
qwen,2,2,case_093,C02,exclude,ok
qwen,2,2,case_093,C03,include,ok
qwen,2,2,case_093,C04,include,ok
qwen,2,2,case_093,C05,include,ok
qwen,2,2,case_093,C06,exclude,ok
qwen,2,2,case_093,C07,exclude,ok
qwen,2,2,case_093,C08,exclude,ok
qwen,2,2,case_093,C09,exclude,ok
qwen,2,2,case_093,C10,exclude,ok
qwen,2,2,case_094,C01,include,ok
qwen,2,2,case_094,C02,exclude,ok
qwen,2,2,case_094,C03,include,ok
qwen,2,2,case_094,C04,exclude,ok
qwen,2,2,case_094,C05,exclude,ok
qwen,2,2,case_094,C06,include,ok
qwen,2,2,case_094,C07,exclude,ok
qwen,2,2,case_094,C08,exclude,ok
qwen,2,2,case_094,C09,exclude,ok
qwen,2,2,case_094,C10,exclude,ok
qwen,2,2,case_095,C01,exclude,ok
qwen,2,2,case_095,C02,exclude,ok
qwen,2,2,case_095,C03,exclude,ok
qwen,2,2,case_095,C04,exclude,ok
qwen,2,2,case_095,C05,exclude,ok
qwen,2,2,case_095,C06,exclude,ok
qwen,2,2,case_095,C07,exclude,ok
qwen,2,2,case_095,C08,exclude,ok
qwen,2,2,case_095,C09,exclude,ok
qwen,2,2,case_095,C10,exclude,ok
qwen,2,2,case_096,C01,include,ok
qwen,2,2,case_096,C02,exclude,ok
qwen,2,2,case_096,C03,exclude,ok
qwen,2,2,case_096,C04,exclude,ok
qwen,2,2,case_096,C05,exclude,ok
qwen,2,2,case_096,C06,include,ok
qwen,2,2,case_096,C07,include,ok
qwen,2,2,case_096,C08,include,ok
qwen,2,2,case_096,C09,include,ok
qwen,2,2,case_096,C10,exclude,ok
qwen,2,2,case_097,C01,exclude,ok
qwen,2,2,case_097,C02,exclude,ok
qwen,2,2,case_097,C03,exclude,ok
qwen,2,2,case_097,C04,exclude,ok
qwen,2,2,case_097,C05,exclude,ok
qwen,2,2,case_097,C06,exclude,ok
qwen,2,2,case_097,C07,exclude,ok
qwen,2,2,case_097,C08,exclude,ok
qwen,2,2,case_097,C09,exclude,ok
qwen,2,2,case_097,C10,exclude,ok
qwen,2,2,case_098,C01,include,ok
qwen,2,2,case_098,C02,include,ok
qwen,2,2,case_098,C03,exclude,ok
qwen,2,2,case_098,C04,include,ok
qwen,2,2,case_098,C05,include,ok
qwen,2,2,case_098,C06,exclude,ok
qwen,2,2,case_098,C07,exclude,ok
qwen,2,2,case_098,C08,exclude,ok
qwen,2,2,case_098,C09,exclude,ok
qwen,2,2,case_098,C10,include,ok
qwen,2,2,case_099,C01,include,ok
qwen,2,2,case_099,C02,include,ok
qwen,2,2,case_099,C03,include,ok
qwen,2,2,case_099,C04,exclude,ok
qwen,2,2,case_099,C05,exclude,ok
qwen,2,2,case_099,C06,include,ok
qwen,2,2,case_099,C07,include,ok
qwen,2,2,case_099,C08,include,ok
qwen,2,2,case_099,C09,exclude,ok
qwen,2,2,case_099,C10,include,ok
qwen,2,2,case_100,C01,exclude,ok
qwen,2,2,case_100,C02,exclude,ok
qwen,2,2,case_100,C03,exclude,ok
qwen,2,2,case_100,C04,exclude,ok
qwen,2,2,case_100,C05,exclude,ok
qwen,2,2,case_100,C06,exclude,ok
qwen,2,2,case_100,C07,include,ok
qwen,2,2,case_100,C08,exclude,ok
qwen,2,2,case_100,C09,exclude,ok
qwen,2,2,case_100,C10,exclude,ok
qwen,3,3,case_001,C01,exclude,ok
qwen,3,3,case_001,C02,include,ok
qwen,3,3,case_001,C03,include,ok
qwen,3,3,case_001,C04,exclude,ok
qwen,3,3,case_001,C05,include,ok
qwen,3,3,case_001,C06,include,ok
qwen,3,3,case_001,C07,include,ok
qwen,3,3,case_001,C08,exclude,ok
qwen,3,3,case_001,C09,exclude,ok
qwen,3,3,case_001,C10,include,ok
qwen,3,3,case_002,C01,exclude,ok
qwen,3,3,case_002,C02,exclude,ok
qwen,3,3,case_002,C03,exclude,ok
qwen,3,3,case_002,C04,exclude,ok
qwen,3,3,case_002,C05,exclude,ok
qwen,3,3,case_002,C06,exclude,ok
qwen,3,3,case_002,C07,exclude,ok
qwen,3,3,case_002,C08,exclude,ok
qwen,3,3,case_002,C09,exclude,ok
qwen,3,3,case_002,C10,exclude,ok
qwen,3,3,case_003,C01,include,ok
qwen,3,3,case_003,C02,include,ok
qwen,3,3,case_003,C03,exclude,ok
qwen,3,3,case_003,C04,include,ok
qwen,3,3,case_003,C05,include,ok
qwen,3,3,case_003,C06,exclude,ok
qwen,3,3,case_003,C07,exclude,ok
qwen,3,3,case_003,C08,exclude,ok
qwen,3,3,case_003,C09,exclude,ok
qwen,3,3,case_003,C10,include,ok
qwen,3,3,case_004,C01,include,ok
qwen,3,3,case_004,C02,exclude,ok
qwen,3,3,case_004,C03,exclude,ok
qwen,3,3,case_004,C04,exclude,ok
qwen,3,3,case_004,C05,include,ok
qwen,3,3,case_004,C06,exclude,ok
qwen,3,3,case_004,C07,include,ok
qwen,3,3,case_004,C08,exclude,ok
qwen,3,3,case_004,C09,exclude,ok
qwen,3,3,case_004,C10,include,ok
qwen,3,3,case_005,C01,exclude,ok
qwen,3,3,case_005,C02,exclude,ok
qwen,3,3,case_005,C03,exclude,ok
qwen,3,3,case_005,C04,exclude,ok
qwen,3,3,case_005,C05,exclude,ok
qwen,3,3,case_005,C06,exclude,ok
qwen,3,3,case_005,C07,exclude,ok
qwen,3,3,case_005,C08,exclude,ok
qwen,3,3,case_005,C09,exclude,ok
qwen,3,3,case_005,C10,exclude,ok
qwen,3,3,case_006,C01,exclude,ok
qwen,3,3,case_006,C02,exclude,ok
qwen,3,3,case_006,C03,exclude,ok
qwen,3,3,case_006,C04,exclude,ok
qwen,3,3,case_006,C05,exclude,ok
qwen,3,3,case_006,C06,exclude,ok
qwen,3,3,case_006,C07,exclude,ok
qwen,3,3,case_006,C08,exclude,ok
qwen,3,3,case_006,C09,exclude,ok
qwen,3,3,case_006,C10,exclude,ok
qwen,3,3,case_007,C01,include,ok
qwen,3,3,case_007,C02,exclude,ok
qwen,3,3,case_007,C03,include,ok
qwen,3,3,case_007,C04,exclude,ok
qwen,3,3,case_007,C05,include,ok
qwen,3,3,case_007,C06,include,ok
qwen,3,3,case_007,C07,include,ok
qwen,3,3,case_007,C08,exclude,ok
qwen,3,3,case_007,C09,exclude,ok
qwen,3,3,case_007,C10,exclude,ok
qwen,3,3,case_008,C01,exclude,ok
qwen,3,3,case_008,C02,exclude,ok
qwen,3,3,case_008,C03,exclude,ok
qwen,3,3,case_008,C04,exclude,ok
qwen,3,3,case_008,C05,include,ok
qwen,3,3,case_008,C06,include,ok
qwen,3,3,case_008,C07,include,ok
qwen,3,3,case_008,C08,include,ok
qwen,3,3,case_008,C09,include,ok
qwen,3,3,case_008,C10,include,ok
qwen,3,3,case_009,C01,include,ok
qwen,3,3,case_009,C02,exclude,ok
qwen,3,3,case_009,C03,include,ok
qwen,3,3,case_009,C04,exclude,ok
qwen,3,3,case_009,C05,exclude,ok
qwen,3,3,case_009,C06,exclude,ok
qwen,3,3,case_009,C07,exclude,ok
qwen,3,3,case_009,C08,exclude,ok
qwen,3,3,case_009,C09,exclude,ok
qwen,3,3,case_009,C10,exclude,ok
qwen,3,3,case_010,C01,include,ok
qwen,3,3,case_010,C02,exclude,ok
qwen,3,3,case_010,C03,include,ok
qwen,3,3,case_010,C04,exclude,ok
qwen,3,3,case_010,C05,include,ok
qwen,3,3,case_010,C06,include,ok
qwen,3,3,case_010,C07,exclude,ok
qwen,3,3,case_010,C08,exclude,ok
qwen,3,3,case_010,C09,include,ok
qwen,3,3,case_010,C10,include,ok
qwen,3,3,case_011,C01,exclude,ok
qwen,3,3,case_011,C02,exclude,ok
qwen,3,3,case_011,C03,exclude,ok
qwen,3,3,case_011,C04,exclude,ok
qwen,3,3,case_011,C05,include,ok
qwen,3,3,case_011,C06,exclude,ok
qwen,3,3,case_011,C07,include,ok
qwen,3,3,case_011,C08,exclude,ok
qwen,3,3,case_011,C09,exclude,ok
qwen,3,3,case_011,C10,exclude,ok
qwen,3,3,case_012,C01,include,ok
qwen,3,3,case_012,C02,exclude,ok
qwen,3,3,case_012,C03,exclude,ok
qwen,3,3,case_012,C04,exclude,ok
qwen,3,3,case_012,C05,exclude,ok
qwen,3,3,case_012,C06,exclude,ok
qwen,3,3,case_012,C07,exclude,ok
qwen,3,3,case_012,C08,exclude,ok
qwen,3,3,case_012,C09,exclude,ok
qwen,3,3,case_012,C10,exclude,ok
qwen,3,3,case_013,C01,include,ok
qwen,3,3,case_013,C02,exclude,ok
qwen,3,3,case_013,C03,exclude,ok
qwen,3,3,case_013,C04,exclude,ok
qwen,3,3,case_013,C05,exclude,ok
qwen,3,3,case_013,C06,exclude,ok
qwen,3,3,case_013,C07,exclude,ok
qwen,3,3,case_013,C08,exclude,ok
qwen,3,3,case_013,C09,exclude,ok
qwen,3,3,case_013,C10,exclude,ok
qwen,3,3,case_014,C01,exclude,ok
qwen,3,3,case_014,C02,exclude,ok
qwen,3,3,case_014,C03,exclude,ok
qwen,3,3,case_014,C04,exclude,ok
qwen,3,3,case_014,C05,exclude,ok
qwen,3,3,case_014,C06,exclude,ok
qwen,3,3,case_014,C07,exclude,ok
qwen,3,3,case_014,C08,include,ok
qwen,3,3,case_014,C09,exclude,ok
qwen,3,3,case_014,C10,exclude,ok
qwen,3,3,case_015,C01,exclude,ok
qwen,3,3,case_015,C02,exclude,ok
qwen,3,3,case_015,C03,exclude,ok
qwen,3,3,case_015,C04,exclude,ok
qwen,3,3,case_015,C05,exclude,ok
qwen,3,3,case_015,C06,exclude,ok
qwen,3,3,case_015,C07,exclude,ok
qwen,3,3,case_015,C08,exclude,ok
qwen,3,3,case_015,C09,exclude,ok
qwen,3,3,case_015,C10,exclude,ok
qwen,3,3,case_016,C01,exclude,ok
qwen,3,3,case_016,C02,include,ok
qwen,3,3,case_016,C03,include,ok
qwen,3,3,case_016,C04,include,ok
qwen,3,3,case_016,C05,include,ok
qwen,3,3,case_016,C06,exclude,ok
qwen,3,3,case_016,C07,include,ok
qwen,3,3,case_016,C08,exclude,ok
qwen,3,3,case_016,C09,exclude,ok
qwen,3,3,case_016,C10,include,ok
qwen,3,3,case_017,C01,exclude,ok
qwen,3,3,case_017,C02,exclude,ok
qwen,3,3,case_017,C03,exclude,ok
qwen,3,3,case_017,C04,exclude,ok
qwen,3,3,case_017,C05,exclude,ok
qwen,3,3,case_017,C06,exclude,ok
qwen,3,3,case_017,C07,exclude,ok
qwen,3,3,case_017,C08,exclude,ok
qwen,3,3,case_017,C09,exclude,ok
qwen,3,3,case_017,C10,exclude,ok
qwen,3,3,case_018,C01,exclude,ok
qwen,3,3,case_018,C02,exclude,ok
qwen,3,3,case_018,C03,exclude,ok
qwen,3,3,case_018,C04,exclude,ok
qwen,3,3,case_018,C05,exclude,ok
qwen,3,3,case_018,C06,exclude,ok
qwen,3,3,case_018,C07,exclude,ok
qwen,3,3,case_018,C08,exclude,ok
qwen,3,3,case_018,C09,exclude,ok
qwen,3,3,case_018,C10,include,ok
qwen,3,3,case_019,C01,exclude,ok
qwen,3,3,case_019,C02,include,ok
qwen,3,3,case_019,C03,include,ok
qwen,3,3,case_019,C04,exclude,ok
qwen,3,3,case_019,C05,exclude,ok
qwen,3,3,case_019,C06,include,ok
qwen,3,3,case_019,C07,include,ok
qwen,3,3,case_019,C08,exclude,ok
qwen,3,3,case_019,C09,exclude,ok
qwen,3,3,case_019,C10,include,ok
qwen,3,3,case_020,C01,exclude,ok
qwen,3,3,case_020,C02,exclude,ok
qwen,3,3,case_020,C03,include,ok
qwen,3,3,case_020,C04,exclude,ok
qwen,3,3,case_020,C05,exclude,ok
qwen,3,3,case_020,C06,exclude,ok
qwen,3,3,case_020,C07,exclude,ok
qwen,3,3,case_020,C08,exclude,ok
qwen,3,3,case_020,C09,exclude,ok
qwen,3,3,case_020,C10,exclude,ok
qwen,3,3,case_021,C01,include,ok
qwen,3,3,case_021,C02,exclude,ok
qwen,3,3,case_021,C03,include,ok
qwen,3,3,case_021,C04,include,ok
qwen,3,3,case_021,C05,exclude,ok
qwen,3,3,case_021,C06,exclude,ok
qwen,3,3,case_021,C07,exclude,ok
qwen,3,3,case_021,C08,include,ok
qwen,3,3,case_021,C09,include,ok
qwen,3,3,case_021,C10,exclude,ok
qwen,3,3,case_022,C01,exclude,ok
qwen,3,3,case_022,C02,exclude,ok
qwen,3,3,case_022,C03,exclude,ok
qwen,3,3,case_022,C04,exclude,ok
qwen,3,3,case_022,C05,exclude,ok
qwen,3,3,case_022,C06,exclude,ok
qwen,3,3,case_022,C07,exclude,ok
qwen,3,3,case_022,C08,exclude,ok
qwen,3,3,case_022,C09,exclude,ok
qwen,3,3,case_022,C10,exclude,ok
qwen,3,3,case_023,C01,include,ok
qwen,3,3,case_023,C02,exclude,ok
qwen,3,3,case_023,C03,include,ok
qwen,3,3,case_023,C04,exclude,ok
qwen,3,3,case_023,C05,exclude,ok
qwen,3,3,case_023,C06,include,ok
qwen,3,3,case_023,C07,include,ok
qwen,3,3,case_023,C08,exclude,ok
qwen,3,3,case_023,C09,include,ok
qwen,3,3,case_023,C10,exclude,ok
qwen,3,3,case_024,C01,exclude,ok
qwen,3,3,case_024,C02,exclude,ok
qwen,3,3,case_024,C03,exclude,ok
qwen,3,3,case_024,C04,exclude,ok
qwen,3,3,case_024,C05,include,ok
qwen,3,3,case_024,C06,exclude,ok
qwen,3,3,case_024,C07,exclude,ok
qwen,3,3,case_024,C08,exclude,ok
qwen,3,3,case_024,C09,exclude,ok
qwen,3,3,case_024,C10,exclude,ok
qwen,3,3,case_025,C01,include,ok
qwen,3,3,case_025,C02,include,ok
qwen,3,3,case_025,C03,include,ok
qwen,3,3,case_025,C04,include,ok
qwen,3,3,case_025,C05,include,ok
qwen,3,3,case_025,C06,include,ok
qwen,3,3,case_025,C07,include,ok
qwen,3,3,case_025,C08,exclude,ok
qwen,3,3,case_025,C09,include,ok
qwen,3,3,case_025,C10,exclude,ok
qwen,3,3,case_026,C01,include,ok
qwen,3,3,case_026,C02,exclude,ok
qwen,3,3,case_026,C03,include,ok
qwen,3,3,case_026,C04,include,ok
qwen,3,3,case_026,C05,include,ok
qwen,3,3,case_026,C06,include,ok
qwen,3,3,case_026,C07,include,ok
qwen,3,3,case_026,C08,include,ok
qwen,3,3,case_026,C09,include,ok
qwen,3,3,case_026,C10,include,ok
qwen,3,3,case_027,C01,exclude,ok
qwen,3,3,case_027,C02,exclude,ok
qwen,3,3,case_027,C03,exclude,ok
qwen,3,3,case_027,C04,exclude,ok
qwen,3,3,case_027,C05,exclude,ok
qwen,3,3,case_027,C06,exclude,ok
qwen,3,3,case_027,C07,exclude,ok
qwen,3,3,case_027,C08,exclude,ok
qwen,3,3,case_027,C09,exclude,ok
qwen,3,3,case_027,C10,exclude,ok
qwen,3,3,case_028,C01,include,ok
qwen,3,3,case_028,C02,include,ok
qwen,3,3,case_028,C03,include,ok
qwen,3,3,case_028,C04,exclude,ok
qwen,3,3,case_028,C05,include,ok
qwen,3,3,case_028,C06,include,ok
qwen,3,3,case_028,C07,include,ok
qwen,3,3,case_028,C08,include,ok
qwen,3,3,case_028,C09,include,ok
qwen,3,3,case_028,C10,include,ok
qwen,3,3,case_029,C01,exclude,ok
qwen,3,3,case_029,C02,exclude,ok
qwen,3,3,case_029,C03,exclude,ok
qwen,3,3,case_029,C04,exclude,ok
qwen,3,3,case_029,C05,exclude,ok
qwen,3,3,case_029,C06,exclude,ok
qwen,3,3,case_029,C07,exclude,ok
qwen,3,3,case_029,C08,exclude,ok
qwen,3,3,case_029,C09,exclude,ok
qwen,3,3,case_029,C10,exclude,ok
qwen,3,3,case_030,C01,exclude,ok
qwen,3,3,case_030,C02,exclude,ok
qwen,3,3,case_030,C03,exclude,ok
qwen,3,3,case_030,C04,exclude,ok
qwen,3,3,case_030,C05,exclude,ok
qwen,3,3,case_030,C06,exclude,ok
qwen,3,3,case_030,C07,exclude,ok
qwen,3,3,case_030,C08,exclude,ok
qwen,3,3,case_030,C09,exclude,ok
qwen,3,3,case_030,C10,exclude,ok
qwen,3,3,case_031,C01,include,ok
qwen,3,3,case_031,C02,include,ok
qwen,3,3,case_031,C03,include,ok
qwen,3,3,case_031,C04,include,ok
qwen,3,3,case_031,C05,include,ok
qwen,3,3,case_031,C06,include,ok
qwen,3,3,case_031,C07,include,ok
qwen,3,3,case_031,C08,include,ok
qwen,3,3,case_031,C09,include,ok
qwen,3,3,case_031,C10,include,ok
qwen,3,3,case_032,C01,include,ok
qwen,3,3,case_032,C02,exclude,ok
qwen,3,3,case_032,C03,exclude,ok
qwen,3,3,case_032,C04,exclude,ok
qwen,3,3,case_032,C05,exclude,ok
qwen,3,3,case_032,C06,exclude,ok
qwen,3,3,case_032,C07,exclude,ok
qwen,3,3,case_032,C08,exclude,ok
qwen,3,3,case_032,C09,exclude,ok
qwen,3,3,case_032,C10,exclude,ok
qwen,3,3,case_033,C01,include,ok
qwen,3,3,case_033,C02,include,ok
qwen,3,3,case_033,C03,exclude,ok
qwen,3,3,case_033,C04,exclude,ok
qwen,3,3,case_033,C05,exclude,ok
qwen,3,3,case_033,C06,exclude,ok
qwen,3,3,case_033,C07,exclude,ok
qwen,3,3,case_033,C08,exclude,ok
qwen,3,3,case_033,C09,exclude,ok
qwen,3,3,case_033,C10,exclude,ok
qwen,3,3,case_034,C01,exclude,ok
qwen,3,3,case_034,C02,exclude,ok
qwen,3,3,case_034,C03,exclude,ok
qwen,3,3,case_034,C04,exclude,ok
qwen,3,3,case_034,C05,exclude,ok
qwen,3,3,case_034,C06,include,ok
qwen,3,3,case_034,C07,exclude,ok
qwen,3,3,case_034,C08,exclude,ok
qwen,3,3,case_034,C09,exclude,ok
qwen,3,3,case_034,C10,exclude,ok
qwen,3,3,case_035,C01,exclude,ok
qwen,3,3,case_035,C02,exclude,ok
qwen,3,3,case_035,C03,exclude,ok
qwen,3,3,case_035,C04,include,ok
qwen,3,3,case_035,C05,exclude,ok
qwen,3,3,case_035,C06,exclude,ok
qwen,3,3,case_035,C07,exclude,ok
qwen,3,3,case_035,C08,exclude,ok
qwen,3,3,case_035,C09,exclude,ok
qwen,3,3,case_035,C10,exclude,ok
qwen,3,3,case_036,C01,exclude,ok
qwen,3,3,case_036,C02,include,ok
qwen,3,3,case_036,C03,include,ok
qwen,3,3,case_036,C04,exclude,ok
qwen,3,3,case_036,C05,exclude,ok
qwen,3,3,case_036,C06,exclude,ok
qwen,3,3,case_036,C07,exclude,ok
qwen,3,3,case_036,C08,exclude,ok
qwen,3,3,case_036,C09,include,ok
qwen,3,3,case_036,C10,exclude,ok
qwen,3,3,case_037,C01,exclude,ok
qwen,3,3,case_037,C02,exclude,ok
qwen,3,3,case_037,C03,exclude,ok
qwen,3,3,case_037,C04,exclude,ok
qwen,3,3,case_037,C05,exclude,ok
qwen,3,3,case_037,C06,exclude,ok
qwen,3,3,case_037,C07,exclude,ok
qwen,3,3,case_037,C08,exclude,ok
qwen,3,3,case_037,C09,exclude,ok
qwen,3,3,case_037,C10,exclude,ok
qwen,3,3,case_038,C01,exclude,ok
qwen,3,3,case_038,C02,exclude,ok
qwen,3,3,case_038,C03,exclude,ok
qwen,3,3,case_038,C04,include,ok
qwen,3,3,case_038,C05,exclude,ok
qwen,3,3,case_038,C06,exclude,ok
qwen,3,3,case_038,C07,exclude,ok
qwen,3,3,case_038,C08,include,ok
qwen,3,3,case_038,C09,exclude,ok
qwen,3,3,case_038,C10,exclude,ok
qwen,3,3,case_039,C01,exclude,ok
qwen,3,3,case_039,C02,exclude,ok
qwen,3,3,case_039,C03,exclude,ok
qwen,3,3,case_039,C04,exclude,ok
qwen,3,3,case_039,C05,exclude,ok
qwen,3,3,case_039,C06,exclude,ok
qwen,3,3,case_039,C07,exclude,ok
qwen,3,3,case_039,C08,exclude,ok
qwen,3,3,case_039,C09,exclude,ok
qwen,3,3,case_039,C10,exclude,ok
qwen,3,3,case_040,C01,exclude,ok
qwen,3,3,case_040,C02,exclude,ok
qwen,3,3,case_040,C03,include,ok
qwen,3,3,case_040,C04,include,ok
qwen,3,3,case_040,C05,exclude,ok
qwen,3,3,case_040,C06,include,ok
qwen,3,3,case_040,C07,include,ok
qwen,3,3,case_040,C08,include,ok
qwen,3,3,case_040,C09,exclude,ok
qwen,3,3,case_040,C10,include,ok
qwen,3,3,case_041,C01,exclude,ok
qwen,3,3,case_041,C02,exclude,ok
qwen,3,3,case_041,C03,exclude,ok
qwen,3,3,case_041,C04,exclude,ok
qwen,3,3,case_041,C05,include,ok
qwen,3,3,case_041,C06,exclude,ok
qwen,3,3,case_041,C07,exclude,ok
qwen,3,3,case_041,C08,exclude,ok
qwen,3,3,case_041,C09,include,ok
qwen,3,3,case_041,C10,exclude,ok
qwen,3,3,case_042,C01,exclude,ok
qwen,3,3,case_042,C02,exclude,ok
qwen,3,3,case_042,C03,exclude,ok
qwen,3,3,case_042,C04,exclude,ok
qwen,3,3,case_042,C05,exclude,ok
qwen,3,3,case_042,C06,exclude,ok
qwen,3,3,case_042,C07,exclude,ok
qwen,3,3,case_042,C08,exclude,ok
qwen,3,3,case_042,C09,exclude,ok
qwen,3,3,case_042,C10,exclude,ok
qwen,3,3,case_043,C01,include,ok
qwen,3,3,case_043,C02,include,ok
qwen,3,3,case_043,C03,exclude,ok
qwen,3,3,case_043,C04,include,ok
qwen,3,3,case_043,C05,exclude,ok
qwen,3,3,case_043,C06,include,ok
qwen,3,3,case_043,C07,exclude,ok
qwen,3,3,case_043,C08,include,ok
qwen,3,3,case_043,C09,exclude,ok
qwen,3,3,case_043,C10,include,ok
qwen,3,3,case_044,C01,include,ok
qwen,3,3,case_044,C02,include,ok
qwen,3,3,case_044,C03,include,ok
qwen,3,3,case_044,C04,exclude,ok
qwen,3,3,case_044,C05,include,ok
qwen,3,3,case_044,C06,include,ok
qwen,3,3,case_044,C07,exclude,ok
qwen,3,3,case_044,C08,exclude,ok
qwen,3,3,case_044,C09,exclude,ok
qwen,3,3,case_044,C10,exclude,ok
qwen,3,3,case_045,C01,exclude,ok
qwen,3,3,case_045,C02,exclude,ok
qwen,3,3,case_045,C03,exclude,ok
qwen,3,3,case_045,C04,exclude,ok
qwen,3,3,case_045,C05,exclude,ok
qwen,3,3,case_045,C06,exclude,ok
qwen,3,3,case_045,C07,exclude,ok
qwen,3,3,case_045,C08,exclude,ok
qwen,3,3,case_045,C09,exclude,ok
qwen,3,3,case_045,C10,exclude,ok
qwen,3,3,case_046,C01,include,ok
qwen,3,3,case_046,C02,exclude,ok
qwen,3,3,case_046,C03,exclude,ok
qwen,3,3,case_046,C04,exclude,ok
qwen,3,3,case_046,C05,include,ok
qwen,3,3,case_046,C06,include,ok
qwen,3,3,case_046,C07,exclude,ok
qwen,3,3,case_046,C08,exclude,ok
qwen,3,3,case_046,C09,include,ok
qwen,3,3,case_046,C10,include,ok
qwen,3,3,case_047,C01,include,ok
qwen,3,3,case_047,C02,exclude,ok
qwen,3,3,case_047,C03,exclude,ok
qwen,3,3,case_047,C04,exclude,ok
qwen,3,3,case_047,C05,exclude,ok
qwen,3,3,case_047,C06,include,ok
qwen,3,3,case_047,C07,include,ok
qwen,3,3,case_047,C08,include,ok
qwen,3,3,case_047,C09,exclude,ok
qwen,3,3,case_047,C10,exclude,ok
qwen,3,3,case_048,C01,exclude,ok
qwen,3,3,case_048,C02,include,ok
qwen,3,3,case_048,C03,exclude,ok
qwen,3,3,case_048,C04,include,ok
qwen,3,3,case_048,C05,include,ok
qwen,3,3,case_048,C06,include,ok
qwen,3,3,case_048,C07,exclude,ok
qwen,3,3,case_048,C08,include,ok
qwen,3,3,case_048,C09,include,ok
qwen,3,3,case_048,C10,include,ok
qwen,3,3,case_049,C01,exclude,ok
qwen,3,3,case_049,C02,exclude,ok
qwen,3,3,case_049,C03,exclude,ok
qwen,3,3,case_049,C04,include,ok
qwen,3,3,case_049,C05,exclude,ok
qwen,3,3,case_049,C06,exclude,ok
qwen,3,3,case_049,C07,include,ok
qwen,3,3,case_049,C08,exclude,ok
qwen,3,3,case_049,C09,include,ok
qwen,3,3,case_049,C10,exclude,ok
qwen,3,3,case_050,C01,include,ok
qwen,3,3,case_050,C02,exclude,ok
qwen,3,3,case_050,C03,exclude,ok
qwen,3,3,case_050,C04,exclude,ok
qwen,3,3,case_050,C05,exclude,ok
qwen,3,3,case_050,C06,exclude,ok
qwen,3,3,case_050,C07,exclude,ok
qwen,3,3,case_050,C08,exclude,ok
qwen,3,3,case_050,C09,exclude,ok
qwen,3,3,case_050,C10,exclude,ok
qwen,3,3,case_051,C01,exclude,ok
qwen,3,3,case_051,C02,include,ok
qwen,3,3,case_051,C03,exclude,ok
qwen,3,3,case_051,C04,exclude,ok
qwen,3,3,case_051,C05,include,ok
qwen,3,3,case_051,C06,exclude,ok
qwen,3,3,case_051,C07,exclude,ok
qwen,3,3,case_051,C08,exclude,ok
qwen,3,3,case_051,C09,exclude,ok
qwen,3,3,case_051,C10,exclude,ok
qwen,3,3,case_052,C01,exclude,ok
qwen,3,3,case_052,C02,exclude,ok
qwen,3,3,case_052,C03,exclude,ok
qwen,3,3,case_052,C04,exclude,ok
qwen,3,3,case_052,C05,exclude,ok
qwen,3,3,case_052,C06,exclude,ok
qwen,3,3,case_052,C07,exclude,ok
qwen,3,3,case_052,C08,exclude,ok
qwen,3,3,case_052,C09,exclude,ok
qwen,3,3,case_052,C10,exclude,ok
qwen,3,3,case_053,C01,exclude,ok
qwen,3,3,case_053,C02,include,ok
qwen,3,3,case_053,C03,exclude,ok
qwen,3,3,case_053,C04,exclude,ok
qwen,3,3,case_053,C05,exclude,ok
qwen,3,3,case_053,C06,include,ok
qwen,3,3,case_053,C07,exclude,ok
qwen,3,3,case_053,C08,include,ok
qwen,3,3,case_053,C09,exclude,ok
qwen,3,3,case_053,C10,exclude,ok
qwen,3,3,case_054,C01,exclude,ok
qwen,3,3,case_054,C02,exclude,ok
qwen,3,3,case_054,C03,exclude,ok
qwen,3,3,case_054,C04,exclude,ok
qwen,3,3,case_054,C05,include,ok
qwen,3,3,case_054,C06,exclude,ok
qwen,3,3,case_054,C07,exclude,ok
qwen,3,3,case_054,C08,exclude,ok
qwen,3,3,case_054,C09,exclude,ok
qwen,3,3,case_054,C10,exclude,ok
qwen,3,3,case_055,C01,exclude,ok
qwen,3,3,case_055,C02,exclude,ok
qwen,3,3,case_055,C03,exclude,ok
qwen,3,3,case_055,C04,exclude,ok
qwen,3,3,case_055,C05,exclude,ok
qwen,3,3,case_055,C06,exclude,ok
qwen,3,3,case_055,C07,exclude,ok
qwen,3,3,case_055,C08,exclude,ok
qwen,3,3,case_055,C09,exclude,ok
qwen,3,3,case_055,C10,exclude,ok
qwen,3,3,case_056,C01,exclude,ok
qwen,3,3,case_056,C02,exclude,ok
qwen,3,3,case_056,C03,exclude,ok
qwen,3,3,case_056,C04,exclude,ok
qwen,3,3,case_056,C05,exclude,ok
qwen,3,3,case_056,C06,exclude,ok
qwen,3,3,case_056,C07,exclude,ok
qwen,3,3,case_056,C08,exclude,ok
qwen,3,3,case_056,C09,exclude,ok
qwen,3,3,case_056,C10,exclude,ok
qwen,3,3,case_057,C01,exclude,ok
qwen,3,3,case_057,C02,exclude,ok
qwen,3,3,case_057,C03,include,ok
qwen,3,3,case_057,C04,include,ok
qwen,3,3,case_057,C05,exclude,ok
qwen,3,3,case_057,C06,include,ok
qwen,3,3,case_057,C07,include,ok
qwen,3,3,case_057,C08,exclude,ok
qwen,3,3,case_057,C09,exclude,ok
qwen,3,3,case_057,C10,exclude,ok
qwen,3,3,case_058,C01,include,ok
qwen,3,3,case_058,C02,exclude,ok
qwen,3,3,case_058,C03,exclude,ok
qwen,3,3,case_058,C04,include,ok
qwen,3,3,case_058,C05,exclude,ok
qwen,3,3,case_058,C06,exclude,ok
qwen,3,3,case_058,C07,include,ok
qwen,3,3,case_058,C08,exclude,ok
qwen,3,3,case_058,C09,exclude,ok
qwen,3,3,case_058,C10,include,ok
qwen,3,3,case_059,C01,exclude,ok
qwen,3,3,case_059,C02,include,ok
qwen,3,3,case_059,C03,exclude,ok
qwen,3,3,case_059,C04,include,ok
qwen,3,3,case_059,C05,exclude,ok
qwen,3,3,case_059,C06,include,ok
qwen,3,3,case_059,C07,exclude,ok
qwen,3,3,case_059,C08,include,ok
qwen,3,3,case_059,C09,exclude,ok
qwen,3,3,case_059,C10,exclude,ok
qwen,3,3,case_060,C01,include,ok
qwen,3,3,case_060,C02,include,ok
qwen,3,3,case_060,C03,exclude,ok
qwen,3,3,case_060,C04,exclude,ok
qwen,3,3,case_060,C05,exclude,ok
qwen,3,3,case_060,C06,exclude,ok
qwen,3,3,case_060,C07,exclude,ok
qwen,3,3,case_060,C08,exclude,ok
qwen,3,3,case_060,C09,exclude,ok
qwen,3,3,case_060,C10,exclude,ok
qwen,3,3,case_061,C01,exclude,ok
qwen,3,3,case_061,C02,exclude,ok
qwen,3,3,case_061,C03,exclude,ok
qwen,3,3,case_061,C04,exclude,ok
qwen,3,3,case_061,C05,exclude,ok
qwen,3,3,case_061,C06,exclude,ok
qwen,3,3,case_061,C07,exclude,ok
qwen,3,3,case_061,C08,exclude,ok
qwen,3,3,case_061,C09,exclude,ok
qwen,3,3,case_061,C10,exclude,ok
qwen,3,3,case_062,C01,exclude,ok
qwen,3,3,case_062,C02,exclude,ok
qwen,3,3,case_062,C03,exclude,ok
qwen,3,3,case_062,C04,exclude,ok
qwen,3,3,case_062,C05,exclude,ok
qwen,3,3,case_062,C06,exclude,ok
qwen,3,3,case_062,C07,exclude,ok
qwen,3,3,case_062,C08,exclude,ok
qwen,3,3,case_062,C09,exclude,ok
qwen,3,3,case_062,C10,exclude,ok
qwen,3,3,case_063,C01,exclude,ok
qwen,3,3,case_063,C02,exclude,ok
qwen,3,3,case_063,C03,exclude,ok
qwen,3,3,case_063,C04,exclude,ok
qwen,3,3,case_063,C05,include,ok
qwen,3,3,case_063,C06,exclude,ok
qwen,3,3,case_063,C07,exclude,ok
qwen,3,3,case_063,C08,exclude,ok
qwen,3,3,case_063,C09,exclude,ok
qwen,3,3,case_063,C10,exclude,ok
qwen,3,3,case_064,C01,exclude,ok
qwen,3,3,case_064,C02,exclude,ok
qwen,3,3,case_064,C03,exclude,ok
qwen,3,3,case_064,C04,exclude,ok
qwen,3,3,case_064,C05,exclude,ok
qwen,3,3,case_064,C06,exclude,ok
qwen,3,3,case_064,C07,exclude,ok
qwen,3,3,case_064,C08,exclude,ok
qwen,3,3,case_064,C09,exclude,ok
qwen,3,3,case_064,C10,exclude,ok
qwen,3,3,case_065,C01,exclude,ok
qwen,3,3,case_065,C02,exclude,ok
qwen,3,3,case_065,C03,exclude,ok
qwen,3,3,case_065,C04,include,ok
qwen,3,3,case_065,C05,exclude,ok
qwen,3,3,case_065,C06,exclude,ok
qwen,3,3,case_065,C07,exclude,ok
qwen,3,3,case_065,C08,exclude,ok
qwen,3,3,case_065,C09,include,ok
qwen,3,3,case_065,C10,exclude,ok
qwen,3,3,case_066,C01,exclude,ok
qwen,3,3,case_066,C02,exclude,ok
qwen,3,3,case_066,C03,exclude,ok
qwen,3,3,case_066,C04,exclude,ok
qwen,3,3,case_066,C05,exclude,ok
qwen,3,3,case_066,C06,exclude,ok
qwen,3,3,case_066,C07,exclude,ok
qwen,3,3,case_066,C08,exclude,ok
qwen,3,3,case_066,C09,exclude,ok
qwen,3,3,case_066,C10,exclude,ok
qwen,3,3,case_067,C01,exclude,ok
qwen,3,3,case_067,C02,include,ok
qwen,3,3,case_067,C03,include,ok
qwen,3,3,case_067,C04,exclude,ok
qwen,3,3,case_067,C05,exclude,ok
qwen,3,3,case_067,C06,exclude,ok
qwen,3,3,case_067,C07,include,ok
qwen,3,3,case_067,C08,include,ok
qwen,3,3,case_067,C09,include,ok
qwen,3,3,case_067,C10,exclude,ok
qwen,3,3,case_068,C01,include,ok
qwen,3,3,case_068,C02,exclude,ok
qwen,3,3,case_068,C03,exclude,ok
qwen,3,3,case_068,C04,exclude,ok
qwen,3,3,case_068,C05,exclude,ok
qwen,3,3,case_068,C06,exclude,ok
qwen,3,3,case_068,C07,exclude,ok
qwen,3,3,case_068,C08,exclude,ok
qwen,3,3,case_068,C09,exclude,ok
qwen,3,3,case_068,C10,exclude,ok
qwen,3,3,case_069,C01,include,ok
qwen,3,3,case_069,C02,include,ok
qwen,3,3,case_069,C03,exclude,ok
qwen,3,3,case_069,C04,include,ok
qwen,3,3,case_069,C05,exclude,ok
qwen,3,3,case_069,C06,include,ok
qwen,3,3,case_069,C07,exclude,ok
qwen,3,3,case_069,C08,exclude,ok
qwen,3,3,case_069,C09,exclude,ok
qwen,3,3,case_069,C10,exclude,ok
qwen,3,3,case_070,C01,include,ok
qwen,3,3,case_070,C02,exclude,ok
qwen,3,3,case_070,C03,exclude,ok
qwen,3,3,case_070,C04,exclude,ok
qwen,3,3,case_070,C05,include,ok
qwen,3,3,case_070,C06,include,ok
qwen,3,3,case_070,C07,exclude,ok
qwen,3,3,case_070,C08,exclude,ok
qwen,3,3,case_070,C09,exclude,ok
qwen,3,3,case_070,C10,exclude,ok
qwen,3,3,case_071,C01,exclude,ok
qwen,3,3,case_071,C02,exclude,ok
qwen,3,3,case_071,C03,exclude,ok
qwen,3,3,case_071,C04,exclude,ok
qwen,3,3,case_071,C05,exclude,ok
qwen,3,3,case_071,C06,exclude,ok
qwen,3,3,case_071,C07,exclude,ok
qwen,3,3,case_071,C08,exclude,ok
qwen,3,3,case_071,C09,exclude,ok
qwen,3,3,case_071,C10,exclude,ok
qwen,3,3,case_072,C01,exclude,ok
qwen,3,3,case_072,C02,exclude,ok
qwen,3,3,case_072,C03,include,ok
qwen,3,3,case_072,C04,include,ok
qwen,3,3,case_072,C05,exclude,ok
qwen,3,3,case_072,C06,include,ok
qwen,3,3,case_072,C07,exclude,ok
qwen,3,3,case_072,C08,include,ok
qwen,3,3,case_072,C09,exclude,ok
qwen,3,3,case_072,C10,exclude,ok
qwen,3,3,case_073,C01,exclude,ok
qwen,3,3,case_073,C02,include,ok
qwen,3,3,case_073,C03,include,ok
qwen,3,3,case_073,C04,include,ok
qwen,3,3,case_073,C05,include,ok
qwen,3,3,case_073,C06,exclude,ok
qwen,3,3,case_073,C07,include,ok
qwen,3,3,case_073,C08,exclude,ok
qwen,3,3,case_073,C09,exclude,ok
qwen,3,3,case_073,C10,include,ok
qwen,3,3,case_074,C01,include,ok
qwen,3,3,case_074,C02,include,ok
qwen,3,3,case_074,C03,include,ok
qwen,3,3,case_074,C04,include,ok
qwen,3,3,case_074,C05,exclude,ok
qwen,3,3,case_074,C06,exclude,ok
qwen,3,3,case_074,C07,exclude,ok
qwen,3,3,case_074,C08,exclude,ok
qwen,3,3,case_074,C09,exclude,ok
qwen,3,3,case_074,C10,exclude,ok
qwen,3,3,case_075,C01,exclude,ok
qwen,3,3,case_075,C02,exclude,ok
qwen,3,3,case_075,C03,exclude,ok
qwen,3,3,case_075,C04,exclude,ok
qwen,3,3,case_075,C05,exclude,ok
qwen,3,3,case_075,C06,exclude,ok
qwen,3,3,case_075,C07,exclude,ok
qwen,3,3,case_075,C08,exclude,ok
qwen,3,3,case_075,C09,exclude,ok
qwen,3,3,case_075,C10,exclude,ok
qwen,3,3,case_076,C01,exclude,ok
qwen,3,3,case_076,C02,exclude,ok
qwen,3,3,case_076,C03,exclude,ok
qwen,3,3,case_076,C04,exclude,ok
qwen,3,3,case_076,C05,exclude,ok
qwen,3,3,case_076,C06,exclude,ok
qwen,3,3,case_076,C07,exclude,ok
qwen,3,3,case_076,C08,exclude,ok
qwen,3,3,case_076,C09,exclude,ok
qwen,3,3,case_076,C10,exclude,ok
qwen,3,3,case_077,C01,exclude,ok
qwen,3,3,case_077,C02,include,ok
qwen,3,3,case_077,C03,exclude,ok
qwen,3,3,case_077,C04,exclude,ok
qwen,3,3,case_077,C05,exclude,ok
qwen,3,3,case_077,C06,include,ok
qwen,3,3,case_077,C07,exclude,ok
qwen,3,3,case_077,C08,exclude,ok
qwen,3,3,case_077,C09,include,ok
qwen,3,3,case_077,C10,include,ok
qwen,3,3,case_078,C01,exclude,ok
qwen,3,3,case_078,C02,exclude,ok
qwen,3,3,case_078,C03,exclude,ok
qwen,3,3,case_078,C04,exclude,ok
qwen,3,3,case_078,C05,exclude,ok
qwen,3,3,case_078,C06,exclude,ok
qwen,3,3,case_078,C07,exclude,ok
qwen,3,3,case_078,C08,exclude,ok
qwen,3,3,case_078,C09,exclude,ok
qwen,3,3,case_078,C10,exclude,ok
qwen,3,3,case_079,C01,exclude,ok
qwen,3,3,case_079,C02,exclude,ok
qwen,3,3,case_079,C03,exclude,ok
qwen,3,3,case_079,C04,exclude,ok
qwen,3,3,case_079,C05,exclude,ok
qwen,3,3,case_079,C06,include,ok
qwen,3,3,case_079,C07,exclude,ok
qwen,3,3,case_079,C08,exclude,ok
qwen,3,3,case_079,C09,include,ok
qwen,3,3,case_079,C10,exclude,ok
qwen,3,3,case_080,C01,include,ok
qwen,3,3,case_080,C02,exclude,ok
qwen,3,3,case_080,C03,exclude,ok
qwen,3,3,case_080,C04,exclude,ok
qwen,3,3,case_080,C05,exclude,ok
qwen,3,3,case_080,C06,exclude,ok
qwen,3,3,case_080,C07,exclude,ok
qwen,3,3,case_080,C08,exclude,ok
qwen,3,3,case_080,C09,exclude,ok
qwen,3,3,case_080,C10,exclude,ok
qwen,3,3,case_081,C01,exclude,ok
qwen,3,3,case_081,C02,include,ok
qwen,3,3,case_081,C03,exclude,ok
qwen,3,3,case_081,C04,exclude,ok
qwen,3,3,case_081,C05,exclude,ok
qwen,3,3,case_081,C06,include,ok
qwen,3,3,case_081,C07,exclude,ok
qwen,3,3,case_081,C08,exclude,ok
qwen,3,3,case_081,C09,exclude,ok
qwen,3,3,case_081,C10,exclude,ok
qwen,3,3,case_082,C01,include,ok
qwen,3,3,case_082,C02,include,ok
qwen,3,3,case_082,C03,include,ok
qwen,3,3,case_082,C04,include,ok
qwen,3,3,case_082,C05,exclude,ok
qwen,3,3,case_082,C06,include,ok
qwen,3,3,case_082,C07,exclude,ok
qwen,3,3,case_082,C08,exclude,ok
qwen,3,3,case_082,C09,include,ok
qwen,3,3,case_082,C10,include,ok
qwen,3,3,case_083,C01,exclude,ok
qwen,3,3,case_083,C02,exclude,ok
qwen,3,3,case_083,C03,exclude,ok
qwen,3,3,case_083,C04,exclude,ok
qwen,3,3,case_083,C05,exclude,ok
qwen,3,3,case_083,C06,exclude,ok
qwen,3,3,case_083,C07,exclude,ok
qwen,3,3,case_083,C08,exclude,ok
qwen,3,3,case_083,C09,exclude,ok
qwen,3,3,case_083,C10,exclude,ok
qwen,3,3,case_084,C01,exclude,ok
qwen,3,3,case_084,C02,exclude,ok
qwen,3,3,case_084,C03,include,ok
qwen,3,3,case_084,C04,exclude,ok
qwen,3,3,case_084,C05,exclude,ok
qwen,3,3,case_084,C06,exclude,ok
qwen,3,3,case_084,C07,exclude,ok
qwen,3,3,case_084,C08,exclude,ok
qwen,3,3,case_084,C09,exclude,ok
qwen,3,3,case_084,C10,exclude,ok
qwen,3,3,case_085,C01,exclude,ok
qwen,3,3,case_085,C02,exclude,ok
qwen,3,3,case_085,C03,exclude,ok
qwen,3,3,case_085,C04,exclude,ok
qwen,3,3,case_085,C05,exclude,ok
qwen,3,3,case_085,C06,exclude,ok
qwen,3,3,case_085,C07,exclude,ok
qwen,3,3,case_085,C08,exclude,ok
qwen,3,3,case_085,C09,exclude,ok
qwen,3,3,case_085,C10,exclude,ok
qwen,3,3,case_086,C01,exclude,ok
qwen,3,3,case_086,C02,exclude,ok
qwen,3,3,case_086,C03,exclude,ok
qwen,3,3,case_086,C04,exclude,ok
qwen,3,3,case_086,C05,include,ok
qwen,3,3,case_086,C06,exclude,ok
qwen,3,3,case_086,C07,exclude,ok
qwen,3,3,case_086,C08,exclude,ok
qwen,3,3,case_086,C09,exclude,ok
qwen,3,3,case_086,C10,exclude,ok
qwen,3,3,case_087,C01,include,ok
qwen,3,3,case_087,C02,include,ok
qwen,3,3,case_087,C03,exclude,ok
qwen,3,3,case_087,C04,exclude,ok
qwen,3,3,case_087,C05,include,ok
qwen,3,3,case_087,C06,include,ok
qwen,3,3,case_087,C07,include,ok
qwen,3,3,case_087,C08,exclude,ok
qwen,3,3,case_087,C09,include,ok
qwen,3,3,case_087,C10,exclude,ok
qwen,3,3,case_088,C01,exclude,ok
qwen,3,3,case_088,C02,exclude,ok
qwen,3,3,case_088,C03,include,ok
qwen,3,3,case_088,C04,exclude,ok
qwen,3,3,case_088,C05,exclude,ok
qwen,3,3,case_088,C06,exclude,ok
qwen,3,3,case_088,C07,exclude,ok
qwen,3,3,case_088,C08,exclude,ok
qwen,3,3,case_088,C09,exclude,ok
qwen,3,3,case_088,C10,exclude,ok
qwen,3,3,case_089,C01,include,ok
qwen,3,3,case_089,C02,exclude,ok
qwen,3,3,case_089,C03,include,ok
qwen,3,3,case_089,C04,exclude,ok
qwen,3,3,case_089,C05,include,ok
qwen,3,3,case_089,C06,exclude,ok
qwen,3,3,case_089,C07,include,ok
qwen,3,3,case_089,C08,include,ok
qwen,3,3,case_089,C09,include,ok
qwen,3,3,case_089,C10,exclude,ok
qwen,3,3,case_090,C01,include,ok
qwen,3,3,case_090,C02,include,ok
qwen,3,3,case_090,C03,exclude,ok
qwen,3,3,case_090,C04,exclude,ok
qwen,3,3,case_090,C05,exclude,ok
qwen,3,3,case_090,C06,include,ok
qwen,3,3,case_090,C07,include,ok
qwen,3,3,case_090,C08,exclude,ok
qwen,3,3,case_090,C09,exclude,ok
qwen,3,3,case_090,C10,exclude,ok
qwen,3,3,case_091,C01,exclude,ok
qwen,3,3,case_091,C02,exclude,ok
qwen,3,3,case_091,C03,exclude,ok
qwen,3,3,case_091,C04,exclude,ok
qwen,3,3,case_091,C05,exclude,ok
qwen,3,3,case_091,C06,exclude,ok
qwen,3,3,case_091,C07,exclude,ok
qwen,3,3,case_091,C08,exclude,ok
qwen,3,3,case_091,C09,exclude,ok
qwen,3,3,case_091,C10,exclude,ok
qwen,3,3,case_092,C01,exclude,ok
qwen,3,3,case_092,C02,exclude,ok
qwen,3,3,case_092,C03,exclude,ok
qwen,3,3,case_092,C04,exclude,ok
qwen,3,3,case_092,C05,exclude,ok
qwen,3,3,case_092,C06,exclude,ok
qwen,3,3,case_092,C07,exclude,ok
qwen,3,3,case_092,C08,exclude,ok
qwen,3,3,case_092,C09,exclude,ok
qwen,3,3,case_092,C10,exclude,ok
qwen,3,3,case_093,C01,exclude,ok
qwen,3,3,case_093,C02,exclude,ok
qwen,3,3,case_093,C03,include,ok
qwen,3,3,case_093,C04,include,ok
qwen,3,3,case_093,C05,include,ok
qwen,3,3,case_093,C06,exclude,ok
qwen,3,3,case_093,C07,exclude,ok
qwen,3,3,case_093,C08,exclude,ok
qwen,3,3,case_093,C09,exclude,ok
qwen,3,3,case_093,C10,exclude,ok
qwen,3,3,case_094,C01,include,ok
qwen,3,3,case_094,C02,exclude,ok
qwen,3,3,case_094,C03,include,ok
qwen,3,3,case_094,C04,exclude,ok
qwen,3,3,case_094,C05,exclude,ok
qwen,3,3,case_094,C06,include,ok
qwen,3,3,case_094,C07,exclude,ok
qwen,3,3,case_094,C08,exclude,ok
qwen,3,3,case_094,C09,exclude,ok
qwen,3,3,case_094,C10,exclude,ok
qwen,3,3,case_095,C01,exclude,ok
qwen,3,3,case_095,C02,exclude,ok
qwen,3,3,case_095,C03,exclude,ok
qwen,3,3,case_095,C04,exclude,ok
qwen,3,3,case_095,C05,exclude,ok
qwen,3,3,case_095,C06,exclude,ok
qwen,3,3,case_095,C07,exclude,ok
qwen,3,3,case_095,C08,exclude,ok
qwen,3,3,case_095,C09,exclude,ok
qwen,3,3,case_095,C10,exclude,ok
qwen,3,3,case_096,C01,include,ok
qwen,3,3,case_096,C02,exclude,ok
qwen,3,3,case_096,C03,exclude,ok
qwen,3,3,case_096,C04,exclude,ok
qwen,3,3,case_096,C05,exclude,ok
qwen,3,3,case_096,C06,include,ok
qwen,3,3,case_096,C07,include,ok
qwen,3,3,case_096,C08,include,ok
qwen,3,3,case_096,C09,include,ok
qwen,3,3,case_096,C10,exclude,ok
qwen,3,3,case_097,C01,exclude,ok
qwen,3,3,case_097,C02,exclude,ok
qwen,3,3,case_097,C03,exclude,ok
qwen,3,3,case_097,C04,exclude,ok
qwen,3,3,case_097,C05,exclude,ok
qwen,3,3,case_097,C06,exclude,ok
qwen,3,3,case_097,C07,exclude,ok
qwen,3,3,case_097,C08,exclude,ok
qwen,3,3,case_097,C09,exclude,ok
qwen,3,3,case_097,C10,exclude,ok
qwen,3,3,case_098,C01,include,ok
qwen,3,3,case_098,C02,include,ok
qwen,3,3,case_098,C03,exclude,ok
qwen,3,3,case_098,C04,include,ok
qwen,3,3,case_098,C05,include,ok
qwen,3,3,case_098,C06,exclude,ok
qwen,3,3,case_098,C07,exclude,ok
qwen,3,3,case_098,C08,exclude,ok
qwen,3,3,case_098,C09,exclude,ok
qwen,3,3,case_098,C10,include,ok
qwen,3,3,case_099,C01,include,ok
qwen,3,3,case_099,C02,include,ok
qwen,3,3,case_099,C03,include,ok
qwen,3,3,case_099,C04,exclude,ok
qwen,3,3,case_099,C05,exclude,ok
qwen,3,3,case_099,C06,include,ok
qwen,3,3,case_099,C07,include,ok
qwen,3,3,case_099,C08,include,ok
qwen,3,3,case_099,C09,exclude,ok
qwen,3,3,case_099,C10,include,ok
qwen,3,3,case_100,C01,exclude,ok
qwen,3,3,case_100,C02,exclude,ok
qwen,3,3,case_100,C03,exclude,ok
qwen,3,3,case_100,C04,exclude,ok
qwen,3,3,case_100,C05,exclude,ok
qwen,3,3,case_100,C06,exclude,ok
qwen,3,3,case_100,C07,include,ok
qwen,3,3,case_100,C08,exclude,ok
qwen,3,3,case_100,C09,exclude,ok
qwen,3,3,case_100,C10,exclude,ok
